Kode Provinsi,Provinsi,Kode Kab/Kota,Kabupaten/Kota,Jenis Wilayah,Kode Kecamatan,Kecamatan
1100000,Aceh,1101000,Simeulue,Kabupaten,1101010,Teupah Selatan
1100000,Aceh,1101000,Simeulue,Kabupaten,1101020,Simeulue Timur
1100000,Aceh,1101000,Simeulue,Kabupaten,1101021,Teupah Barat
1100000,Aceh,1101000,Simeulue,Kabupaten,1101022,Teupah Tengah
1100000,Aceh,1101000,Simeulue,Kabupaten,1101030,Simeulue Tengah
1100000,Aceh,1101000,Simeulue,Kabupaten,1101031,Teluk Dalam
1100000,Aceh,1101000,Simeulue,Kabupaten,1101032,Simeulue Cut
1100000,Aceh,1101000,Simeulue,Kabupaten,1101040,Salang
1100000,Aceh,1101000,Simeulue,Kabupaten,1101050,Simeulue Barat
1100000,Aceh,1101000,Simeulue,Kabupaten,1101051,Alafan
1100000,Aceh,1102000,Aceh Singkil,Kabupaten,1102010,Pulau Banyak
1100000,Aceh,1102000,Aceh Singkil,Kabupaten,1102011,Pulau Banyak Barat
1100000,Aceh,1102000,Aceh Singkil,Kabupaten,1102020,Singkil
1100000,Aceh,1102000,Aceh Singkil,Kabupaten,1102021,Singkil Utara
1100000,Aceh,1102000,Aceh Singkil,Kabupaten,1102022,Kuala Baru
1100000,Aceh,1102000,Aceh Singkil,Kabupaten,1102030,Simpang Kanan
1100000,Aceh,1102000,Aceh Singkil,Kabupaten,1102031,Gunung Meriah
1100000,Aceh,1102000,Aceh Singkil,Kabupaten,1102032,Danau Paris
1100000,Aceh,1102000,Aceh Singkil,Kabupaten,1102033,Suro
1100000,Aceh,1102000,Aceh Singkil,Kabupaten,1102042,Singkohor
1100000,Aceh,1102000,Aceh Singkil,Kabupaten,1102043,Kota Baharu
1100000,Aceh,1103000,Aceh Selatan,Kabupaten,1103010,Trumon
1100000,Aceh,1103000,Aceh Selatan,Kabupaten,1103011,Trumon Timur
1100000,Aceh,1103000,Aceh Selatan,Kabupaten,1103012,Trumon Tengah
1100000,Aceh,1103000,Aceh Selatan,Kabupaten,1103020,Bakongan
1100000,Aceh,1103000,Aceh Selatan,Kabupaten,1103021,Bakongan Timur
1100000,Aceh,1103000,Aceh Selatan,Kabupaten,1103022,Kota Bahagia
1100000,Aceh,1103000,Aceh Selatan,Kabupaten,1103030,Kluet Selatan
1100000,Aceh,1103000,Aceh Selatan,Kabupaten,1103031,Kluet Timur
1100000,Aceh,1103000,Aceh Selatan,Kabupaten,1103040,Kluet Utara
1100000,Aceh,1103000,Aceh Selatan,Kabupaten,1103041,Pasie Raja
1100000,Aceh,1103000,Aceh Selatan,Kabupaten,1103042,Kluet Tengah
1100000,Aceh,1103000,Aceh Selatan,Kabupaten,1103050,Tapak Tuan
1100000,Aceh,1103000,Aceh Selatan,Kabupaten,1103060,Sama Dua
1100000,Aceh,1103000,Aceh Selatan,Kabupaten,1103070,Sawang
1100000,Aceh,1103000,Aceh Selatan,Kabupaten,1103080,Meukek
1100000,Aceh,1103000,Aceh Selatan,Kabupaten,1103090,Labuhan Haji
1100000,Aceh,1103000,Aceh Selatan,Kabupaten,1103091,Labuhan Haji Timur
1100000,Aceh,1103000,Aceh Selatan,Kabupaten,1103092,Labuhan Haji Barat
1100000,Aceh,1104000,Aceh Tenggara,Kabupaten,1104010,Lawe Alas
1100000,Aceh,1104000,Aceh Tenggara,Kabupaten,1104011,Babul Rahmah
1100000,Aceh,1104000,Aceh Tenggara,Kabupaten,1104012,Tanoh Alas
1100000,Aceh,1104000,Aceh Tenggara,Kabupaten,1104020,Lawe Sigala-gala
1100000,Aceh,1104000,Aceh Tenggara,Kabupaten,1104021,Babul Makmur
1100000,Aceh,1104000,Aceh Tenggara,Kabupaten,1104022,Semadam
1100000,Aceh,1104000,Aceh Tenggara,Kabupaten,1104023,Leuser
1100000,Aceh,1104000,Aceh Tenggara,Kabupaten,1104030,Bambel
1100000,Aceh,1104000,Aceh Tenggara,Kabupaten,1104031,Bukit Tusam
1100000,Aceh,1104000,Aceh Tenggara,Kabupaten,1104032,Lawe Sumur
1100000,Aceh,1104000,Aceh Tenggara,Kabupaten,1104040,Babussalam
1100000,Aceh,1104000,Aceh Tenggara,Kabupaten,1104041,Lawe Bulan
1100000,Aceh,1104000,Aceh Tenggara,Kabupaten,1104050,Badar
1100000,Aceh,1104000,Aceh Tenggara,Kabupaten,1104051,Darul Hasanah
1100000,Aceh,1104000,Aceh Tenggara,Kabupaten,1104052,Ketambe
1100000,Aceh,1104000,Aceh Tenggara,Kabupaten,1104053,Deleng Pokhkisen
1100000,Aceh,1105000,Aceh Timur,Kabupaten,1105080,Serba Jadi
1100000,Aceh,1105000,Aceh Timur,Kabupaten,1105081,Simpang Jernih
1100000,Aceh,1105000,Aceh Timur,Kabupaten,1105082,Peunaron
1100000,Aceh,1105000,Aceh Timur,Kabupaten,1105090,Birem Bayeun
1100000,Aceh,1105000,Aceh Timur,Kabupaten,1105100,Rantau Selamat
1100000,Aceh,1105000,Aceh Timur,Kabupaten,1105101,Sungai Raya
1100000,Aceh,1105000,Aceh Timur,Kabupaten,1105110,Peureulak
1100000,Aceh,1105000,Aceh Timur,Kabupaten,1105111,Peureulak Timur
1100000,Aceh,1105000,Aceh Timur,Kabupaten,1105112,Peureulak Barat
1100000,Aceh,1105000,Aceh Timur,Kabupaten,1105120,Ranto Peureulak
1100000,Aceh,1105000,Aceh Timur,Kabupaten,1105130,Idi Rayeuk
1100000,Aceh,1105000,Aceh Timur,Kabupaten,1105131,Peudawa
1100000,Aceh,1105000,Aceh Timur,Kabupaten,1105132,Banda Alam
1100000,Aceh,1105000,Aceh Timur,Kabupaten,1105133,Idi Tunong
1100000,Aceh,1105000,Aceh Timur,Kabupaten,1105134,Darul Ihsan
1100000,Aceh,1105000,Aceh Timur,Kabupaten,1105135,Idi Timur
1100000,Aceh,1105000,Aceh Timur,Kabupaten,1105140,Darul Aman
1100000,Aceh,1105000,Aceh Timur,Kabupaten,1105150,Nurussalam
1100000,Aceh,1105000,Aceh Timur,Kabupaten,1105151,Darul Falah
1100000,Aceh,1105000,Aceh Timur,Kabupaten,1105160,Julok
1100000,Aceh,1105000,Aceh Timur,Kabupaten,1105161,Indra Makmur
1100000,Aceh,1105000,Aceh Timur,Kabupaten,1105170,Pante Bidari
1100000,Aceh,1105000,Aceh Timur,Kabupaten,1105180,Simpang Ulim
1100000,Aceh,1105000,Aceh Timur,Kabupaten,1105181,Madat
1100000,Aceh,1106000,Aceh Tengah,Kabupaten,1106010,Linge
1100000,Aceh,1106000,Aceh Tengah,Kabupaten,1106011,Atu Lintang
1100000,Aceh,1106000,Aceh Tengah,Kabupaten,1106012,Jagong Jeget
1100000,Aceh,1106000,Aceh Tengah,Kabupaten,1106020,Bintang
1100000,Aceh,1106000,Aceh Tengah,Kabupaten,1106031,Lut Tawar
1100000,Aceh,1106000,Aceh Tengah,Kabupaten,1106032,Kebayakan
1100000,Aceh,1106000,Aceh Tengah,Kabupaten,1106040,Pegasing
1100000,Aceh,1106000,Aceh Tengah,Kabupaten,1106041,Bies
1100000,Aceh,1106000,Aceh Tengah,Kabupaten,1106050,Bebesen
1100000,Aceh,1106000,Aceh Tengah,Kabupaten,1106051,Kute Panang
1100000,Aceh,1106000,Aceh Tengah,Kabupaten,1106060,Silih Nara
1100000,Aceh,1106000,Aceh Tengah,Kabupaten,1106061,Ketol
1100000,Aceh,1106000,Aceh Tengah,Kabupaten,1106062,Celala
1100000,Aceh,1106000,Aceh Tengah,Kabupaten,1106063,Rusip Antara
1100000,Aceh,1107000,Aceh Barat,Kabupaten,1107050,Johan Pahlawan
1100000,Aceh,1107000,Aceh Barat,Kabupaten,1107060,Samatiga
1100000,Aceh,1107000,Aceh Barat,Kabupaten,1107061,Bubon
1100000,Aceh,1107000,Aceh Barat,Kabupaten,1107062,Arongan Lambalek
1100000,Aceh,1107000,Aceh Barat,Kabupaten,1107070,Woyla
1100000,Aceh,1107000,Aceh Barat,Kabupaten,1107071,Woyla Barat
1100000,Aceh,1107000,Aceh Barat,Kabupaten,1107072,Woyla Timur
1100000,Aceh,1107000,Aceh Barat,Kabupaten,1107080,Kaway XVI
1100000,Aceh,1107000,Aceh Barat,Kabupaten,1107081,Meureubo
1100000,Aceh,1107000,Aceh Barat,Kabupaten,1107082,Pante Ceureumen
1100000,Aceh,1107000,Aceh Barat,Kabupaten,1107083,Panton Reu
1100000,Aceh,1107000,Aceh Barat,Kabupaten,1107090,Sungai Mas
1100000,Aceh,1108000,Aceh Besar,Kabupaten,1108010,Lhoong
1100000,Aceh,1108000,Aceh Besar,Kabupaten,1108020,Lhoknga
1100000,Aceh,1108000,Aceh Besar,Kabupaten,1108021,Leupung
1100000,Aceh,1108000,Aceh Besar,Kabupaten,1108030,Indrapuri
1100000,Aceh,1108000,Aceh Besar,Kabupaten,1108031,Kuta Cot Glie
1100000,Aceh,1108000,Aceh Besar,Kabupaten,1108040,Seulimeum
1100000,Aceh,1108000,Aceh Besar,Kabupaten,1108041,Kota Jantho
1100000,Aceh,1108000,Aceh Besar,Kabupaten,1108042,Lembah Seulawah
1100000,Aceh,1108000,Aceh Besar,Kabupaten,1108050,Mesjid Raya
1100000,Aceh,1108000,Aceh Besar,Kabupaten,1108060,Darussalam
1100000,Aceh,1108000,Aceh Besar,Kabupaten,1108061,Baitussalam
1100000,Aceh,1108000,Aceh Besar,Kabupaten,1108070,Kuta Baro
1100000,Aceh,1108000,Aceh Besar,Kabupaten,1108080,Montasik
1100000,Aceh,1108000,Aceh Besar,Kabupaten,1108081,Blang Bintang
1100000,Aceh,1108000,Aceh Besar,Kabupaten,1108090,Ingin Jaya
1100000,Aceh,1108000,Aceh Besar,Kabupaten,1108091,Krueng Barona Jaya
1100000,Aceh,1108000,Aceh Besar,Kabupaten,1108100,Suka Makmur
1100000,Aceh,1108000,Aceh Besar,Kabupaten,1108101,Kuta Malaka
1100000,Aceh,1108000,Aceh Besar,Kabupaten,1108102,Simpang Tiga
1100000,Aceh,1108000,Aceh Besar,Kabupaten,1108110,Darul Imarah
1100000,Aceh,1108000,Aceh Besar,Kabupaten,1108111,Darul Kamal
1100000,Aceh,1108000,Aceh Besar,Kabupaten,1108120,Peukan Bada
1100000,Aceh,1108000,Aceh Besar,Kabupaten,1108130,Pulo Aceh
1100000,Aceh,1109000,Pidie,Kabupaten,1109010,Geumpang
1100000,Aceh,1109000,Pidie,Kabupaten,1109011,Mane
1100000,Aceh,1109000,Pidie,Kabupaten,1109070,Glumpang Tiga
1100000,Aceh,1109000,Pidie,Kabupaten,1109071,Glumpang Baro
1100000,Aceh,1109000,Pidie,Kabupaten,1109080,Mutiara
1100000,Aceh,1109000,Pidie,Kabupaten,1109081,Mutiara Timur
1100000,Aceh,1109000,Pidie,Kabupaten,1109090,Tiro/Truseb
1100000,Aceh,1109000,Pidie,Kabupaten,1109100,Tangse
1100000,Aceh,1109000,Pidie,Kabupaten,1109111,Keumala
1100000,Aceh,1109000,Pidie,Kabupaten,1109112,Titeue
1100000,Aceh,1109000,Pidie,Kabupaten,1109120,Sakti
1100000,Aceh,1109000,Pidie,Kabupaten,1109130,Mila
1100000,Aceh,1109000,Pidie,Kabupaten,1109140,Padang Tiji
1100000,Aceh,1109000,Pidie,Kabupaten,1109150,Delima
1100000,Aceh,1109000,Pidie,Kabupaten,1109151,Grong Grong
1100000,Aceh,1109000,Pidie,Kabupaten,1109160,Indrajaya
1100000,Aceh,1109000,Pidie,Kabupaten,1109170,Peukan Baro
1100000,Aceh,1109000,Pidie,Kabupaten,1109180,Kembang Tanjong
1100000,Aceh,1109000,Pidie,Kabupaten,1109190,Simpang Tiga
1100000,Aceh,1109000,Pidie,Kabupaten,1109200,Kota Sigli
1100000,Aceh,1109000,Pidie,Kabupaten,1109210,Pidie
1100000,Aceh,1109000,Pidie,Kabupaten,1109220,Batee
1100000,Aceh,1109000,Pidie,Kabupaten,1109230,Muara Tiga
1100000,Aceh,1110000,Bireuen,Kabupaten,1110010,Samalanga
1100000,Aceh,1110000,Bireuen,Kabupaten,1110011,Simpang Mamplam
1100000,Aceh,1110000,Bireuen,Kabupaten,1110020,Pandrah
1100000,Aceh,1110000,Bireuen,Kabupaten,1110030,Jeunieb
1100000,Aceh,1110000,Bireuen,Kabupaten,1110031,Peulimbang
1100000,Aceh,1110000,Bireuen,Kabupaten,1110040,Peudada
1100000,Aceh,1110000,Bireuen,Kabupaten,1110050,Juli
1100000,Aceh,1110000,Bireuen,Kabupaten,1110060,Jeumpa
1100000,Aceh,1110000,Bireuen,Kabupaten,1110061,Kota Juang
1100000,Aceh,1110000,Bireuen,Kabupaten,1110062,Kuala
1100000,Aceh,1110000,Bireuen,Kabupaten,1110070,Jangka
1100000,Aceh,1110000,Bireuen,Kabupaten,1110080,Peusangan
1100000,Aceh,1110000,Bireuen,Kabupaten,1110081,Peusangan Selatan
1100000,Aceh,1110000,Bireuen,Kabupaten,1110082,Peusangan Siblah Krueng
1100000,Aceh,1110000,Bireuen,Kabupaten,1110090,Makmur
1100000,Aceh,1110000,Bireuen,Kabupaten,1110100,Ganda Pura
1100000,Aceh,1110000,Bireuen,Kabupaten,1110101,Kuta Blang
1100000,Aceh,1111000,Aceh Utara,Kabupaten,1111010,Sawang
1100000,Aceh,1111000,Aceh Utara,Kabupaten,1111020,Nisam
1100000,Aceh,1111000,Aceh Utara,Kabupaten,1111021,Nisam Antara
1100000,Aceh,1111000,Aceh Utara,Kabupaten,1111022,Banda Baro
1100000,Aceh,1111000,Aceh Utara,Kabupaten,1111030,Kuta Makmur
1100000,Aceh,1111000,Aceh Utara,Kabupaten,1111031,Simpang Keramat
1100000,Aceh,1111000,Aceh Utara,Kabupaten,1111040,Syamtalira Bayu
1100000,Aceh,1111000,Aceh Utara,Kabupaten,1111041,Geureudong Pase
1100000,Aceh,1111000,Aceh Utara,Kabupaten,1111050,Meurah Mulia
1100000,Aceh,1111000,Aceh Utara,Kabupaten,1111060,Matangkuli
1100000,Aceh,1111000,Aceh Utara,Kabupaten,1111061,Paya Bakong
1100000,Aceh,1111000,Aceh Utara,Kabupaten,1111062,Pirak Timu
1100000,Aceh,1111000,Aceh Utara,Kabupaten,1111070,Cot Girek
1100000,Aceh,1111000,Aceh Utara,Kabupaten,1111080,Tanah Jambo Aye
1100000,Aceh,1111000,Aceh Utara,Kabupaten,1111081,Langkahan
1100000,Aceh,1111000,Aceh Utara,Kabupaten,1111090,Seunuddon
1100000,Aceh,1111000,Aceh Utara,Kabupaten,1111100,Baktiya
1100000,Aceh,1111000,Aceh Utara,Kabupaten,1111101,Baktiya Barat
1100000,Aceh,1111000,Aceh Utara,Kabupaten,1111110,Lhoksukon
1100000,Aceh,1111000,Aceh Utara,Kabupaten,1111120,Tanah Luas
1100000,Aceh,1111000,Aceh Utara,Kabupaten,1111121,Nibong
1100000,Aceh,1111000,Aceh Utara,Kabupaten,1111130,Samudera
1100000,Aceh,1111000,Aceh Utara,Kabupaten,1111140,Syamtalira Aron
1100000,Aceh,1111000,Aceh Utara,Kabupaten,1111150,Tanah Pasir
1100000,Aceh,1111000,Aceh Utara,Kabupaten,1111151,Lapang
1100000,Aceh,1111000,Aceh Utara,Kabupaten,1111160,Muara Batu
1100000,Aceh,1111000,Aceh Utara,Kabupaten,1111170,Dewantara
1100000,Aceh,1112000,Aceh Barat Daya,Kabupaten,1112010,Manggeng
1100000,Aceh,1112000,Aceh Barat Daya,Kabupaten,1112011,Lembah Sabil
1100000,Aceh,1112000,Aceh Barat Daya,Kabupaten,1112020,Tangan-Tangan
1100000,Aceh,1112000,Aceh Barat Daya,Kabupaten,1112021,Setia
1100000,Aceh,1112000,Aceh Barat Daya,Kabupaten,1112030,Blang Pidie
1100000,Aceh,1112000,Aceh Barat Daya,Kabupaten,1112031,Jeumpa
1100000,Aceh,1112000,Aceh Barat Daya,Kabupaten,1112040,Susoh
1100000,Aceh,1112000,Aceh Barat Daya,Kabupaten,1112050,Kuala Batee
1100000,Aceh,1112000,Aceh Barat Daya,Kabupaten,1112060,Babah Rot
1100000,Aceh,1113000,Gayo Lues,Kabupaten,1113010,Kuta Panjang
1100000,Aceh,1113000,Gayo Lues,Kabupaten,1113011,Blang Jerango
1100000,Aceh,1113000,Gayo Lues,Kabupaten,1113020,Blangkejeren
1100000,Aceh,1113000,Gayo Lues,Kabupaten,1113021,Putri Betung
1100000,Aceh,1113000,Gayo Lues,Kabupaten,1113022,Dabun Gelang
1100000,Aceh,1113000,Gayo Lues,Kabupaten,1113023,Blang Pegayon
1100000,Aceh,1113000,Gayo Lues,Kabupaten,1113030,Pining
1100000,Aceh,1113000,Gayo Lues,Kabupaten,1113040,Rikit Gaib
1100000,Aceh,1113000,Gayo Lues,Kabupaten,1113041,Pantan Cuaca
1100000,Aceh,1113000,Gayo Lues,Kabupaten,1113050,Terangun
1100000,Aceh,1113000,Gayo Lues,Kabupaten,1113051,Tripe Jaya
1100000,Aceh,1114000,Aceh Tamiang,Kabupaten,1114010,Tamiang Hulu
1100000,Aceh,1114000,Aceh Tamiang,Kabupaten,1114011,Bandar Pusaka
1100000,Aceh,1114000,Aceh Tamiang,Kabupaten,1114020,Kejuruan Muda
1100000,Aceh,1114000,Aceh Tamiang,Kabupaten,1114021,Tenggulun
1100000,Aceh,1114000,Aceh Tamiang,Kabupaten,1114030,Rantau
1100000,Aceh,1114000,Aceh Tamiang,Kabupaten,1114040,Kota Kualasimpang
1100000,Aceh,1114000,Aceh Tamiang,Kabupaten,1114050,Seruway
1100000,Aceh,1114000,Aceh Tamiang,Kabupaten,1114060,Bendahara
1100000,Aceh,1114000,Aceh Tamiang,Kabupaten,1114061,Banda Mulia
1100000,Aceh,1114000,Aceh Tamiang,Kabupaten,1114070,Karang Baru
1100000,Aceh,1114000,Aceh Tamiang,Kabupaten,1114071,Sekerak
1100000,Aceh,1114000,Aceh Tamiang,Kabupaten,1114080,Manyak Payed
1100000,Aceh,1115000,Nagan Raya,Kabupaten,1115010,Darul Makmur
1100000,Aceh,1115000,Nagan Raya,Kabupaten,1115011,Tripa Makmur
1100000,Aceh,1115000,Nagan Raya,Kabupaten,1115020,Kuala
1100000,Aceh,1115000,Nagan Raya,Kabupaten,1115021,Kuala Pesisir
1100000,Aceh,1115000,Nagan Raya,Kabupaten,1115022,Tadu Raya
1100000,Aceh,1115000,Nagan Raya,Kabupaten,1115030,Beutong
1100000,Aceh,1115000,Nagan Raya,Kabupaten,1115031,Beutong Ateuh Banggalang
1100000,Aceh,1115000,Nagan Raya,Kabupaten,1115040,Seunagan
1100000,Aceh,1115000,Nagan Raya,Kabupaten,1115041,Suka Makmue
1100000,Aceh,1115000,Nagan Raya,Kabupaten,1115050,Seunagan Timur
1100000,Aceh,1116000,Aceh Jaya,Kabupaten,1116010,Teunom
1100000,Aceh,1116000,Aceh Jaya,Kabupaten,1116011,Pasie Raya
1100000,Aceh,1116000,Aceh Jaya,Kabupaten,1116020,Panga
1100000,Aceh,1116000,Aceh Jaya,Kabupaten,1116030,Krueng Sabee
1100000,Aceh,1116000,Aceh Jaya,Kabupaten,1116040,Setia Bakti
1100000,Aceh,1116000,Aceh Jaya,Kabupaten,1116050,Sampoiniet
1100000,Aceh,1116000,Aceh Jaya,Kabupaten,1116051,Darul Hikmah
1100000,Aceh,1116000,Aceh Jaya,Kabupaten,1116060,Jaya
1100000,Aceh,1116000,Aceh Jaya,Kabupaten,1116061,Indra Jaya
1100000,Aceh,1117000,Bener Meriah,Kabupaten,1117010,Timang Gajah
1100000,Aceh,1117000,Bener Meriah,Kabupaten,1117011,Gajah Putih
1100000,Aceh,1117000,Bener Meriah,Kabupaten,1117020,Pintu Rime Gayo
1100000,Aceh,1117000,Bener Meriah,Kabupaten,1117030,Bukit
1100000,Aceh,1117000,Bener Meriah,Kabupaten,1117040,Wih Pesam
1100000,Aceh,1117000,Bener Meriah,Kabupaten,1117050,Bandar
1100000,Aceh,1117000,Bener Meriah,Kabupaten,1117051,Bener Kelipah
1100000,Aceh,1117000,Bener Meriah,Kabupaten,1117060,Syiah Utama
1100000,Aceh,1117000,Bener Meriah,Kabupaten,1117061,Mesidah
1100000,Aceh,1117000,Bener Meriah,Kabupaten,1117070,Permata
1100000,Aceh,1118000,Pidie Jaya,Kabupaten,1118010,Meureudu
1100000,Aceh,1118000,Pidie Jaya,Kabupaten,1118020,Meurah Dua
1100000,Aceh,1118000,Pidie Jaya,Kabupaten,1118030,Bandar Dua
1100000,Aceh,1118000,Pidie Jaya,Kabupaten,1118040,Jangka Buya
1100000,Aceh,1118000,Pidie Jaya,Kabupaten,1118050,Ulim
1100000,Aceh,1118000,Pidie Jaya,Kabupaten,1118060,Trienggadeng
1100000,Aceh,1118000,Pidie Jaya,Kabupaten,1118070,Panteraja
1100000,Aceh,1118000,Pidie Jaya,Kabupaten,1118080,Bandar Baru
1100000,Aceh,1171000,Banda Aceh,Kota,1171010,Meuraxa
1100000,Aceh,1171000,Banda Aceh,Kota,1171011,Jaya Baru
1100000,Aceh,1171000,Banda Aceh,Kota,1171012,Banda Raya
1100000,Aceh,1171000,Banda Aceh,Kota,1171020,Baiturrahman
1100000,Aceh,1171000,Banda Aceh,Kota,1171021,Lueng Bata
1100000,Aceh,1171000,Banda Aceh,Kota,1171030,Kuta Alam
1100000,Aceh,1171000,Banda Aceh,Kota,1171031,Kuta Raja
1100000,Aceh,1171000,Banda Aceh,Kota,1171040,Syiah Kuala
1100000,Aceh,1171000,Banda Aceh,Kota,1171041,Ulee Kareng
1100000,Aceh,1172000,Sabang,Kota,1172010,Sukajaya
1100000,Aceh,1172000,Sabang,Kota,1172011,Sukamakmue
1100000,Aceh,1172000,Sabang,Kota,1172020,Sukakarya
1100000,Aceh,1173000,Langsa,Kota,1173010,Langsa Timur
1100000,Aceh,1173000,Langsa,Kota,1173011,Langsa Lama
1100000,Aceh,1173000,Langsa,Kota,1173020,Langsa Barat
1100000,Aceh,1173000,Langsa,Kota,1173021,Langsa Baro
1100000,Aceh,1173000,Langsa,Kota,1173030,Langsa Kota
1100000,Aceh,1174000,Lhokseumawe,Kota,1174010,Blang Mangat
1100000,Aceh,1174000,Lhokseumawe,Kota,1174020,Muara Dua
1100000,Aceh,1174000,Lhokseumawe,Kota,1174021,Muara Satu
1100000,Aceh,1174000,Lhokseumawe,Kota,1174030,Banda Sakti
1100000,Aceh,1175000,Subulussalam,Kota,1175010,Simpang Kiri
1100000,Aceh,1175000,Subulussalam,Kota,1175020,Penanggalan
1100000,Aceh,1175000,Subulussalam,Kota,1175030,Rundeng
1100000,Aceh,1175000,Subulussalam,Kota,1175040,Sultan Daulat
1100000,Aceh,1175000,Subulussalam,Kota,1175050,Longkib
1200000,Sumatera Utara,1201000,Nias,Kabupaten,1201060,Idanogawo
1200000,Sumatera Utara,1201000,Nias,Kabupaten,1201061,Bawolato
1200000,Sumatera Utara,1201000,Nias,Kabupaten,1201062,Ulugawo
1200000,Sumatera Utara,1201000,Nias,Kabupaten,1201070,Gido
1200000,Sumatera Utara,1201000,Nias,Kabupaten,1201071,Sogae'Adu
1200000,Sumatera Utara,1201000,Nias,Kabupaten,1201081,Ma'U
1200000,Sumatera Utara,1201000,Nias,Kabupaten,1201082,Somolo-Molo
1200000,Sumatera Utara,1201000,Nias,Kabupaten,1201130,Hiliduho
1200000,Sumatera Utara,1201000,Nias,Kabupaten,1201131,Hiliserangkai
1200000,Sumatera Utara,1201000,Nias,Kabupaten,1201132,Botomuzoi
1200000,Sumatera Utara,1202000,Mandailing Natal,Kabupaten,1202010,Batahan
1200000,Sumatera Utara,1202000,Mandailing Natal,Kabupaten,1202011,Sinunukan
1200000,Sumatera Utara,1202000,Mandailing Natal,Kabupaten,1202020,Batang Natal
1200000,Sumatera Utara,1202000,Mandailing Natal,Kabupaten,1202021,Lingga Bayu
1200000,Sumatera Utara,1202000,Mandailing Natal,Kabupaten,1202022,Ranto Baek
1200000,Sumatera Utara,1202000,Mandailing Natal,Kabupaten,1202030,Kotanopan
1200000,Sumatera Utara,1202000,Mandailing Natal,Kabupaten,1202031,Ulu Pungkut
1200000,Sumatera Utara,1202000,Mandailing Natal,Kabupaten,1202032,Tambangan
1200000,Sumatera Utara,1202000,Mandailing Natal,Kabupaten,1202033,Lembah Sorik Marapi
1200000,Sumatera Utara,1202000,Mandailing Natal,Kabupaten,1202034,Puncak Sorik Marapi
1200000,Sumatera Utara,1202000,Mandailing Natal,Kabupaten,1202040,Muara Sipongi
1200000,Sumatera Utara,1202000,Mandailing Natal,Kabupaten,1202041,Pakantan
1200000,Sumatera Utara,1202000,Mandailing Natal,Kabupaten,1202050,Panyabungan
1200000,Sumatera Utara,1202000,Mandailing Natal,Kabupaten,1202051,Panyabungan Selatan
1200000,Sumatera Utara,1202000,Mandailing Natal,Kabupaten,1202052,Panyabungan Barat
1200000,Sumatera Utara,1202000,Mandailing Natal,Kabupaten,1202053,Panyabungan Utara
1200000,Sumatera Utara,1202000,Mandailing Natal,Kabupaten,1202054,Panyabungan Timur
1200000,Sumatera Utara,1202000,Mandailing Natal,Kabupaten,1202055,Huta Bargot
1200000,Sumatera Utara,1202000,Mandailing Natal,Kabupaten,1202060,Natal
1200000,Sumatera Utara,1202000,Mandailing Natal,Kabupaten,1202070,Muara Batang Gadis
1200000,Sumatera Utara,1202000,Mandailing Natal,Kabupaten,1202080,Siabu
1200000,Sumatera Utara,1202000,Mandailing Natal,Kabupaten,1202081,Bukit Malintang
1200000,Sumatera Utara,1202000,Mandailing Natal,Kabupaten,1202082,Naga Juang
1200000,Sumatera Utara,1203000,Tapanuli Selatan,Kabupaten,1203010,Batang Angkola
1200000,Sumatera Utara,1203000,Tapanuli Selatan,Kabupaten,1203011,Sayur Matinggi
1200000,Sumatera Utara,1203000,Tapanuli Selatan,Kabupaten,1203012,Tano Tombangan Angkola
1200000,Sumatera Utara,1203000,Tapanuli Selatan,Kabupaten,1203013,Angkola Muara Tais
1200000,Sumatera Utara,1203000,Tapanuli Selatan,Kabupaten,1203070,Angkola Timur
1200000,Sumatera Utara,1203000,Tapanuli Selatan,Kabupaten,1203080,Angkola Selatan
1200000,Sumatera Utara,1203000,Tapanuli Selatan,Kabupaten,1203090,Angkola Barat
1200000,Sumatera Utara,1203000,Tapanuli Selatan,Kabupaten,1203091,Angkola Sangkunur
1200000,Sumatera Utara,1203000,Tapanuli Selatan,Kabupaten,1203100,Batang Toru
1200000,Sumatera Utara,1203000,Tapanuli Selatan,Kabupaten,1203101,Marancar
1200000,Sumatera Utara,1203000,Tapanuli Selatan,Kabupaten,1203102,Muara Batang Toru
1200000,Sumatera Utara,1203000,Tapanuli Selatan,Kabupaten,1203110,Sipirok
1200000,Sumatera Utara,1203000,Tapanuli Selatan,Kabupaten,1203120,Arse
1200000,Sumatera Utara,1203000,Tapanuli Selatan,Kabupaten,1203160,Saipar Dolok Hole
1200000,Sumatera Utara,1203000,Tapanuli Selatan,Kabupaten,1203161,Aek Bilah
1200000,Sumatera Utara,1204000,Tapanuli Tengah,Kabupaten,1204010,Pinangsori
1200000,Sumatera Utara,1204000,Tapanuli Tengah,Kabupaten,1204011,Badiri
1200000,Sumatera Utara,1204000,Tapanuli Tengah,Kabupaten,1204020,Sibabangun
1200000,Sumatera Utara,1204000,Tapanuli Tengah,Kabupaten,1204021,Lumut
1200000,Sumatera Utara,1204000,Tapanuli Tengah,Kabupaten,1204022,Suka Bangun
1200000,Sumatera Utara,1204000,Tapanuli Tengah,Kabupaten,1204030,Pandan
1200000,Sumatera Utara,1204000,Tapanuli Tengah,Kabupaten,1204031,Tukka
1200000,Sumatera Utara,1204000,Tapanuli Tengah,Kabupaten,1204032,Sarudik
1200000,Sumatera Utara,1204000,Tapanuli Tengah,Kabupaten,1204040,Tapian Nauli
1200000,Sumatera Utara,1204000,Tapanuli Tengah,Kabupaten,1204041,Sitahuis
1200000,Sumatera Utara,1204000,Tapanuli Tengah,Kabupaten,1204050,Kolang
1200000,Sumatera Utara,1204000,Tapanuli Tengah,Kabupaten,1204060,Sorkam
1200000,Sumatera Utara,1204000,Tapanuli Tengah,Kabupaten,1204061,Sorkam Barat
1200000,Sumatera Utara,1204000,Tapanuli Tengah,Kabupaten,1204062,Pasaribu Tobing
1200000,Sumatera Utara,1204000,Tapanuli Tengah,Kabupaten,1204070,Barus
1200000,Sumatera Utara,1204000,Tapanuli Tengah,Kabupaten,1204071,Sosorgadong
1200000,Sumatera Utara,1204000,Tapanuli Tengah,Kabupaten,1204072,Andam Dewi
1200000,Sumatera Utara,1204000,Tapanuli Tengah,Kabupaten,1204073,Barus Utara
1200000,Sumatera Utara,1204000,Tapanuli Tengah,Kabupaten,1204080,Manduamas
1200000,Sumatera Utara,1204000,Tapanuli Tengah,Kabupaten,1204081,Sirandorung
1200000,Sumatera Utara,1205000,Tapanuli Utara,Kabupaten,1205030,Parmonangan
1200000,Sumatera Utara,1205000,Tapanuli Utara,Kabupaten,1205040,Adiankoting
1200000,Sumatera Utara,1205000,Tapanuli Utara,Kabupaten,1205050,Sipoholon
1200000,Sumatera Utara,1205000,Tapanuli Utara,Kabupaten,1205060,Tarutung
1200000,Sumatera Utara,1205000,Tapanuli Utara,Kabupaten,1205061,Siatas Barita
1200000,Sumatera Utara,1205000,Tapanuli Utara,Kabupaten,1205070,Pahae Julu
1200000,Sumatera Utara,1205000,Tapanuli Utara,Kabupaten,1205080,Pahae Jae
1200000,Sumatera Utara,1205000,Tapanuli Utara,Kabupaten,1205081,Purbatua
1200000,Sumatera Utara,1205000,Tapanuli Utara,Kabupaten,1205082,Simangumban
1200000,Sumatera Utara,1205000,Tapanuli Utara,Kabupaten,1205090,Pangaribuan
1200000,Sumatera Utara,1205000,Tapanuli Utara,Kabupaten,1205100,Garoga
1200000,Sumatera Utara,1205000,Tapanuli Utara,Kabupaten,1205110,Sipahutar
1200000,Sumatera Utara,1205000,Tapanuli Utara,Kabupaten,1205120,Siborongborong
1200000,Sumatera Utara,1205000,Tapanuli Utara,Kabupaten,1205130,Pagaran
1200000,Sumatera Utara,1205000,Tapanuli Utara,Kabupaten,1205180,Muara
1200000,Sumatera Utara,1206000,Toba Samosir,Kabupaten,1206030,Balige
1200000,Sumatera Utara,1206000,Toba Samosir,Kabupaten,1206031,Tampahan
1200000,Sumatera Utara,1206000,Toba Samosir,Kabupaten,1206040,Laguboti
1200000,Sumatera Utara,1206000,Toba Samosir,Kabupaten,1206050,Habinsaran
1200000,Sumatera Utara,1206000,Toba Samosir,Kabupaten,1206051,Borbor
1200000,Sumatera Utara,1206000,Toba Samosir,Kabupaten,1206052,Nassau
1200000,Sumatera Utara,1206000,Toba Samosir,Kabupaten,1206060,Silaen
1200000,Sumatera Utara,1206000,Toba Samosir,Kabupaten,1206061,Sigumpar
1200000,Sumatera Utara,1206000,Toba Samosir,Kabupaten,1206070,Porsea
1200000,Sumatera Utara,1206000,Toba Samosir,Kabupaten,1206071,Pintu Pohan Meranti
1200000,Sumatera Utara,1206000,Toba Samosir,Kabupaten,1206072,Siantar Narumonda
1200000,Sumatera Utara,1206000,Toba Samosir,Kabupaten,1206073,Parmaksian
1200000,Sumatera Utara,1206000,Toba Samosir,Kabupaten,1206080,Lumban Julu
1200000,Sumatera Utara,1206000,Toba Samosir,Kabupaten,1206081,Uluan
1200000,Sumatera Utara,1206000,Toba Samosir,Kabupaten,1206082,Ajibata
1200000,Sumatera Utara,1206000,Toba Samosir,Kabupaten,1206083,Bonatua Lunasi
1200000,Sumatera Utara,1207000,Labuhan Batu,Kabupaten,1207050,Bilah Hulu
1200000,Sumatera Utara,1207000,Labuhan Batu,Kabupaten,1207070,Pangkatan
1200000,Sumatera Utara,1207000,Labuhan Batu,Kabupaten,1207080,Bilah Barat
1200000,Sumatera Utara,1207000,Labuhan Batu,Kabupaten,1207130,Bilah Hilir
1200000,Sumatera Utara,1207000,Labuhan Batu,Kabupaten,1207140,Panai Hulu
1200000,Sumatera Utara,1207000,Labuhan Batu,Kabupaten,1207150,Panai Tengah
1200000,Sumatera Utara,1207000,Labuhan Batu,Kabupaten,1207160,Panai Hilir
1200000,Sumatera Utara,1207000,Labuhan Batu,Kabupaten,1207210,Rantau Selatan
1200000,Sumatera Utara,1207000,Labuhan Batu,Kabupaten,1207220,Rantau Utara
1200000,Sumatera Utara,1208000,Asahan,Kabupaten,1208010,Bandar Pasir Mandoge
1200000,Sumatera Utara,1208000,Asahan,Kabupaten,1208020,Bandar Pulau
1200000,Sumatera Utara,1208000,Asahan,Kabupaten,1208021,Aek Songsongan
1200000,Sumatera Utara,1208000,Asahan,Kabupaten,1208022,Rahuning
1200000,Sumatera Utara,1208000,Asahan,Kabupaten,1208030,Pulau Rakyat
1200000,Sumatera Utara,1208000,Asahan,Kabupaten,1208031,Aek Kuasan
1200000,Sumatera Utara,1208000,Asahan,Kabupaten,1208032,Aek Ledong
1200000,Sumatera Utara,1208000,Asahan,Kabupaten,1208040,Sei Kepayang
1200000,Sumatera Utara,1208000,Asahan,Kabupaten,1208041,Sei Kepayang Barat
1200000,Sumatera Utara,1208000,Asahan,Kabupaten,1208042,Sei Kepayang Timur
1200000,Sumatera Utara,1208000,Asahan,Kabupaten,1208050,Tanjung Balai
1200000,Sumatera Utara,1208000,Asahan,Kabupaten,1208060,Simpang Empat
1200000,Sumatera Utara,1208000,Asahan,Kabupaten,1208061,Teluk Dalam
1200000,Sumatera Utara,1208000,Asahan,Kabupaten,1208070,Air Batu
1200000,Sumatera Utara,1208000,Asahan,Kabupaten,1208071,Sei Dadap
1200000,Sumatera Utara,1208000,Asahan,Kabupaten,1208080,Buntu Pane
1200000,Sumatera Utara,1208000,Asahan,Kabupaten,1208081,Tinggi Raja
1200000,Sumatera Utara,1208000,Asahan,Kabupaten,1208082,Setia Janji
1200000,Sumatera Utara,1208000,Asahan,Kabupaten,1208090,Meranti
1200000,Sumatera Utara,1208000,Asahan,Kabupaten,1208091,Pulo Bandring
1200000,Sumatera Utara,1208000,Asahan,Kabupaten,1208092,Rawang Panca Arga
1200000,Sumatera Utara,1208000,Asahan,Kabupaten,1208100,Air Joman
1200000,Sumatera Utara,1208000,Asahan,Kabupaten,1208101,Silau Laut
1200000,Sumatera Utara,1208000,Asahan,Kabupaten,1208160,Kota Kisaran Barat
1200000,Sumatera Utara,1208000,Asahan,Kabupaten,1208170,Kota Kisaran Timur
1200000,Sumatera Utara,1209000,Simalungun,Kabupaten,1209010,Silimakuta
1200000,Sumatera Utara,1209000,Simalungun,Kabupaten,1209011,Pamatang Silimahuta
1200000,Sumatera Utara,1209000,Simalungun,Kabupaten,1209020,Purba
1200000,Sumatera Utara,1209000,Simalungun,Kabupaten,1209021,Haranggaol Horisan
1200000,Sumatera Utara,1209000,Simalungun,Kabupaten,1209030,Dolok Pardamean
1200000,Sumatera Utara,1209000,Simalungun,Kabupaten,1209040,Sidamanik
1200000,Sumatera Utara,1209000,Simalungun,Kabupaten,1209041,Pamatang Sidamanik
1200000,Sumatera Utara,1209000,Simalungun,Kabupaten,1209050,Girsang Sipangan Bolon
1200000,Sumatera Utara,1209000,Simalungun,Kabupaten,1209060,Tanah Jawa
1200000,Sumatera Utara,1209000,Simalungun,Kabupaten,1209061,Hatonduhan
1200000,Sumatera Utara,1209000,Simalungun,Kabupaten,1209070,Dolok Panribuan
1200000,Sumatera Utara,1209000,Simalungun,Kabupaten,1209080,Jorlang Hataran
1200000,Sumatera Utara,1209000,Simalungun,Kabupaten,1209090,Panei
1200000,Sumatera Utara,1209000,Simalungun,Kabupaten,1209091,Panombeian Panei
1200000,Sumatera Utara,1209000,Simalungun,Kabupaten,1209100,Raya
1200000,Sumatera Utara,1209000,Simalungun,Kabupaten,1209101,Dolog Masagal
1200000,Sumatera Utara,1209000,Simalungun,Kabupaten,1209110,Dolok Silou
1200000,Sumatera Utara,1209000,Simalungun,Kabupaten,1209120,Silou Kahean
1200000,Sumatera Utara,1209000,Simalungun,Kabupaten,1209130,Raya Kahean
1200000,Sumatera Utara,1209000,Simalungun,Kabupaten,1209140,Tapian Dolok
1200000,Sumatera Utara,1209000,Simalungun,Kabupaten,1209150,Dolok Batu Nanggar
1200000,Sumatera Utara,1209000,Simalungun,Kabupaten,1209160,Siantar
1200000,Sumatera Utara,1209000,Simalungun,Kabupaten,1209161,Gunung Malela
1200000,Sumatera Utara,1209000,Simalungun,Kabupaten,1209162,Gunung Maligas
1200000,Sumatera Utara,1209000,Simalungun,Kabupaten,1209170,Huta Bayu Raja
1200000,Sumatera Utara,1209000,Simalungun,Kabupaten,1209171,Jawa Maraja Bah Jambi
1200000,Sumatera Utara,1209000,Simalungun,Kabupaten,1209180,Pematang Bandar
1200000,Sumatera Utara,1209000,Simalungun,Kabupaten,1209181,Bandar Huluan
1200000,Sumatera Utara,1209000,Simalungun,Kabupaten,1209190,Bandar
1200000,Sumatera Utara,1209000,Simalungun,Kabupaten,1209191,Bandar Masilam
1200000,Sumatera Utara,1209000,Simalungun,Kabupaten,1209200,Bosar Maligas
1200000,Sumatera Utara,1209000,Simalungun,Kabupaten,1209210,Ujung Padang
1200000,Sumatera Utara,1210000,Dairi,Kabupaten,1210030,Sidikalang
1200000,Sumatera Utara,1210000,Dairi,Kabupaten,1210031,Berampu
1200000,Sumatera Utara,1210000,Dairi,Kabupaten,1210032,Sitinjo
1200000,Sumatera Utara,1210000,Dairi,Kabupaten,1210040,Parbuluan
1200000,Sumatera Utara,1210000,Dairi,Kabupaten,1210050,Sumbul
1200000,Sumatera Utara,1210000,Dairi,Kabupaten,1210051,Silahisabungan
1200000,Sumatera Utara,1210000,Dairi,Kabupaten,1210060,Silima Pungga-Pungga
1200000,Sumatera Utara,1210000,Dairi,Kabupaten,1210061,Lae Parira
1200000,Sumatera Utara,1210000,Dairi,Kabupaten,1210070,Siempat Nempu
1200000,Sumatera Utara,1210000,Dairi,Kabupaten,1210080,Siempat Nempu Hulu
1200000,Sumatera Utara,1210000,Dairi,Kabupaten,1210090,Siempat Nempu Hilir
1200000,Sumatera Utara,1210000,Dairi,Kabupaten,1210100,Tigalingga
1200000,Sumatera Utara,1210000,Dairi,Kabupaten,1210101,Gunung Sitember
1200000,Sumatera Utara,1210000,Dairi,Kabupaten,1210110,Pegagan Hilir
1200000,Sumatera Utara,1210000,Dairi,Kabupaten,1210120,Tanah Pinem
1200000,Sumatera Utara,1211000,Karo,Kabupaten,1211010,Mardingding
1200000,Sumatera Utara,1211000,Karo,Kabupaten,1211020,Laubaleng
1200000,Sumatera Utara,1211000,Karo,Kabupaten,1211030,Tigabinanga
1200000,Sumatera Utara,1211000,Karo,Kabupaten,1211040,Juhar
1200000,Sumatera Utara,1211000,Karo,Kabupaten,1211050,Munte
1200000,Sumatera Utara,1211000,Karo,Kabupaten,1211060,Kutabuluh
1200000,Sumatera Utara,1211000,Karo,Kabupaten,1211070,Payung
1200000,Sumatera Utara,1211000,Karo,Kabupaten,1211071,Tiganderket
1200000,Sumatera Utara,1211000,Karo,Kabupaten,1211080,Simpang Empat
1200000,Sumatera Utara,1211000,Karo,Kabupaten,1211081,Naman Teran
1200000,Sumatera Utara,1211000,Karo,Kabupaten,1211082,Merdeka
1200000,Sumatera Utara,1211000,Karo,Kabupaten,1211090,Kabanjahe
1200000,Sumatera Utara,1211000,Karo,Kabupaten,1211100,Berastagi
1200000,Sumatera Utara,1211000,Karo,Kabupaten,1211110,Tigapanah
1200000,Sumatera Utara,1211000,Karo,Kabupaten,1211111,Dolat Rayat
1200000,Sumatera Utara,1211000,Karo,Kabupaten,1211120,Merek
1200000,Sumatera Utara,1211000,Karo,Kabupaten,1211130,Barusjahe
1200000,Sumatera Utara,1212000,Deli Serdang,Kabupaten,1212010,Gunung Meriah
1200000,Sumatera Utara,1212000,Deli Serdang,Kabupaten,1212020,Sinembah Tanjung Muda Hulu
1200000,Sumatera Utara,1212000,Deli Serdang,Kabupaten,1212030,Sibolangit
1200000,Sumatera Utara,1212000,Deli Serdang,Kabupaten,1212040,Kutalimbaru
1200000,Sumatera Utara,1212000,Deli Serdang,Kabupaten,1212050,Pancur Batu
1200000,Sumatera Utara,1212000,Deli Serdang,Kabupaten,1212060,Namo Rambe
1200000,Sumatera Utara,1212000,Deli Serdang,Kabupaten,1212070,Biru-Biru
1200000,Sumatera Utara,1212000,Deli Serdang,Kabupaten,1212080,Sinembah Tanjung Muda Hilir
1200000,Sumatera Utara,1212000,Deli Serdang,Kabupaten,1212090,Bangun Purba
1200000,Sumatera Utara,1212000,Deli Serdang,Kabupaten,1212190,Galang
1200000,Sumatera Utara,1212000,Deli Serdang,Kabupaten,1212200,Tanjung Morawa
1200000,Sumatera Utara,1212000,Deli Serdang,Kabupaten,1212210,Patumbak
1200000,Sumatera Utara,1212000,Deli Serdang,Kabupaten,1212220,Deli Tua
1200000,Sumatera Utara,1212000,Deli Serdang,Kabupaten,1212230,Sunggal
1200000,Sumatera Utara,1212000,Deli Serdang,Kabupaten,1212240,Hamparan Perak
1200000,Sumatera Utara,1212000,Deli Serdang,Kabupaten,1212250,Labuhan Deli
1200000,Sumatera Utara,1212000,Deli Serdang,Kabupaten,1212260,Percut Sei Tuan
1200000,Sumatera Utara,1212000,Deli Serdang,Kabupaten,1212270,Batang Kuis
1200000,Sumatera Utara,1212000,Deli Serdang,Kabupaten,1212280,Pantai Labu
1200000,Sumatera Utara,1212000,Deli Serdang,Kabupaten,1212290,Beringin
1200000,Sumatera Utara,1212000,Deli Serdang,Kabupaten,1212300,Lubuk Pakam
1200000,Sumatera Utara,1212000,Deli Serdang,Kabupaten,1212310,Pagar Merbau
1200000,Sumatera Utara,1213000,Langkat,Kabupaten,1213010,Bahorok
1200000,Sumatera Utara,1213000,Langkat,Kabupaten,1213011,Sirapit
1200000,Sumatera Utara,1213000,Langkat,Kabupaten,1213020,Salapian
1200000,Sumatera Utara,1213000,Langkat,Kabupaten,1213021,Kutambaru
1200000,Sumatera Utara,1213000,Langkat,Kabupaten,1213030,Sei Bingai
1200000,Sumatera Utara,1213000,Langkat,Kabupaten,1213040,Kuala
1200000,Sumatera Utara,1213000,Langkat,Kabupaten,1213050,Selesai
1200000,Sumatera Utara,1213000,Langkat,Kabupaten,1213060,Binjai
1200000,Sumatera Utara,1213000,Langkat,Kabupaten,1213070,Stabat
1200000,Sumatera Utara,1213000,Langkat,Kabupaten,1213080,Wampu
1200000,Sumatera Utara,1213000,Langkat,Kabupaten,1213090,Batang Serangan
1200000,Sumatera Utara,1213000,Langkat,Kabupaten,1213100,Sawit Seberang
1200000,Sumatera Utara,1213000,Langkat,Kabupaten,1213110,Padang Tualang
1200000,Sumatera Utara,1213000,Langkat,Kabupaten,1213120,Hinai
1200000,Sumatera Utara,1213000,Langkat,Kabupaten,1213130,Secanggang
1200000,Sumatera Utara,1213000,Langkat,Kabupaten,1213140,Tanjung Pura
1200000,Sumatera Utara,1213000,Langkat,Kabupaten,1213150,Gebang
1200000,Sumatera Utara,1213000,Langkat,Kabupaten,1213160,Babalan
1200000,Sumatera Utara,1213000,Langkat,Kabupaten,1213170,Sei Lepan
1200000,Sumatera Utara,1213000,Langkat,Kabupaten,1213180,Brandan Barat
1200000,Sumatera Utara,1213000,Langkat,Kabupaten,1213190,Besitang
1200000,Sumatera Utara,1213000,Langkat,Kabupaten,1213200,Pangkalan Susu
1200000,Sumatera Utara,1213000,Langkat,Kabupaten,1213201,Pematang Jaya
1200000,Sumatera Utara,1214000,Nias Selatan,Kabupaten,1214010,Hibala
1200000,Sumatera Utara,1214000,Nias Selatan,Kabupaten,1214011,Tanah Masa
1200000,Sumatera Utara,1214000,Nias Selatan,Kabupaten,1214020,Pulau-Pulau Batu
1200000,Sumatera Utara,1214000,Nias Selatan,Kabupaten,1214021,Pulau-Pulau Batu Timur
1200000,Sumatera Utara,1214000,Nias Selatan,Kabupaten,1214022,Simuk
1200000,Sumatera Utara,1214000,Nias Selatan,Kabupaten,1214023,Pulau-Pulau Batu Barat
1200000,Sumatera Utara,1214000,Nias Selatan,Kabupaten,1214024,Pulau-Pulau Batu Utara
1200000,Sumatera Utara,1214000,Nias Selatan,Kabupaten,1214030,Teluk Dalam
1200000,Sumatera Utara,1214000,Nias Selatan,Kabupaten,1214031,Fanayama
1200000,Sumatera Utara,1214000,Nias Selatan,Kabupaten,1214032,Toma
1200000,Sumatera Utara,1214000,Nias Selatan,Kabupaten,1214033,Maniamolo
1200000,Sumatera Utara,1214000,Nias Selatan,Kabupaten,1214034,Mazino
1200000,Sumatera Utara,1214000,Nias Selatan,Kabupaten,1214035,Luahagundre Maniamolo
1200000,Sumatera Utara,1214000,Nias Selatan,Kabupaten,1214036,Onolalu
1200000,Sumatera Utara,1214000,Nias Selatan,Kabupaten,1214040,Amandraya
1200000,Sumatera Utara,1214000,Nias Selatan,Kabupaten,1214041,Aramo
1200000,Sumatera Utara,1214000,Nias Selatan,Kabupaten,1214042,Ulususua
1200000,Sumatera Utara,1214000,Nias Selatan,Kabupaten,1214050,Lahusa
1200000,Sumatera Utara,1214000,Nias Selatan,Kabupaten,1214051,Sidua'Ori
1200000,Sumatera Utara,1214000,Nias Selatan,Kabupaten,1214052,Somambawa
1200000,Sumatera Utara,1214000,Nias Selatan,Kabupaten,1214060,Gomo
1200000,Sumatera Utara,1214000,Nias Selatan,Kabupaten,1214061,Susua
1200000,Sumatera Utara,1214000,Nias Selatan,Kabupaten,1214062,Mazo
1200000,Sumatera Utara,1214000,Nias Selatan,Kabupaten,1214063,Umbunasi
1200000,Sumatera Utara,1214000,Nias Selatan,Kabupaten,1214064,Idanotae
1200000,Sumatera Utara,1214000,Nias Selatan,Kabupaten,1214065,Ulu Idanotae
1200000,Sumatera Utara,1214000,Nias Selatan,Kabupaten,1214066,Boronadu
1200000,Sumatera Utara,1214000,Nias Selatan,Kabupaten,1214070,Lolomatua
1200000,Sumatera Utara,1214000,Nias Selatan,Kabupaten,1214071,Ulunoyo
1200000,Sumatera Utara,1214000,Nias Selatan,Kabupaten,1214072,Huruna
1200000,Sumatera Utara,1214000,Nias Selatan,Kabupaten,1214080,Lolowau
1200000,Sumatera Utara,1214000,Nias Selatan,Kabupaten,1214081,Hilimegai
1200000,Sumatera Utara,1214000,Nias Selatan,Kabupaten,1214082,O'O'U
1200000,Sumatera Utara,1214000,Nias Selatan,Kabupaten,1214083,Onohazumba
1200000,Sumatera Utara,1214000,Nias Selatan,Kabupaten,1214084,Hilisalawa'Ahe
1200000,Sumatera Utara,1215000,Humbang Hasundutan,Kabupaten,1215010,Pakkat
1200000,Sumatera Utara,1215000,Humbang Hasundutan,Kabupaten,1215020,Onan Ganjang
1200000,Sumatera Utara,1215000,Humbang Hasundutan,Kabupaten,1215030,Sijama Polang
1200000,Sumatera Utara,1215000,Humbang Hasundutan,Kabupaten,1215040,Dolok Sanggul
1200000,Sumatera Utara,1215000,Humbang Hasundutan,Kabupaten,1215050,Lintong Nihuta
1200000,Sumatera Utara,1215000,Humbang Hasundutan,Kabupaten,1215060,Paranginan
1200000,Sumatera Utara,1215000,Humbang Hasundutan,Kabupaten,1215070,Bakti Raja
1200000,Sumatera Utara,1215000,Humbang Hasundutan,Kabupaten,1215080,Pollung
1200000,Sumatera Utara,1215000,Humbang Hasundutan,Kabupaten,1215090,Parlilitan
1200000,Sumatera Utara,1215000,Humbang Hasundutan,Kabupaten,1215100,Tara Bintang
1200000,Sumatera Utara,1216000,Pakpak Bharat,Kabupaten,1216010,Salak
1200000,Sumatera Utara,1216000,Pakpak Bharat,Kabupaten,1216011,Sitelu Tali Urang Jehe
1200000,Sumatera Utara,1216000,Pakpak Bharat,Kabupaten,1216012,Pagindar
1200000,Sumatera Utara,1216000,Pakpak Bharat,Kabupaten,1216013,Sitelu Tali Urang Julu
1200000,Sumatera Utara,1216000,Pakpak Bharat,Kabupaten,1216014,Pergetteng Getteng Sengkut
1200000,Sumatera Utara,1216000,Pakpak Bharat,Kabupaten,1216020,Kerajaan
1200000,Sumatera Utara,1216000,Pakpak Bharat,Kabupaten,1216021,Tinada
1200000,Sumatera Utara,1216000,Pakpak Bharat,Kabupaten,1216022,Siempat Rube
1200000,Sumatera Utara,1217000,Samosir,Kabupaten,1217010,Sianjur Mulamula
1200000,Sumatera Utara,1217000,Samosir,Kabupaten,1217020,Harian
1200000,Sumatera Utara,1217000,Samosir,Kabupaten,1217030,Sitiotio
1200000,Sumatera Utara,1217000,Samosir,Kabupaten,1217040,Onan Runggu
1200000,Sumatera Utara,1217000,Samosir,Kabupaten,1217050,Nainggolan
1200000,Sumatera Utara,1217000,Samosir,Kabupaten,1217060,Palipi
1200000,Sumatera Utara,1217000,Samosir,Kabupaten,1217070,Ronggur Nihuta
1200000,Sumatera Utara,1217000,Samosir,Kabupaten,1217080,Pangururan
1200000,Sumatera Utara,1217000,Samosir,Kabupaten,1217090,Simanindo
1200000,Sumatera Utara,1218000,Serdang Bedagai,Kabupaten,1218010,Kotarih
1200000,Sumatera Utara,1218000,Serdang Bedagai,Kabupaten,1218011,Silinda
1200000,Sumatera Utara,1218000,Serdang Bedagai,Kabupaten,1218012,Bintang Bayu
1200000,Sumatera Utara,1218000,Serdang Bedagai,Kabupaten,1218020,Dolok Masihul
1200000,Sumatera Utara,1218000,Serdang Bedagai,Kabupaten,1218021,Serbajadi
1200000,Sumatera Utara,1218000,Serdang Bedagai,Kabupaten,1218030,Sipispis
1200000,Sumatera Utara,1218000,Serdang Bedagai,Kabupaten,1218040,Dolok Merawan
1200000,Sumatera Utara,1218000,Serdang Bedagai,Kabupaten,1218050,Tebingtinggi
1200000,Sumatera Utara,1218000,Serdang Bedagai,Kabupaten,1218051,Tebing Syahbandar
1200000,Sumatera Utara,1218000,Serdang Bedagai,Kabupaten,1218060,Bandar Khalipah
1200000,Sumatera Utara,1218000,Serdang Bedagai,Kabupaten,1218070,Tanjung Beringin
1200000,Sumatera Utara,1218000,Serdang Bedagai,Kabupaten,1218080,Sei Rampah
1200000,Sumatera Utara,1218000,Serdang Bedagai,Kabupaten,1218081,Sei Bamban
1200000,Sumatera Utara,1218000,Serdang Bedagai,Kabupaten,1218090,Teluk Mengkudu
1200000,Sumatera Utara,1218000,Serdang Bedagai,Kabupaten,1218100,Perbaungan
1200000,Sumatera Utara,1218000,Serdang Bedagai,Kabupaten,1218101,Pegajahan
1200000,Sumatera Utara,1218000,Serdang Bedagai,Kabupaten,1218110,Pantai Cermin
1200000,Sumatera Utara,1219000,Batu Bara,Kabupaten,1219010,Sei Balai
1200000,Sumatera Utara,1219000,Batu Bara,Kabupaten,1219020,Tanjung Tiram
1200000,Sumatera Utara,1219000,Batu Bara,Kabupaten,1219021,Nibung Hangus
1200000,Sumatera Utara,1219000,Batu Bara,Kabupaten,1219030,Talawi
1200000,Sumatera Utara,1219000,Batu Bara,Kabupaten,1219031,Datuk Tanah Datar
1200000,Sumatera Utara,1219000,Batu Bara,Kabupaten,1219040,Lima Puluh
1200000,Sumatera Utara,1219000,Batu Bara,Kabupaten,1219041,Lima Puluh Pesisir
1200000,Sumatera Utara,1219000,Batu Bara,Kabupaten,1219042,Datuk Lima Puluh
1200000,Sumatera Utara,1219000,Batu Bara,Kabupaten,1219050,Air Putih
1200000,Sumatera Utara,1219000,Batu Bara,Kabupaten,1219060,Sei Suka
1200000,Sumatera Utara,1219000,Batu Bara,Kabupaten,1219061,Laut Tador
1200000,Sumatera Utara,1219000,Batu Bara,Kabupaten,1219070,Medang Deras
1200000,Sumatera Utara,1220000,Padang Lawas Utara,Kabupaten,1220010,Batang Onang
1200000,Sumatera Utara,1220000,Padang Lawas Utara,Kabupaten,1220020,Padang Bolak Julu
1200000,Sumatera Utara,1220000,Padang Lawas Utara,Kabupaten,1220030,Portibi
1200000,Sumatera Utara,1220000,Padang Lawas Utara,Kabupaten,1220040,Padang Bolak
1200000,Sumatera Utara,1220000,Padang Lawas Utara,Kabupaten,1220041,Padang Bolak Tenggara
1200000,Sumatera Utara,1220000,Padang Lawas Utara,Kabupaten,1220050,Simangambat
1200000,Sumatera Utara,1220000,Padang Lawas Utara,Kabupaten,1220051,Ujung Batu
1200000,Sumatera Utara,1220000,Padang Lawas Utara,Kabupaten,1220060,Halongonan
1200000,Sumatera Utara,1220000,Padang Lawas Utara,Kabupaten,1220061,Halongonan Timur
1200000,Sumatera Utara,1220000,Padang Lawas Utara,Kabupaten,1220070,Dolok
1200000,Sumatera Utara,1220000,Padang Lawas Utara,Kabupaten,1220080,Dolok Sigompulon
1200000,Sumatera Utara,1220000,Padang Lawas Utara,Kabupaten,1220090,Hulu Sihapas
1200000,Sumatera Utara,1221000,Padang Lawas,Kabupaten,1221010,Sosopan
1200000,Sumatera Utara,1221000,Padang Lawas,Kabupaten,1221020,Ulu Barumun
1200000,Sumatera Utara,1221000,Padang Lawas,Kabupaten,1221030,Barumun
1200000,Sumatera Utara,1221000,Padang Lawas,Kabupaten,1221031,Barumun Selatan
1200000,Sumatera Utara,1221000,Padang Lawas,Kabupaten,1221032,Barumun Baru
1200000,Sumatera Utara,1221000,Padang Lawas,Kabupaten,1221040,Lubuk Barumun
1200000,Sumatera Utara,1221000,Padang Lawas,Kabupaten,1221050,Sosa
1200000,Sumatera Utara,1221000,Padang Lawas,Kabupaten,1221051,Ulu Sosa
1200000,Sumatera Utara,1221000,Padang Lawas,Kabupaten,1221052,Sosa Julu
1200000,Sumatera Utara,1221000,Padang Lawas,Kabupaten,1221060,Batang Lubu Sutam
1200000,Sumatera Utara,1221000,Padang Lawas,Kabupaten,1221070,Hutaraja Tinggi
1200000,Sumatera Utara,1221000,Padang Lawas,Kabupaten,1221071,Sosa Timur
1200000,Sumatera Utara,1221000,Padang Lawas,Kabupaten,1221080,Huristak
1200000,Sumatera Utara,1221000,Padang Lawas,Kabupaten,1221090,Barumun Tengah
1200000,Sumatera Utara,1221000,Padang Lawas,Kabupaten,1221091,Aek Nabara Barumun
1200000,Sumatera Utara,1221000,Padang Lawas,Kabupaten,1221092,Sihapas Barumun
1200000,Sumatera Utara,1221000,Padang Lawas,Kabupaten,1221093,Barumun Barat
1200000,Sumatera Utara,1222000,Labuhan Batu Selatan,Kabupaten,1222010,Sungai Kanan
1200000,Sumatera Utara,1222000,Labuhan Batu Selatan,Kabupaten,1222020,Torgamba
1200000,Sumatera Utara,1222000,Labuhan Batu Selatan,Kabupaten,1222030,Kotapinang
1200000,Sumatera Utara,1222000,Labuhan Batu Selatan,Kabupaten,1222040,Silangkitang
1200000,Sumatera Utara,1222000,Labuhan Batu Selatan,Kabupaten,1222050,Kampung Rakyat
1200000,Sumatera Utara,1223000,Labuhan Batu Utara,Kabupaten,1223010,Na IX-X
1200000,Sumatera Utara,1223000,Labuhan Batu Utara,Kabupaten,1223020,Marbau
1200000,Sumatera Utara,1223000,Labuhan Batu Utara,Kabupaten,1223030,Aek Kuo
1200000,Sumatera Utara,1223000,Labuhan Batu Utara,Kabupaten,1223040,Aek Natas
1200000,Sumatera Utara,1223000,Labuhan Batu Utara,Kabupaten,1223050,Kualuh Selatan
1200000,Sumatera Utara,1223000,Labuhan Batu Utara,Kabupaten,1223060,Kualuh Hilir
1200000,Sumatera Utara,1223000,Labuhan Batu Utara,Kabupaten,1223070,Kualuh Hulu
1200000,Sumatera Utara,1223000,Labuhan Batu Utara,Kabupaten,1223080,Kualuh Leidong
1200000,Sumatera Utara,1224000,Nias Utara,Kabupaten,1224010,Tugala Oyo
1200000,Sumatera Utara,1224000,Nias Utara,Kabupaten,1224020,Alasa
1200000,Sumatera Utara,1224000,Nias Utara,Kabupaten,1224030,Alasa Talu Muzoi
1200000,Sumatera Utara,1224000,Nias Utara,Kabupaten,1224040,Namohalu Esiwa
1200000,Sumatera Utara,1224000,Nias Utara,Kabupaten,1224050,Sitolu Ori
1200000,Sumatera Utara,1224000,Nias Utara,Kabupaten,1224060,Tuhemberua
1200000,Sumatera Utara,1224000,Nias Utara,Kabupaten,1224070,Sawo
1200000,Sumatera Utara,1224000,Nias Utara,Kabupaten,1224080,Lotu
1200000,Sumatera Utara,1224000,Nias Utara,Kabupaten,1224090,Lahewa Timur
1200000,Sumatera Utara,1224000,Nias Utara,Kabupaten,1224100,Afulu
1200000,Sumatera Utara,1224000,Nias Utara,Kabupaten,1224110,Lahewa
1200000,Sumatera Utara,1225000,Nias Barat,Kabupaten,1225010,Sirombu
1200000,Sumatera Utara,1225000,Nias Barat,Kabupaten,1225020,Lahomi
1200000,Sumatera Utara,1225000,Nias Barat,Kabupaten,1225030,Ulu Moro'O
1200000,Sumatera Utara,1225000,Nias Barat,Kabupaten,1225040,Lolofitu Moi
1200000,Sumatera Utara,1225000,Nias Barat,Kabupaten,1225050,Mandrehe Utara
1200000,Sumatera Utara,1225000,Nias Barat,Kabupaten,1225060,Mandrehe
1200000,Sumatera Utara,1225000,Nias Barat,Kabupaten,1225070,Mandrehe Barat
1200000,Sumatera Utara,1225000,Nias Barat,Kabupaten,1225080,Moro'O
1200000,Sumatera Utara,1271000,Sibolga,Kota,1271010,Sibolga Utara
1200000,Sumatera Utara,1271000,Sibolga,Kota,1271020,Sibolga Kota
1200000,Sumatera Utara,1271000,Sibolga,Kota,1271030,Sibolga Selatan
1200000,Sumatera Utara,1271000,Sibolga,Kota,1271031,Sibolga Sambas
1200000,Sumatera Utara,1272000,Tanjung Balai,Kota,1272010,Datuk Bandar
1200000,Sumatera Utara,1272000,Tanjung Balai,Kota,1272011,Datuk Bandar Timur
1200000,Sumatera Utara,1272000,Tanjung Balai,Kota,1272020,Tanjung Balai Selatan
1200000,Sumatera Utara,1272000,Tanjung Balai,Kota,1272030,Tanjung Balai Utara
1200000,Sumatera Utara,1272000,Tanjung Balai,Kota,1272040,Sei Tualang Raso
1200000,Sumatera Utara,1272000,Tanjung Balai,Kota,1272050,Teluk Nibung
1200000,Sumatera Utara,1273000,Pematang Siantar,Kota,1273010,Siantar Marihat
1200000,Sumatera Utara,1273000,Pematang Siantar,Kota,1273011,Siantar Marimbun
1200000,Sumatera Utara,1273000,Pematang Siantar,Kota,1273020,Siantar Selatan
1200000,Sumatera Utara,1273000,Pematang Siantar,Kota,1273030,Siantar Barat
1200000,Sumatera Utara,1273000,Pematang Siantar,Kota,1273040,Siantar Utara
1200000,Sumatera Utara,1273000,Pematang Siantar,Kota,1273050,Siantar Timur
1200000,Sumatera Utara,1273000,Pematang Siantar,Kota,1273060,Siantar Martoba
1200000,Sumatera Utara,1273000,Pematang Siantar,Kota,1273061,Siantar Sitalasari
1200000,Sumatera Utara,1274000,Tebing Tinggi,Kota,1274010,Padang Hulu
1200000,Sumatera Utara,1274000,Tebing Tinggi,Kota,1274011,Tebing Tinggi Kota
1200000,Sumatera Utara,1274000,Tebing Tinggi,Kota,1274020,Rambutan
1200000,Sumatera Utara,1274000,Tebing Tinggi,Kota,1274021,Bajenis
1200000,Sumatera Utara,1274000,Tebing Tinggi,Kota,1274030,Padang Hilir
1200000,Sumatera Utara,1275000,Medan,Kota,1275010,Medan Tuntungan
1200000,Sumatera Utara,1275000,Medan,Kota,1275020,Medan Johor
1200000,Sumatera Utara,1275000,Medan,Kota,1275030,Medan Amplas
1200000,Sumatera Utara,1275000,Medan,Kota,1275040,Medan Denai
1200000,Sumatera Utara,1275000,Medan,Kota,1275050,Medan Area
1200000,Sumatera Utara,1275000,Medan,Kota,1275060,Medan Kota
1200000,Sumatera Utara,1275000,Medan,Kota,1275070,Medan Maimun
1200000,Sumatera Utara,1275000,Medan,Kota,1275080,Medan Polonia
1200000,Sumatera Utara,1275000,Medan,Kota,1275090,Medan Baru
1200000,Sumatera Utara,1275000,Medan,Kota,1275100,Medan Selayang
1200000,Sumatera Utara,1275000,Medan,Kota,1275110,Medan Sunggal
1200000,Sumatera Utara,1275000,Medan,Kota,1275120,Medan Helvetia
1200000,Sumatera Utara,1275000,Medan,Kota,1275130,Medan Petisah
1200000,Sumatera Utara,1275000,Medan,Kota,1275140,Medan Barat
1200000,Sumatera Utara,1275000,Medan,Kota,1275150,Medan Timur
1200000,Sumatera Utara,1275000,Medan,Kota,1275160,Medan Perjuangan
1200000,Sumatera Utara,1275000,Medan,Kota,1275170,Medan Tembung
1200000,Sumatera Utara,1275000,Medan,Kota,1275180,Medan Deli
1200000,Sumatera Utara,1275000,Medan,Kota,1275190,Medan Labuhan
1200000,Sumatera Utara,1275000,Medan,Kota,1275200,Medan Marelan
1200000,Sumatera Utara,1275000,Medan,Kota,1275210,Medan Belawan
1200000,Sumatera Utara,1276000,Binjai,Kota,1276010,Binjai Selatan
1200000,Sumatera Utara,1276000,Binjai,Kota,1276020,Binjai Kota
1200000,Sumatera Utara,1276000,Binjai,Kota,1276030,Binjai Timur
1200000,Sumatera Utara,1276000,Binjai,Kota,1276040,Binjai Utara
1200000,Sumatera Utara,1276000,Binjai,Kota,1276050,Binjai Barat
1200000,Sumatera Utara,1277000,Padangsidimpuan,Kota,1277010,Padangsidimpuan Tenggara
1200000,Sumatera Utara,1277000,Padangsidimpuan,Kota,1277020,Padangsidimpuan Selatan
1200000,Sumatera Utara,1277000,Padangsidimpuan,Kota,1277030,Padangsidimpuan Batunadua
1200000,Sumatera Utara,1277000,Padangsidimpuan,Kota,1277040,Padangsidimpuan Utara
1200000,Sumatera Utara,1277000,Padangsidimpuan,Kota,1277050,Padangsidimpuan Hutaimbaru
1200000,Sumatera Utara,1277000,Padangsidimpuan,Kota,1277051,Padangsidimpuan Angkola Julu
1200000,Sumatera Utara,1278000,Gunungsitoli,Kota,1278010,Gunungsitoli Idanoi
1200000,Sumatera Utara,1278000,Gunungsitoli,Kota,1278020,Gunungsitoli Selatan
1200000,Sumatera Utara,1278000,Gunungsitoli,Kota,1278030,Gunungsitoli Barat
1200000,Sumatera Utara,1278000,Gunungsitoli,Kota,1278040,Gunung Sitoli
1200000,Sumatera Utara,1278000,Gunungsitoli,Kota,1278050,Gunungsitoli Alo Oa
1200000,Sumatera Utara,1278000,Gunungsitoli,Kota,1278060,Gunungsitoli Utara
1300000,Sumatera Barat,1301000,Kepulauan Mentawai,Kabupaten,1301011,Pagai Selatan
1300000,Sumatera Barat,1301000,Kepulauan Mentawai,Kabupaten,1301012,Sikakap
1300000,Sumatera Barat,1301000,Kepulauan Mentawai,Kabupaten,1301013,Pagai Utara
1300000,Sumatera Barat,1301000,Kepulauan Mentawai,Kabupaten,1301021,Sipora Selatan
1300000,Sumatera Barat,1301000,Kepulauan Mentawai,Kabupaten,1301022,Sipora Utara
1300000,Sumatera Barat,1301000,Kepulauan Mentawai,Kabupaten,1301030,Siberut Selatan
1300000,Sumatera Barat,1301000,Kepulauan Mentawai,Kabupaten,1301031,Seberut Barat Daya
1300000,Sumatera Barat,1301000,Kepulauan Mentawai,Kabupaten,1301032,Siberut Tengah
1300000,Sumatera Barat,1301000,Kepulauan Mentawai,Kabupaten,1301040,Siberut Utara
1300000,Sumatera Barat,1301000,Kepulauan Mentawai,Kabupaten,1301041,Siberut Barat
1300000,Sumatera Barat,1302000,Pesisir Selatan,Kabupaten,1302011,Silaut
1300000,Sumatera Barat,1302000,Pesisir Selatan,Kabupaten,1302012,Lunang
1300000,Sumatera Barat,1302000,Pesisir Selatan,Kabupaten,1302020,Basa Ampek Balai Tapan
1300000,Sumatera Barat,1302000,Pesisir Selatan,Kabupaten,1302021,Ranah Ampek Hulu Tapan
1300000,Sumatera Barat,1302000,Pesisir Selatan,Kabupaten,1302030,Pancung Soal
1300000,Sumatera Barat,1302000,Pesisir Selatan,Kabupaten,1302031,Airpura
1300000,Sumatera Barat,1302000,Pesisir Selatan,Kabupaten,1302040,Linggo Sari Baganti
1300000,Sumatera Barat,1302000,Pesisir Selatan,Kabupaten,1302050,Ranah Pesisir
1300000,Sumatera Barat,1302000,Pesisir Selatan,Kabupaten,1302060,Lengayang
1300000,Sumatera Barat,1302000,Pesisir Selatan,Kabupaten,1302070,Sutera
1300000,Sumatera Barat,1302000,Pesisir Selatan,Kabupaten,1302080,Batang Kapas
1300000,Sumatera Barat,1302000,Pesisir Selatan,Kabupaten,1302090,IV Jurai
1300000,Sumatera Barat,1302000,Pesisir Selatan,Kabupaten,1302100,Bayang
1300000,Sumatera Barat,1302000,Pesisir Selatan,Kabupaten,1302101,Iv Nagari Bayang Utara
1300000,Sumatera Barat,1302000,Pesisir Selatan,Kabupaten,1302110,Koto XI Tarusan
1300000,Sumatera Barat,1303000,Solok,Kabupaten,1303040,Pantai Cermin
1300000,Sumatera Barat,1303000,Solok,Kabupaten,1303050,Lembah Gumanti
1300000,Sumatera Barat,1303000,Solok,Kabupaten,1303051,Hiliran Gumanti
1300000,Sumatera Barat,1303000,Solok,Kabupaten,1303060,Payung Sekaki
1300000,Sumatera Barat,1303000,Solok,Kabupaten,1303061,Tigo Lurah
1300000,Sumatera Barat,1303000,Solok,Kabupaten,1303070,Lembang Jaya
1300000,Sumatera Barat,1303000,Solok,Kabupaten,1303071,Danau Kembar
1300000,Sumatera Barat,1303000,Solok,Kabupaten,1303080,Gunung Talang
1300000,Sumatera Barat,1303000,Solok,Kabupaten,1303090,Bukit Sundi
1300000,Sumatera Barat,1303000,Solok,Kabupaten,1303100,IX Koto Sungai Lasi
1300000,Sumatera Barat,1303000,Solok,Kabupaten,1303110,Kubung
1300000,Sumatera Barat,1303000,Solok,Kabupaten,1303120,X Koto Diatas
1300000,Sumatera Barat,1303000,Solok,Kabupaten,1303130,X Koto Singkarak
1300000,Sumatera Barat,1303000,Solok,Kabupaten,1303140,Junjung Sirih
1300000,Sumatera Barat,1304000,Sijunjung,Kabupaten,1304050,Kamang Baru
1300000,Sumatera Barat,1304000,Sijunjung,Kabupaten,1304060,Tanjung Gadang
1300000,Sumatera Barat,1304000,Sijunjung,Kabupaten,1304070,Sijunjung
1300000,Sumatera Barat,1304000,Sijunjung,Kabupaten,1304071,Lubuk Tarok
1300000,Sumatera Barat,1304000,Sijunjung,Kabupaten,1304080,IV Nagari
1300000,Sumatera Barat,1304000,Sijunjung,Kabupaten,1304090,Kupitan
1300000,Sumatera Barat,1304000,Sijunjung,Kabupaten,1304100,Koto Tujuh
1300000,Sumatera Barat,1304000,Sijunjung,Kabupaten,1304110,Sumpur Kudus
1300000,Sumatera Barat,1305000,Tanah Datar,Kabupaten,1305010,X Koto
1300000,Sumatera Barat,1305000,Tanah Datar,Kabupaten,1305020,Batipuh
1300000,Sumatera Barat,1305000,Tanah Datar,Kabupaten,1305021,Batipuah Selatan
1300000,Sumatera Barat,1305000,Tanah Datar,Kabupaten,1305030,Pariangan
1300000,Sumatera Barat,1305000,Tanah Datar,Kabupaten,1305040,Rambatan
1300000,Sumatera Barat,1305000,Tanah Datar,Kabupaten,1305050,Lima Kaum
1300000,Sumatera Barat,1305000,Tanah Datar,Kabupaten,1305060,Tanjung Emas
1300000,Sumatera Barat,1305000,Tanah Datar,Kabupaten,1305070,Padang Ganting
1300000,Sumatera Barat,1305000,Tanah Datar,Kabupaten,1305080,Lintau Buo
1300000,Sumatera Barat,1305000,Tanah Datar,Kabupaten,1305081,Lintau Buo Utara
1300000,Sumatera Barat,1305000,Tanah Datar,Kabupaten,1305090,Sungayang
1300000,Sumatera Barat,1305000,Tanah Datar,Kabupaten,1305100,Sungai Tarab
1300000,Sumatera Barat,1305000,Tanah Datar,Kabupaten,1305110,Salimpaung
1300000,Sumatera Barat,1305000,Tanah Datar,Kabupaten,1305111,Tanjuang Baru
1300000,Sumatera Barat,1306000,Padang Pariaman,Kabupaten,1306010,Batang Anai
1300000,Sumatera Barat,1306000,Padang Pariaman,Kabupaten,1306020,Lubuak Aluang
1300000,Sumatera Barat,1306000,Padang Pariaman,Kabupaten,1306021,Sintuak Toboh Gadang
1300000,Sumatera Barat,1306000,Padang Pariaman,Kabupaten,1306030,Ulakan Tapakih
1300000,Sumatera Barat,1306000,Padang Pariaman,Kabupaten,1306040,Nan Sabaris
1300000,Sumatera Barat,1306000,Padang Pariaman,Kabupaten,1306050,2 X 11 Anam Lingkuang
1300000,Sumatera Barat,1306000,Padang Pariaman,Kabupaten,1306051,Anam Lingkuang
1300000,Sumatera Barat,1306000,Padang Pariaman,Kabupaten,1306052,2 X 11 Kayu Tanam
1300000,Sumatera Barat,1306000,Padang Pariaman,Kabupaten,1306060,VII Koto
1300000,Sumatera Barat,1306000,Padang Pariaman,Kabupaten,1306061,VII Koto Patamuan
1300000,Sumatera Barat,1306000,Padang Pariaman,Kabupaten,1306062,VII Koto Padang Sago
1300000,Sumatera Barat,1306000,Padang Pariaman,Kabupaten,1306070,V Koto
1300000,Sumatera Barat,1306000,Padang Pariaman,Kabupaten,1306071,V Koto Timur
1300000,Sumatera Barat,1306000,Padang Pariaman,Kabupaten,1306080,Sungai Limau
1300000,Sumatera Barat,1306000,Padang Pariaman,Kabupaten,1306081,Batang Gasan
1300000,Sumatera Barat,1306000,Padang Pariaman,Kabupaten,1306090,Sungai Garinggiang
1300000,Sumatera Barat,1306000,Padang Pariaman,Kabupaten,1306100,IV Koto Aua Malintang
1300000,Sumatera Barat,1307000,Agam,Kabupaten,1307010,Tanjung Mutiara
1300000,Sumatera Barat,1307000,Agam,Kabupaten,1307020,Lubuk Basung
1300000,Sumatera Barat,1307000,Agam,Kabupaten,1307021,Ampek Nagari
1300000,Sumatera Barat,1307000,Agam,Kabupaten,1307030,Tanjung Raya
1300000,Sumatera Barat,1307000,Agam,Kabupaten,1307040,Matur
1300000,Sumatera Barat,1307000,Agam,Kabupaten,1307050,IV Koto
1300000,Sumatera Barat,1307000,Agam,Kabupaten,1307051,Malalak
1300000,Sumatera Barat,1307000,Agam,Kabupaten,1307061,Banuhampu
1300000,Sumatera Barat,1307000,Agam,Kabupaten,1307062,Sungai Pua
1300000,Sumatera Barat,1307000,Agam,Kabupaten,1307070,Ampek Angkek
1300000,Sumatera Barat,1307000,Agam,Kabupaten,1307071,Canduang
1300000,Sumatera Barat,1307000,Agam,Kabupaten,1307080,Baso
1300000,Sumatera Barat,1307000,Agam,Kabupaten,1307090,Tilatang Kamang
1300000,Sumatera Barat,1307000,Agam,Kabupaten,1307091,Kamang Magek
1300000,Sumatera Barat,1307000,Agam,Kabupaten,1307100,Palembayan
1300000,Sumatera Barat,1307000,Agam,Kabupaten,1307110,Palupuh
1300000,Sumatera Barat,1308000,Lima Puluh Kota,Kabupaten,1308010,Payakumbuh
1300000,Sumatera Barat,1308000,Lima Puluh Kota,Kabupaten,1308011,Akabiluru
1300000,Sumatera Barat,1308000,Lima Puluh Kota,Kabupaten,1308020,Luak
1300000,Sumatera Barat,1308000,Lima Puluh Kota,Kabupaten,1308021,Lareh Sago Halaban
1300000,Sumatera Barat,1308000,Lima Puluh Kota,Kabupaten,1308022,Situjuah Limo Nagari
1300000,Sumatera Barat,1308000,Lima Puluh Kota,Kabupaten,1308030,Harau
1300000,Sumatera Barat,1308000,Lima Puluh Kota,Kabupaten,1308040,Guguak
1300000,Sumatera Barat,1308000,Lima Puluh Kota,Kabupaten,1308041,Mungka
1300000,Sumatera Barat,1308000,Lima Puluh Kota,Kabupaten,1308050,Suliki
1300000,Sumatera Barat,1308000,Lima Puluh Kota,Kabupaten,1308051,Bukik Barisan
1300000,Sumatera Barat,1308000,Lima Puluh Kota,Kabupaten,1308060,Gunuang Omeh
1300000,Sumatera Barat,1308000,Lima Puluh Kota,Kabupaten,1308070,Kapur IX
1300000,Sumatera Barat,1308000,Lima Puluh Kota,Kabupaten,1308080,Pangkalan Koto Baru
1300000,Sumatera Barat,1309000,Pasaman,Kabupaten,1309070,Bonjol
1300000,Sumatera Barat,1309000,Pasaman,Kabupaten,1309071,Tigo Nagari
1300000,Sumatera Barat,1309000,Pasaman,Kabupaten,1309072,Simpang Alahan Mati
1300000,Sumatera Barat,1309000,Pasaman,Kabupaten,1309080,Lubuk Sikaping
1300000,Sumatera Barat,1309000,Pasaman,Kabupaten,1309100,Dua Koto
1300000,Sumatera Barat,1309000,Pasaman,Kabupaten,1309110,Panti
1300000,Sumatera Barat,1309000,Pasaman,Kabupaten,1309111,Padang Gelugur
1300000,Sumatera Barat,1309000,Pasaman,Kabupaten,1309121,Rao
1300000,Sumatera Barat,1309000,Pasaman,Kabupaten,1309122,Mapat Tunggul
1300000,Sumatera Barat,1309000,Pasaman,Kabupaten,1309123,Mapat Tunggul Selatan
1300000,Sumatera Barat,1309000,Pasaman,Kabupaten,1309124,Rao Selatan
1300000,Sumatera Barat,1309000,Pasaman,Kabupaten,1309125,Rao Utara
1300000,Sumatera Barat,1310000,Solok Selatan,Kabupaten,1310010,Sangir
1300000,Sumatera Barat,1310000,Solok Selatan,Kabupaten,1310020,Sangir Jujuan
1300000,Sumatera Barat,1310000,Solok Selatan,Kabupaten,1310021,Sangir Balai Janggo
1300000,Sumatera Barat,1310000,Solok Selatan,Kabupaten,1310030,Sangir Batang Hari
1300000,Sumatera Barat,1310000,Solok Selatan,Kabupaten,1310040,Sungai Pagu
1300000,Sumatera Barat,1310000,Solok Selatan,Kabupaten,1310041,Pauh Duo
1300000,Sumatera Barat,1310000,Solok Selatan,Kabupaten,1310050,Koto Parik Gadang Diateh
1300000,Sumatera Barat,1311000,Dharmasraya,Kabupaten,1311010,Sungai Rumbai
1300000,Sumatera Barat,1311000,Dharmasraya,Kabupaten,1311011,Koto Besar
1300000,Sumatera Barat,1311000,Dharmasraya,Kabupaten,1311012,Asam Jujuhan
1300000,Sumatera Barat,1311000,Dharmasraya,Kabupaten,1311020,Koto Baru
1300000,Sumatera Barat,1311000,Dharmasraya,Kabupaten,1311021,Koto Salak
1300000,Sumatera Barat,1311000,Dharmasraya,Kabupaten,1311022,Tiumang
1300000,Sumatera Barat,1311000,Dharmasraya,Kabupaten,1311023,Padang Laweh
1300000,Sumatera Barat,1311000,Dharmasraya,Kabupaten,1311030,Sitiung
1300000,Sumatera Barat,1311000,Dharmasraya,Kabupaten,1311031,Timpeh
1300000,Sumatera Barat,1311000,Dharmasraya,Kabupaten,1311040,Pulau Punjung
1300000,Sumatera Barat,1311000,Dharmasraya,Kabupaten,1311041,IX Koto
1300000,Sumatera Barat,1312000,Pasaman Barat,Kabupaten,1312010,Sungai Beremas
1300000,Sumatera Barat,1312000,Pasaman Barat,Kabupaten,1312020,Ranah Batahan
1300000,Sumatera Barat,1312000,Pasaman Barat,Kabupaten,1312030,Koto Balingka
1300000,Sumatera Barat,1312000,Pasaman Barat,Kabupaten,1312040,Sungai Aur
1300000,Sumatera Barat,1312000,Pasaman Barat,Kabupaten,1312050,Lembah Melintang
1300000,Sumatera Barat,1312000,Pasaman Barat,Kabupaten,1312060,Gunung Tuleh
1300000,Sumatera Barat,1312000,Pasaman Barat,Kabupaten,1312070,Talamau
1300000,Sumatera Barat,1312000,Pasaman Barat,Kabupaten,1312080,Pasaman
1300000,Sumatera Barat,1312000,Pasaman Barat,Kabupaten,1312090,Luhak Nan Duo
1300000,Sumatera Barat,1312000,Pasaman Barat,Kabupaten,1312100,Sasak Ranah Pasisie
1300000,Sumatera Barat,1312000,Pasaman Barat,Kabupaten,1312110,Kinali
1300000,Sumatera Barat,1371000,Padang,Kota,1371010,Bungus Teluk Kabung
1300000,Sumatera Barat,1371000,Padang,Kota,1371020,Lubuk Kilangan
1300000,Sumatera Barat,1371000,Padang,Kota,1371030,Lubuk Begalung
1300000,Sumatera Barat,1371000,Padang,Kota,1371040,Padang Selatan
1300000,Sumatera Barat,1371000,Padang,Kota,1371050,Padang Timur
1300000,Sumatera Barat,1371000,Padang,Kota,1371060,Padang Barat
1300000,Sumatera Barat,1371000,Padang,Kota,1371070,Padang Utara
1300000,Sumatera Barat,1371000,Padang,Kota,1371080,Nanggalo
1300000,Sumatera Barat,1371000,Padang,Kota,1371090,Kuranji
1300000,Sumatera Barat,1371000,Padang,Kota,1371100,Pauh
1300000,Sumatera Barat,1371000,Padang,Kota,1371110,Koto Tangah
1300000,Sumatera Barat,1372000,Solok,Kota,1372010,Lubuk Sikarah
1300000,Sumatera Barat,1372000,Solok,Kota,1372020,Tanjung Harapan
1300000,Sumatera Barat,1373000,Sawah Lunto,Kota,1373010,Silungkang
1300000,Sumatera Barat,1373000,Sawah Lunto,Kota,1373020,Lembah Segar
1300000,Sumatera Barat,1373000,Sawah Lunto,Kota,1373030,Barangin
1300000,Sumatera Barat,1373000,Sawah Lunto,Kota,1373040,Talawi
1300000,Sumatera Barat,1374000,Padang Panjang,Kota,1374010,Padang Panjang Barat
1300000,Sumatera Barat,1374000,Padang Panjang,Kota,1374020,Padang Panjang Timur
1300000,Sumatera Barat,1375000,Bukittinggi,Kota,1375010,Guguk Panjang
1300000,Sumatera Barat,1375000,Bukittinggi,Kota,1375020,Mandiangin Koto Selayan
1300000,Sumatera Barat,1375000,Bukittinggi,Kota,1375030,Aur Birugo Tigo Baleh
1300000,Sumatera Barat,1376000,Payakumbuh,Kota,1376010,Payakumbuh Barat
1300000,Sumatera Barat,1376000,Payakumbuh,Kota,1376011,Payakumbuh Selatan
1300000,Sumatera Barat,1376000,Payakumbuh,Kota,1376020,Payakumbuh Timur
1300000,Sumatera Barat,1376000,Payakumbuh,Kota,1376030,Payakumbuh Utara
1300000,Sumatera Barat,1376000,Payakumbuh,Kota,1376031,Lamposi Tigo Nagori
1300000,Sumatera Barat,1377000,Pariaman,Kota,1377010,Pariaman Selatan
1300000,Sumatera Barat,1377000,Pariaman,Kota,1377020,Pariaman Tengah
1300000,Sumatera Barat,1377000,Pariaman,Kota,1377021,Pariaman Timur
1300000,Sumatera Barat,1377000,Pariaman,Kota,1377030,Pariaman Utara
1400000,Riau,1401000,Kuantan Singingi,Kabupaten,1401010,Kuantan Mudik
1400000,Riau,1401000,Kuantan Singingi,Kabupaten,1401011,Hulu Kuantan
1400000,Riau,1401000,Kuantan Singingi,Kabupaten,1401012,Gunung Toar
1400000,Riau,1401000,Kuantan Singingi,Kabupaten,1401013,Pucuk Rantau
1400000,Riau,1401000,Kuantan Singingi,Kabupaten,1401020,Singingi
1400000,Riau,1401000,Kuantan Singingi,Kabupaten,1401021,Singingi Hilir
1400000,Riau,1401000,Kuantan Singingi,Kabupaten,1401030,Kuantan Tengah
1400000,Riau,1401000,Kuantan Singingi,Kabupaten,1401031,Sentajo Raya
1400000,Riau,1401000,Kuantan Singingi,Kabupaten,1401040,Benai
1400000,Riau,1401000,Kuantan Singingi,Kabupaten,1401050,Kuantan Hilir
1400000,Riau,1401000,Kuantan Singingi,Kabupaten,1401051,Pangean
1400000,Riau,1401000,Kuantan Singingi,Kabupaten,1401052,Logas Tanah Darat
1400000,Riau,1401000,Kuantan Singingi,Kabupaten,1401053,Kuantan Hilir Seberang
1400000,Riau,1401000,Kuantan Singingi,Kabupaten,1401060,Cerenti
1400000,Riau,1401000,Kuantan Singingi,Kabupaten,1401061,Inuman
1400000,Riau,1402000,Indragiri Hulu,Kabupaten,1402010,Peranap
1400000,Riau,1402000,Indragiri Hulu,Kabupaten,1402011,Batang Peranap
1400000,Riau,1402000,Indragiri Hulu,Kabupaten,1402020,Seberida
1400000,Riau,1402000,Indragiri Hulu,Kabupaten,1402021,Batang Cenaku
1400000,Riau,1402000,Indragiri Hulu,Kabupaten,1402022,Batang Gansal
1400000,Riau,1402000,Indragiri Hulu,Kabupaten,1402030,Kelayang
1400000,Riau,1402000,Indragiri Hulu,Kabupaten,1402031,Rakit Kulim
1400000,Riau,1402000,Indragiri Hulu,Kabupaten,1402040,Pasir Penyu
1400000,Riau,1402000,Indragiri Hulu,Kabupaten,1402041,Lirik
1400000,Riau,1402000,Indragiri Hulu,Kabupaten,1402042,Sungai Lala
1400000,Riau,1402000,Indragiri Hulu,Kabupaten,1402043,Lubuk Batu Jaya
1400000,Riau,1402000,Indragiri Hulu,Kabupaten,1402050,Rengat Barat
1400000,Riau,1402000,Indragiri Hulu,Kabupaten,1402060,Rengat
1400000,Riau,1402000,Indragiri Hulu,Kabupaten,1402061,Kuala Cenaku
1400000,Riau,1403000,Indragiri Hilir,Kabupaten,1403010,Keritang
1400000,Riau,1403000,Indragiri Hilir,Kabupaten,1403011,Kemuning
1400000,Riau,1403000,Indragiri Hilir,Kabupaten,1403020,Reteh
1400000,Riau,1403000,Indragiri Hilir,Kabupaten,1403021,Sungai Batang
1400000,Riau,1403000,Indragiri Hilir,Kabupaten,1403030,Enok
1400000,Riau,1403000,Indragiri Hilir,Kabupaten,1403040,Tanah Merah
1400000,Riau,1403000,Indragiri Hilir,Kabupaten,1403050,Kuala Indragiri
1400000,Riau,1403000,Indragiri Hilir,Kabupaten,1403051,Concong
1400000,Riau,1403000,Indragiri Hilir,Kabupaten,1403060,Tembilahan
1400000,Riau,1403000,Indragiri Hilir,Kabupaten,1403061,Tembilahan Hulu
1400000,Riau,1403000,Indragiri Hilir,Kabupaten,1403070,Tempuling
1400000,Riau,1403000,Indragiri Hilir,Kabupaten,1403071,Kempas
1400000,Riau,1403000,Indragiri Hilir,Kabupaten,1403080,Batang Tuaka
1400000,Riau,1403000,Indragiri Hilir,Kabupaten,1403090,Gaung Anak Serka
1400000,Riau,1403000,Indragiri Hilir,Kabupaten,1403100,Gaung
1400000,Riau,1403000,Indragiri Hilir,Kabupaten,1403110,Mandah
1400000,Riau,1403000,Indragiri Hilir,Kabupaten,1403120,Kateman
1400000,Riau,1403000,Indragiri Hilir,Kabupaten,1403121,Pelangiran
1400000,Riau,1403000,Indragiri Hilir,Kabupaten,1403122,Teluk Belengkong
1400000,Riau,1403000,Indragiri Hilir,Kabupaten,1403123,Pulau Burung
1400000,Riau,1404000,Pelalawan,Kabupaten,1404010,Langgam
1400000,Riau,1404000,Pelalawan,Kabupaten,1404011,Pangkalan Kerinci
1400000,Riau,1404000,Pelalawan,Kabupaten,1404012,Bandar Seikijang
1400000,Riau,1404000,Pelalawan,Kabupaten,1404020,Pangkalan Kuras
1400000,Riau,1404000,Pelalawan,Kabupaten,1404021,Ukui
1400000,Riau,1404000,Pelalawan,Kabupaten,1404022,Pangkalan Lesung
1400000,Riau,1404000,Pelalawan,Kabupaten,1404030,Bunut
1400000,Riau,1404000,Pelalawan,Kabupaten,1404031,Pelalawan
1400000,Riau,1404000,Pelalawan,Kabupaten,1404032,Bandar Petalangan
1400000,Riau,1404000,Pelalawan,Kabupaten,1404040,Kuala Kampar
1400000,Riau,1404000,Pelalawan,Kabupaten,1404041,Kerumutan
1400000,Riau,1404000,Pelalawan,Kabupaten,1404042,Teluk Meranti
1400000,Riau,1405000,Siak,Kabupaten,1405010,Minas
1400000,Riau,1405000,Siak,Kabupaten,1405011,Sungai Mandau
1400000,Riau,1405000,Siak,Kabupaten,1405012,Kandis
1400000,Riau,1405000,Siak,Kabupaten,1405020,Siak
1400000,Riau,1405000,Siak,Kabupaten,1405021,Kerinci Kanan
1400000,Riau,1405000,Siak,Kabupaten,1405022,Tualang
1400000,Riau,1405000,Siak,Kabupaten,1405023,Dayun
1400000,Riau,1405000,Siak,Kabupaten,1405024,Lubuk Dalam
1400000,Riau,1405000,Siak,Kabupaten,1405025,Koto Gasib
1400000,Riau,1405000,Siak,Kabupaten,1405026,Mempura
1400000,Riau,1405000,Siak,Kabupaten,1405030,Sungai Apit
1400000,Riau,1405000,Siak,Kabupaten,1405031,Bunga Raya
1400000,Riau,1405000,Siak,Kabupaten,1405032,Sabak Auh
1400000,Riau,1405000,Siak,Kabupaten,1405033,Pusako
1400000,Riau,1406000,Kampar,Kabupaten,1406010,Kampar Kiri
1400000,Riau,1406000,Kampar,Kabupaten,1406011,Kampar Kiri Hulu
1400000,Riau,1406000,Kampar,Kabupaten,1406012,Kampar Kiri Hilir
1400000,Riau,1406000,Kampar,Kabupaten,1406013,Gunung Sahilan
1400000,Riau,1406000,Kampar,Kabupaten,1406014,Kampar Kiri Tengah
1400000,Riau,1406000,Kampar,Kabupaten,1406020,XIII Koto Kampar
1400000,Riau,1406000,Kampar,Kabupaten,1406021,Koto Kampar Hulu
1400000,Riau,1406000,Kampar,Kabupaten,1406030,Kuok
1400000,Riau,1406000,Kampar,Kabupaten,1406031,Salo
1400000,Riau,1406000,Kampar,Kabupaten,1406040,Tapung
1400000,Riau,1406000,Kampar,Kabupaten,1406041,Tapung Hulu
1400000,Riau,1406000,Kampar,Kabupaten,1406042,Tapung Hilir
1400000,Riau,1406000,Kampar,Kabupaten,1406050,Bangkinang Kota
1400000,Riau,1406000,Kampar,Kabupaten,1406051,Bangkinang
1400000,Riau,1406000,Kampar,Kabupaten,1406060,Kampar
1400000,Riau,1406000,Kampar,Kabupaten,1406061,Kampa
1400000,Riau,1406000,Kampar,Kabupaten,1406062,Rumbio Jaya
1400000,Riau,1406000,Kampar,Kabupaten,1406063,Kampar Utara
1400000,Riau,1406000,Kampar,Kabupaten,1406070,Tambang
1400000,Riau,1406000,Kampar,Kabupaten,1406080,Siak Hulu
1400000,Riau,1406000,Kampar,Kabupaten,1406081,Perhentian Raja
1400000,Riau,1407000,Rokan Hulu,Kabupaten,1407010,Rokan IV Koto
1400000,Riau,1407000,Rokan Hulu,Kabupaten,1407011,Pendalian IV Koto
1400000,Riau,1407000,Rokan Hulu,Kabupaten,1407020,Tandun
1400000,Riau,1407000,Rokan Hulu,Kabupaten,1407021,Kabun
1400000,Riau,1407000,Rokan Hulu,Kabupaten,1407022,Ujung Batu
1400000,Riau,1407000,Rokan Hulu,Kabupaten,1407030,Rambah Samo
1400000,Riau,1407000,Rokan Hulu,Kabupaten,1407040,Rambah
1400000,Riau,1407000,Rokan Hulu,Kabupaten,1407041,Rambah Hilir
1400000,Riau,1407000,Rokan Hulu,Kabupaten,1407042,Bangun Purba
1400000,Riau,1407000,Rokan Hulu,Kabupaten,1407050,Tambusai
1400000,Riau,1407000,Rokan Hulu,Kabupaten,1407051,Tambusai Utara
1400000,Riau,1407000,Rokan Hulu,Kabupaten,1407060,Kepenuhan
1400000,Riau,1407000,Rokan Hulu,Kabupaten,1407061,Kepenuhan Hulu
1400000,Riau,1407000,Rokan Hulu,Kabupaten,1407070,Kunto Darussalam
1400000,Riau,1407000,Rokan Hulu,Kabupaten,1407071,Pagaran Tapah Darussalam
1400000,Riau,1407000,Rokan Hulu,Kabupaten,1407072,Bonai Darussalam
1400000,Riau,1408000,Bengkalis,Kabupaten,1408010,Mandau
1400000,Riau,1408000,Bengkalis,Kabupaten,1408011,Pinggir
1400000,Riau,1408000,Bengkalis,Kabupaten,1408012,Bathin Solapan
1400000,Riau,1408000,Bengkalis,Kabupaten,1408013,Talang Muandau
1400000,Riau,1408000,Bengkalis,Kabupaten,1408020,Bukit Batu
1400000,Riau,1408000,Bengkalis,Kabupaten,1408021,Siak Kecil
1400000,Riau,1408000,Bengkalis,Kabupaten,1408022,Bandar Laksamana
1400000,Riau,1408000,Bengkalis,Kabupaten,1408030,Rupat
1400000,Riau,1408000,Bengkalis,Kabupaten,1408031,Rupat Utara
1400000,Riau,1408000,Bengkalis,Kabupaten,1408040,Bengkalis
1400000,Riau,1408000,Bengkalis,Kabupaten,1408050,Bantan
1400000,Riau,1409000,Rokan Hilir,Kabupaten,1409010,Tanah Putih
1400000,Riau,1409000,Rokan Hilir,Kabupaten,1409011,Pujud
1400000,Riau,1409000,Rokan Hilir,Kabupaten,1409012,Tanah Putih Tanjung Melawan
1400000,Riau,1409000,Rokan Hilir,Kabupaten,1409013,Rantau Kopar
1400000,Riau,1409000,Rokan Hilir,Kabupaten,1409014,Tanjung Medan
1400000,Riau,1409000,Rokan Hilir,Kabupaten,1409020,Bagan Sinembah
1400000,Riau,1409000,Rokan Hilir,Kabupaten,1409021,Simpang Kanan
1400000,Riau,1409000,Rokan Hilir,Kabupaten,1409022,Bagan Sinembah Raya
1400000,Riau,1409000,Rokan Hilir,Kabupaten,1409023,Balai Jaya
1400000,Riau,1409000,Rokan Hilir,Kabupaten,1409030,Kubu
1400000,Riau,1409000,Rokan Hilir,Kabupaten,1409031,Pasir Limau Kapas
1400000,Riau,1409000,Rokan Hilir,Kabupaten,1409032,Kubu Babussalam
1400000,Riau,1409000,Rokan Hilir,Kabupaten,1409040,Bangko
1400000,Riau,1409000,Rokan Hilir,Kabupaten,1409041,Sinaboi
1400000,Riau,1409000,Rokan Hilir,Kabupaten,1409042,Batu Hampar
1400000,Riau,1409000,Rokan Hilir,Kabupaten,1409043,Pekaitan
1400000,Riau,1409000,Rokan Hilir,Kabupaten,1409050,Rimba Melintang
1400000,Riau,1409000,Rokan Hilir,Kabupaten,1409051,Bangko Pusako
1400000,Riau,1410000,Kepulauan Meranti,Kabupaten,1410010,Tebing Tinggi Barat
1400000,Riau,1410000,Kepulauan Meranti,Kabupaten,1410020,Tebing Tinggi
1400000,Riau,1410000,Kepulauan Meranti,Kabupaten,1410021,Tebing Tinggi Timur
1400000,Riau,1410000,Kepulauan Meranti,Kabupaten,1410030,Rangsang
1400000,Riau,1410000,Kepulauan Meranti,Kabupaten,1410031,Rangsang Pesisir
1400000,Riau,1410000,Kepulauan Meranti,Kabupaten,1410040,Rangsang Barat
1400000,Riau,1410000,Kepulauan Meranti,Kabupaten,1410050,Merbau
1400000,Riau,1410000,Kepulauan Meranti,Kabupaten,1410051,Pulau Merbau
1400000,Riau,1410000,Kepulauan Meranti,Kabupaten,1410052,Tasik Putri Puyu
1400000,Riau,1471000,Pekanbaru,Kota,1471011,Payung Sekaki
1400000,Riau,1471000,Pekanbaru,Kota,1471012,Tuahmadani
1400000,Riau,1471000,Pekanbaru,Kota,1471013,Binawidya
1400000,Riau,1471000,Pekanbaru,Kota,1471020,Bukit Raya
1400000,Riau,1471000,Pekanbaru,Kota,1471021,Marpoyan Damai
1400000,Riau,1471000,Pekanbaru,Kota,1471022,Tenayan Raya
1400000,Riau,1471000,Pekanbaru,Kota,1471023,Kulim
1400000,Riau,1471000,Pekanbaru,Kota,1471030,Limapuluh
1400000,Riau,1471000,Pekanbaru,Kota,1471040,Sail
1400000,Riau,1471000,Pekanbaru,Kota,1471050,Pekanbaru Kota
1400000,Riau,1471000,Pekanbaru,Kota,1471060,Sukajadi
1400000,Riau,1471000,Pekanbaru,Kota,1471070,Senapelan
1400000,Riau,1471000,Pekanbaru,Kota,1471080,Rumbai
1400000,Riau,1471000,Pekanbaru,Kota,1471082,Rumbai Barat
1400000,Riau,1471000,Pekanbaru,Kota,1471083,Rumbai Timur
1400000,Riau,1473000,Dumai,Kota,1473010,Bukit Kapur
1400000,Riau,1473000,Dumai,Kota,1473011,Medang Kampai
1400000,Riau,1473000,Dumai,Kota,1473012,Sungai Sembilan
1400000,Riau,1473000,Dumai,Kota,1473020,Dumai Barat
1400000,Riau,1473000,Dumai,Kota,1473021,Dumai Selatan
1400000,Riau,1473000,Dumai,Kota,1473030,Dumai Timur
1400000,Riau,1473000,Dumai,Kota,1473031,Dumai Kota
1500000,Jambi,1501000,Kerinci,Kabupaten,1501010,Gunung Raya
1500000,Jambi,1501000,Kerinci,Kabupaten,1501011,Bukit Kerman
1500000,Jambi,1501000,Kerinci,Kabupaten,1501020,Batang Merangin
1500000,Jambi,1501000,Kerinci,Kabupaten,1501030,Keliling Danau
1500000,Jambi,1501000,Kerinci,Kabupaten,1501031,Danau Kerinci Barat
1500000,Jambi,1501000,Kerinci,Kabupaten,1501040,Danau Kerinci
1500000,Jambi,1501000,Kerinci,Kabupaten,1501041,Tanah Cogok
1500000,Jambi,1501000,Kerinci,Kabupaten,1501050,Sitinjau Laut
1500000,Jambi,1501000,Kerinci,Kabupaten,1501070,Air Hangat
1500000,Jambi,1501000,Kerinci,Kabupaten,1501071,Air Hangat Timur
1500000,Jambi,1501000,Kerinci,Kabupaten,1501072,Depati VII
1500000,Jambi,1501000,Kerinci,Kabupaten,1501073,Air Hangat Barat
1500000,Jambi,1501000,Kerinci,Kabupaten,1501080,Gunung Kerinci
1500000,Jambi,1501000,Kerinci,Kabupaten,1501081,Siulak
1500000,Jambi,1501000,Kerinci,Kabupaten,1501082,Siulak Mukai
1500000,Jambi,1501000,Kerinci,Kabupaten,1501090,Kayu Aro
1500000,Jambi,1501000,Kerinci,Kabupaten,1501091,Gunung Tujuh
1500000,Jambi,1501000,Kerinci,Kabupaten,1501092,Kayu Aro Barat
1500000,Jambi,1502000,Merangin,Kabupaten,1502010,Jangkat
1500000,Jambi,1502000,Merangin,Kabupaten,1502011,Jangkat Timur
1500000,Jambi,1502000,Merangin,Kabupaten,1502020,Muara Siau
1500000,Jambi,1502000,Merangin,Kabupaten,1502021,Lembah Masurai
1500000,Jambi,1502000,Merangin,Kabupaten,1502022,Tiang Pumpung
1500000,Jambi,1502000,Merangin,Kabupaten,1502030,Pamenang
1500000,Jambi,1502000,Merangin,Kabupaten,1502031,Pamenang Barat
1500000,Jambi,1502000,Merangin,Kabupaten,1502032,Renah Pamenang
1500000,Jambi,1502000,Merangin,Kabupaten,1502033,Pamenang Selatan
1500000,Jambi,1502000,Merangin,Kabupaten,1502040,Bangko
1500000,Jambi,1502000,Merangin,Kabupaten,1502041,Bangko Barat
1500000,Jambi,1502000,Merangin,Kabupaten,1502042,Nalo Tantan
1500000,Jambi,1502000,Merangin,Kabupaten,1502043,Batang Masumai
1500000,Jambi,1502000,Merangin,Kabupaten,1502050,Sungai Manau
1500000,Jambi,1502000,Merangin,Kabupaten,1502051,Renah Pembarap
1500000,Jambi,1502000,Merangin,Kabupaten,1502052,Pangkalan Jambu
1500000,Jambi,1502000,Merangin,Kabupaten,1502060,Tabir
1500000,Jambi,1502000,Merangin,Kabupaten,1502061,Tabir Ulu
1500000,Jambi,1502000,Merangin,Kabupaten,1502062,Tabir Selatan
1500000,Jambi,1502000,Merangin,Kabupaten,1502063,Tabir Ilir
1500000,Jambi,1502000,Merangin,Kabupaten,1502064,Tabir Timur
1500000,Jambi,1502000,Merangin,Kabupaten,1502065,Tabir Lintas
1500000,Jambi,1502000,Merangin,Kabupaten,1502066,Margo Tabir
1500000,Jambi,1502000,Merangin,Kabupaten,1502067,Tabir Barat
1500000,Jambi,1503000,Sarolangun,Kabupaten,1503010,Batang Asai
1500000,Jambi,1503000,Sarolangun,Kabupaten,1503020,Limun
1500000,Jambi,1503000,Sarolangun,Kabupaten,1503021,Cermin Nan Gedang
1500000,Jambi,1503000,Sarolangun,Kabupaten,1503030,Pelawan
1500000,Jambi,1503000,Sarolangun,Kabupaten,1503031,Singkut
1500000,Jambi,1503000,Sarolangun,Kabupaten,1503040,Sarolangun
1500000,Jambi,1503000,Sarolangun,Kabupaten,1503041,Bathin VIII
1500000,Jambi,1503000,Sarolangun,Kabupaten,1503050,Pauh
1500000,Jambi,1503000,Sarolangun,Kabupaten,1503051,Air Hitam
1500000,Jambi,1503000,Sarolangun,Kabupaten,1503060,Mandiangin
1500000,Jambi,1503000,Sarolangun,Kabupaten,1503061,Mandiangin Timur
1500000,Jambi,1504000,Batang Hari,Kabupaten,1504010,Mersam
1500000,Jambi,1504000,Batang Hari,Kabupaten,1504011,Maro Sebo Ulu
1500000,Jambi,1504000,Batang Hari,Kabupaten,1504020,Batin XXIV
1500000,Jambi,1504000,Batang Hari,Kabupaten,1504030,Muara Tembesi
1500000,Jambi,1504000,Batang Hari,Kabupaten,1504040,Muara Bulian
1500000,Jambi,1504000,Batang Hari,Kabupaten,1504041,Bajubang
1500000,Jambi,1504000,Batang Hari,Kabupaten,1504042,Maro Sebo Ilir
1500000,Jambi,1504000,Batang Hari,Kabupaten,1504050,Pemayung
1500000,Jambi,1505000,Muaro Jambi,Kabupaten,1505010,Mestong
1500000,Jambi,1505000,Muaro Jambi,Kabupaten,1505011,Sungai Bahar
1500000,Jambi,1505000,Muaro Jambi,Kabupaten,1505012,Bahar Selatan
1500000,Jambi,1505000,Muaro Jambi,Kabupaten,1505013,Bahar Utara
1500000,Jambi,1505000,Muaro Jambi,Kabupaten,1505020,Kumpeh Ulu
1500000,Jambi,1505000,Muaro Jambi,Kabupaten,1505021,Sungai Gelam
1500000,Jambi,1505000,Muaro Jambi,Kabupaten,1505030,Kumpeh
1500000,Jambi,1505000,Muaro Jambi,Kabupaten,1505040,Maro Sebo
1500000,Jambi,1505000,Muaro Jambi,Kabupaten,1505041,Taman Rajo
1500000,Jambi,1505000,Muaro Jambi,Kabupaten,1505050,Jambi Luar Kota
1500000,Jambi,1505000,Muaro Jambi,Kabupaten,1505060,Sekernan
1500000,Jambi,1506000,Tanjung Jabung Timur,Kabupaten,1506010,Mendahara
1500000,Jambi,1506000,Tanjung Jabung Timur,Kabupaten,1506011,Mendahara Ulu
1500000,Jambi,1506000,Tanjung Jabung Timur,Kabupaten,1506012,Geragai
1500000,Jambi,1506000,Tanjung Jabung Timur,Kabupaten,1506020,Dendang
1500000,Jambi,1506000,Tanjung Jabung Timur,Kabupaten,1506031,Muara Sabak Barat
1500000,Jambi,1506000,Tanjung Jabung Timur,Kabupaten,1506032,Muara Sabak Timur
1500000,Jambi,1506000,Tanjung Jabung Timur,Kabupaten,1506033,Kuala Jambi
1500000,Jambi,1506000,Tanjung Jabung Timur,Kabupaten,1506040,Rantau Rasau
1500000,Jambi,1506000,Tanjung Jabung Timur,Kabupaten,1506041,Berbak
1500000,Jambi,1506000,Tanjung Jabung Timur,Kabupaten,1506050,Nipah Panjang
1500000,Jambi,1506000,Tanjung Jabung Timur,Kabupaten,1506060,Sadu
1500000,Jambi,1507000,Tanjung Jabung Barat,Kabupaten,1507010,Tungkal Ulu
1500000,Jambi,1507000,Tanjung Jabung Barat,Kabupaten,1507011,Merlung
1500000,Jambi,1507000,Tanjung Jabung Barat,Kabupaten,1507012,Batang Asam
1500000,Jambi,1507000,Tanjung Jabung Barat,Kabupaten,1507013,Tebing Tinggi
1500000,Jambi,1507000,Tanjung Jabung Barat,Kabupaten,1507014,Renah Mendaluh
1500000,Jambi,1507000,Tanjung Jabung Barat,Kabupaten,1507015,Muara Papalik
1500000,Jambi,1507000,Tanjung Jabung Barat,Kabupaten,1507020,Pengabuan
1500000,Jambi,1507000,Tanjung Jabung Barat,Kabupaten,1507021,Senyerang
1500000,Jambi,1507000,Tanjung Jabung Barat,Kabupaten,1507030,Tungkal Ilir
1500000,Jambi,1507000,Tanjung Jabung Barat,Kabupaten,1507031,Bram Itam
1500000,Jambi,1507000,Tanjung Jabung Barat,Kabupaten,1507032,Seberang Kota
1500000,Jambi,1507000,Tanjung Jabung Barat,Kabupaten,1507040,Betara
1500000,Jambi,1507000,Tanjung Jabung Barat,Kabupaten,1507041,Kuala Betara
1500000,Jambi,1508000,Tebo,Kabupaten,1508010,Tebo Ilir
1500000,Jambi,1508000,Tebo,Kabupaten,1508011,Muara Tabir
1500000,Jambi,1508000,Tebo,Kabupaten,1508020,Tebo Tengah
1500000,Jambi,1508000,Tebo,Kabupaten,1508021,Sumay
1500000,Jambi,1508000,Tebo,Kabupaten,1508022,Tengah Ilir
1500000,Jambi,1508000,Tebo,Kabupaten,1508030,Rimbo Bujang
1500000,Jambi,1508000,Tebo,Kabupaten,1508031,Rimbo Ulu
1500000,Jambi,1508000,Tebo,Kabupaten,1508032,Rimbo Ilir
1500000,Jambi,1508000,Tebo,Kabupaten,1508040,Tebo Ulu
1500000,Jambi,1508000,Tebo,Kabupaten,1508041,VII Koto
1500000,Jambi,1508000,Tebo,Kabupaten,1508042,Serai Serumpun
1500000,Jambi,1508000,Tebo,Kabupaten,1508043,VII Koto Ilir
1500000,Jambi,1509000,Bungo,Kabupaten,1509010,Pelepat
1500000,Jambi,1509000,Bungo,Kabupaten,1509011,Pelepat Ilir
1500000,Jambi,1509000,Bungo,Kabupaten,1509021,Bathin II Babeko
1500000,Jambi,1509000,Bungo,Kabupaten,1509022,Rimbo Tengah
1500000,Jambi,1509000,Bungo,Kabupaten,1509023,Bungo Dani
1500000,Jambi,1509000,Bungo,Kabupaten,1509024,Pasar Muara Bungo
1500000,Jambi,1509000,Bungo,Kabupaten,1509025,Bathin III
1500000,Jambi,1509000,Bungo,Kabupaten,1509030,Rantau Pandan
1500000,Jambi,1509000,Bungo,Kabupaten,1509031,Muko-Muko Bathin VII
1500000,Jambi,1509000,Bungo,Kabupaten,1509032,Bathin III Ulu
1500000,Jambi,1509000,Bungo,Kabupaten,1509040,Tanah Sepenggal
1500000,Jambi,1509000,Bungo,Kabupaten,1509041,Tanah Sepenggal Lintas
1500000,Jambi,1509000,Bungo,Kabupaten,1509050,Tanah Tumbuh
1500000,Jambi,1509000,Bungo,Kabupaten,1509051,Limbur Lubuk Mengkuang
1500000,Jambi,1509000,Bungo,Kabupaten,1509052,Bathin II Pelayang
1500000,Jambi,1509000,Bungo,Kabupaten,1509060,Jujuhan
1500000,Jambi,1509000,Bungo,Kabupaten,1509061,Jujuhan Ilir
1500000,Jambi,1571000,Jambi,Kota,1571010,Kota Baru
1500000,Jambi,1571000,Jambi,Kota,1571011,Alam Barajo
1500000,Jambi,1571000,Jambi,Kota,1571020,Jambi Selatan
1500000,Jambi,1571000,Jambi,Kota,1571021,Paal Merah
1500000,Jambi,1571000,Jambi,Kota,1571030,Jelutung
1500000,Jambi,1571000,Jambi,Kota,1571040,Pasar Jambi
1500000,Jambi,1571000,Jambi,Kota,1571050,Telanaipura
1500000,Jambi,1571000,Jambi,Kota,1571051,Danau Sipin
1500000,Jambi,1571000,Jambi,Kota,1571060,Danau Teluk
1500000,Jambi,1571000,Jambi,Kota,1571070,Pelayangan
1500000,Jambi,1571000,Jambi,Kota,1571080,Jambi Timur
1500000,Jambi,1572000,Sungai Penuh,Kota,1572010,Tanah Kampung
1500000,Jambi,1572000,Sungai Penuh,Kota,1572020,Kumun Debai
1500000,Jambi,1572000,Sungai Penuh,Kota,1572030,Sungai Penuh
1500000,Jambi,1572000,Sungai Penuh,Kota,1572031,Pondok Tinggi
1500000,Jambi,1572000,Sungai Penuh,Kota,1572032,Sungai Bungkal
1500000,Jambi,1572000,Sungai Penuh,Kota,1572040,Hamparan Rawang
1500000,Jambi,1572000,Sungai Penuh,Kota,1572050,Pesisir Bukit
1500000,Jambi,1572000,Sungai Penuh,Kota,1572051,Koto Baru
1600000,Sumatera Selatan,1601000,Ogan Komering Ulu,Kabupaten,1601052,Lengkiti
1600000,Sumatera Selatan,1601000,Ogan Komering Ulu,Kabupaten,1601070,Sosoh Buay Rayap
1600000,Sumatera Selatan,1601000,Ogan Komering Ulu,Kabupaten,1601080,Pengandonan
1600000,Sumatera Selatan,1601000,Ogan Komering Ulu,Kabupaten,1601081,Semidang Aji
1600000,Sumatera Selatan,1601000,Ogan Komering Ulu,Kabupaten,1601082,Ulu Ogan
1600000,Sumatera Selatan,1601000,Ogan Komering Ulu,Kabupaten,1601083,Muara Jaya
1600000,Sumatera Selatan,1601000,Ogan Komering Ulu,Kabupaten,1601090,Peninjauan
1600000,Sumatera Selatan,1601000,Ogan Komering Ulu,Kabupaten,1601091,Lubuk Batang
1600000,Sumatera Selatan,1601000,Ogan Komering Ulu,Kabupaten,1601092,Sinar Peninjauan
1600000,Sumatera Selatan,1601000,Ogan Komering Ulu,Kabupaten,1601093,Kedaton Peninjauan Raya
1600000,Sumatera Selatan,1601000,Ogan Komering Ulu,Kabupaten,1601130,Batu Raja Timur
1600000,Sumatera Selatan,1601000,Ogan Komering Ulu,Kabupaten,1601131,Lubuk Raja
1600000,Sumatera Selatan,1601000,Ogan Komering Ulu,Kabupaten,1601140,Batu Raja Barat
1600000,Sumatera Selatan,1602000,Ogan Komering Ilir,Kabupaten,1602010,Lempuing
1600000,Sumatera Selatan,1602000,Ogan Komering Ilir,Kabupaten,1602011,Lempuing Jaya
1600000,Sumatera Selatan,1602000,Ogan Komering Ilir,Kabupaten,1602020,Mesuji
1600000,Sumatera Selatan,1602000,Ogan Komering Ilir,Kabupaten,1602021,Sungai Menang
1600000,Sumatera Selatan,1602000,Ogan Komering Ilir,Kabupaten,1602022,Mesuji Makmur
1600000,Sumatera Selatan,1602000,Ogan Komering Ilir,Kabupaten,1602023,Mesuji Raya
1600000,Sumatera Selatan,1602000,Ogan Komering Ilir,Kabupaten,1602030,Tulung Selapan
1600000,Sumatera Selatan,1602000,Ogan Komering Ilir,Kabupaten,1602031,Cengal
1600000,Sumatera Selatan,1602000,Ogan Komering Ilir,Kabupaten,1602040,Pedamaran
1600000,Sumatera Selatan,1602000,Ogan Komering Ilir,Kabupaten,1602041,Pedamaran Timur
1600000,Sumatera Selatan,1602000,Ogan Komering Ilir,Kabupaten,1602050,Tanjung Lubuk
1600000,Sumatera Selatan,1602000,Ogan Komering Ilir,Kabupaten,1602051,Teluk Gelam
1600000,Sumatera Selatan,1602000,Ogan Komering Ilir,Kabupaten,1602060,Kota Kayu Agung
1600000,Sumatera Selatan,1602000,Ogan Komering Ilir,Kabupaten,1602120,Sirah Pulau Padang
1600000,Sumatera Selatan,1602000,Ogan Komering Ilir,Kabupaten,1602121,Jejawi
1600000,Sumatera Selatan,1602000,Ogan Komering Ilir,Kabupaten,1602130,Pampangan
1600000,Sumatera Selatan,1602000,Ogan Komering Ilir,Kabupaten,1602131,Pangkalan Lampam
1600000,Sumatera Selatan,1602000,Ogan Komering Ilir,Kabupaten,1602140,Air Sugihan
1600000,Sumatera Selatan,1603000,Muara Enim,Kabupaten,1603010,Semendo Darat Laut
1600000,Sumatera Selatan,1603000,Muara Enim,Kabupaten,1603011,Semendo Darat Ulu
1600000,Sumatera Selatan,1603000,Muara Enim,Kabupaten,1603012,Semendo Darat Tengah
1600000,Sumatera Selatan,1603000,Muara Enim,Kabupaten,1603020,Tanjung Agung
1600000,Sumatera Selatan,1603000,Muara Enim,Kabupaten,1603021,Panang Enim
1600000,Sumatera Selatan,1603000,Muara Enim,Kabupaten,1603031,Rambang
1600000,Sumatera Selatan,1603000,Muara Enim,Kabupaten,1603032,Lubai
1600000,Sumatera Selatan,1603000,Muara Enim,Kabupaten,1603033,Lubai Ulu
1600000,Sumatera Selatan,1603000,Muara Enim,Kabupaten,1603040,Lawang Kidul
1600000,Sumatera Selatan,1603000,Muara Enim,Kabupaten,1603050,Muara Enim
1600000,Sumatera Selatan,1603000,Muara Enim,Kabupaten,1603051,Ujan Mas
1600000,Sumatera Selatan,1603000,Muara Enim,Kabupaten,1603060,Gunung Megang
1600000,Sumatera Selatan,1603000,Muara Enim,Kabupaten,1603061,Benakat
1600000,Sumatera Selatan,1603000,Muara Enim,Kabupaten,1603062,Belimbing
1600000,Sumatera Selatan,1603000,Muara Enim,Kabupaten,1603070,Rambang Niru
1600000,Sumatera Selatan,1603000,Muara Enim,Kabupaten,1603071,Empat Petulai Dangku
1600000,Sumatera Selatan,1603000,Muara Enim,Kabupaten,1603090,Gelumbang
1600000,Sumatera Selatan,1603000,Muara Enim,Kabupaten,1603091,Lembak
1600000,Sumatera Selatan,1603000,Muara Enim,Kabupaten,1603092,Sungai Rotan
1600000,Sumatera Selatan,1603000,Muara Enim,Kabupaten,1603093,Muara Belida
1600000,Sumatera Selatan,1603000,Muara Enim,Kabupaten,1603094,Kelekar
1600000,Sumatera Selatan,1603000,Muara Enim,Kabupaten,1603095,Belida Darat
1600000,Sumatera Selatan,1604000,Lahat,Kabupaten,1604011,Tanjung Sakti Pumi
1600000,Sumatera Selatan,1604000,Lahat,Kabupaten,1604012,Tanjung Sakti Pumu
1600000,Sumatera Selatan,1604000,Lahat,Kabupaten,1604040,Kota Agung
1600000,Sumatera Selatan,1604000,Lahat,Kabupaten,1604041,Mulak Ulu
1600000,Sumatera Selatan,1604000,Lahat,Kabupaten,1604042,Tanjung Tebat
1600000,Sumatera Selatan,1604000,Lahat,Kabupaten,1604043,Mulak Sebingkai
1600000,Sumatera Selatan,1604000,Lahat,Kabupaten,1604050,Pulau Pinang
1600000,Sumatera Selatan,1604000,Lahat,Kabupaten,1604051,Pagar Gunung
1600000,Sumatera Selatan,1604000,Lahat,Kabupaten,1604052,Gumay Ulu
1600000,Sumatera Selatan,1604000,Lahat,Kabupaten,1604060,Jarai
1600000,Sumatera Selatan,1604000,Lahat,Kabupaten,1604061,Pajar Bulan
1600000,Sumatera Selatan,1604000,Lahat,Kabupaten,1604062,Muara Payang
1600000,Sumatera Selatan,1604000,Lahat,Kabupaten,1604063,Sukamerindu
1600000,Sumatera Selatan,1604000,Lahat,Kabupaten,1604111,Kikim Barat
1600000,Sumatera Selatan,1604000,Lahat,Kabupaten,1604112,Kikim Timur
1600000,Sumatera Selatan,1604000,Lahat,Kabupaten,1604113,Kikim Selatan
1600000,Sumatera Selatan,1604000,Lahat,Kabupaten,1604114,Kikim Tengah
1600000,Sumatera Selatan,1604000,Lahat,Kabupaten,1604120,Lahat
1600000,Sumatera Selatan,1604000,Lahat,Kabupaten,1604121,Gumay Talang
1600000,Sumatera Selatan,1604000,Lahat,Kabupaten,1604122,Pseksu
1600000,Sumatera Selatan,1604000,Lahat,Kabupaten,1604123,Lahat Selatan
1600000,Sumatera Selatan,1604000,Lahat,Kabupaten,1604131,Merapi Barat
1600000,Sumatera Selatan,1604000,Lahat,Kabupaten,1604132,Merapi Timur
1600000,Sumatera Selatan,1604000,Lahat,Kabupaten,1604133,Merapi Selatan
1600000,Sumatera Selatan,1605000,Musi Rawas,Kabupaten,1605030,Suku Tengah Lakitan Ulu
1600000,Sumatera Selatan,1605000,Musi Rawas,Kabupaten,1605031,Selangit
1600000,Sumatera Selatan,1605000,Musi Rawas,Kabupaten,1605032,Sumber Harta
1600000,Sumatera Selatan,1605000,Musi Rawas,Kabupaten,1605040,Tugumulyo
1600000,Sumatera Selatan,1605000,Musi Rawas,Kabupaten,1605041,Purwodadi
1600000,Sumatera Selatan,1605000,Musi Rawas,Kabupaten,1605050,Muara Beliti
1600000,Sumatera Selatan,1605000,Musi Rawas,Kabupaten,1605051,Tiang Pumpung Kepungut
1600000,Sumatera Selatan,1605000,Musi Rawas,Kabupaten,1605060,Jayaloka
1600000,Sumatera Selatan,1605000,Musi Rawas,Kabupaten,1605061,Suka Karya
1600000,Sumatera Selatan,1605000,Musi Rawas,Kabupaten,1605070,Muara Kelingi
1600000,Sumatera Selatan,1605000,Musi Rawas,Kabupaten,1605071,Bulang Tengah Suku Ulu
1600000,Sumatera Selatan,1605000,Musi Rawas,Kabupaten,1605072,Tuah Negeri
1600000,Sumatera Selatan,1605000,Musi Rawas,Kabupaten,1605080,Muara Lakitan
1600000,Sumatera Selatan,1605000,Musi Rawas,Kabupaten,1605090,Megang Sakti
1600000,Sumatera Selatan,1606000,Musi Banyuasin,Kabupaten,1606010,Sanga Desa
1600000,Sumatera Selatan,1606000,Musi Banyuasin,Kabupaten,1606020,Babat Toman
1600000,Sumatera Selatan,1606000,Musi Banyuasin,Kabupaten,1606021,Batanghari Leko
1600000,Sumatera Selatan,1606000,Musi Banyuasin,Kabupaten,1606022,Plakat Tinggi
1600000,Sumatera Selatan,1606000,Musi Banyuasin,Kabupaten,1606023,Lawang Wetan
1600000,Sumatera Selatan,1606000,Musi Banyuasin,Kabupaten,1606030,Sungai Keruh
1600000,Sumatera Selatan,1606000,Musi Banyuasin,Kabupaten,1606031,Jirak Jaya
1600000,Sumatera Selatan,1606000,Musi Banyuasin,Kabupaten,1606040,Sekayu
1600000,Sumatera Selatan,1606000,Musi Banyuasin,Kabupaten,1606041,Lais
1600000,Sumatera Selatan,1606000,Musi Banyuasin,Kabupaten,1606090,Sungai Lilin
1600000,Sumatera Selatan,1606000,Musi Banyuasin,Kabupaten,1606091,Keluang
1600000,Sumatera Selatan,1606000,Musi Banyuasin,Kabupaten,1606092,Babat Supat
1600000,Sumatera Selatan,1606000,Musi Banyuasin,Kabupaten,1606100,Bayung Lencir
1600000,Sumatera Selatan,1606000,Musi Banyuasin,Kabupaten,1606101,Lalan
1600000,Sumatera Selatan,1606000,Musi Banyuasin,Kabupaten,1606102,Tungkal Jaya
1600000,Sumatera Selatan,1607000,Banyu Asin,Kabupaten,1607010,Rantau Bayur
1600000,Sumatera Selatan,1607000,Banyu Asin,Kabupaten,1607020,Betung
1600000,Sumatera Selatan,1607000,Banyu Asin,Kabupaten,1607021,Suak Tapeh
1600000,Sumatera Selatan,1607000,Banyu Asin,Kabupaten,1607030,Pulau Rimau
1600000,Sumatera Selatan,1607000,Banyu Asin,Kabupaten,1607031,Tungkal Ilir
1600000,Sumatera Selatan,1607000,Banyu Asin,Kabupaten,1607032,Selat Penuguan
1600000,Sumatera Selatan,1607000,Banyu Asin,Kabupaten,1607040,Banyuasin III
1600000,Sumatera Selatan,1607000,Banyu Asin,Kabupaten,1607041,Sembawa
1600000,Sumatera Selatan,1607000,Banyu Asin,Kabupaten,1607050,Talang Kelapa
1600000,Sumatera Selatan,1607000,Banyu Asin,Kabupaten,1607051,Tanjung Lago
1600000,Sumatera Selatan,1607000,Banyu Asin,Kabupaten,1607060,Banyuasin I
1600000,Sumatera Selatan,1607000,Banyu Asin,Kabupaten,1607061,Air Kumbang
1600000,Sumatera Selatan,1607000,Banyu Asin,Kabupaten,1607070,Rambutan
1600000,Sumatera Selatan,1607000,Banyu Asin,Kabupaten,1607080,Muara Padang
1600000,Sumatera Selatan,1607000,Banyu Asin,Kabupaten,1607081,Muara Sugihan
1600000,Sumatera Selatan,1607000,Banyu Asin,Kabupaten,1607090,Makarti Jaya
1600000,Sumatera Selatan,1607000,Banyu Asin,Kabupaten,1607091,Air Salek
1600000,Sumatera Selatan,1607000,Banyu Asin,Kabupaten,1607100,Banyuasin II
1600000,Sumatera Selatan,1607000,Banyu Asin,Kabupaten,1607101,Karang Agung Ilir
1600000,Sumatera Selatan,1607000,Banyu Asin,Kabupaten,1607110,Muara Telang
1600000,Sumatera Selatan,1607000,Banyu Asin,Kabupaten,1607111,Sumber Marga Telang
1600000,Sumatera Selatan,1608000,Ogan Komering Ulu Selatan,Kabupaten,1608010,Mekakau Ilir
1600000,Sumatera Selatan,1608000,Ogan Komering Ulu Selatan,Kabupaten,1608020,Banding Agung
1600000,Sumatera Selatan,1608000,Ogan Komering Ulu Selatan,Kabupaten,1608021,Warkuk Ranau Selatan
1600000,Sumatera Selatan,1608000,Ogan Komering Ulu Selatan,Kabupaten,1608022,Buay Pematang Ribu Ranau Tengah
1600000,Sumatera Selatan,1608000,Ogan Komering Ulu Selatan,Kabupaten,1608030,Buay Pemaca
1600000,Sumatera Selatan,1608000,Ogan Komering Ulu Selatan,Kabupaten,1608040,Simpang
1600000,Sumatera Selatan,1608000,Ogan Komering Ulu Selatan,Kabupaten,1608041,Buana Pemaca
1600000,Sumatera Selatan,1608000,Ogan Komering Ulu Selatan,Kabupaten,1608050,Muaradua
1600000,Sumatera Selatan,1608000,Ogan Komering Ulu Selatan,Kabupaten,1608051,Buay Rawan
1600000,Sumatera Selatan,1608000,Ogan Komering Ulu Selatan,Kabupaten,1608060,Buay Sandang Aji
1600000,Sumatera Selatan,1608000,Ogan Komering Ulu Selatan,Kabupaten,1608061,Tiga Dihaji
1600000,Sumatera Selatan,1608000,Ogan Komering Ulu Selatan,Kabupaten,1608070,Buay Runjung
1600000,Sumatera Selatan,1608000,Ogan Komering Ulu Selatan,Kabupaten,1608071,Runjung Agung
1600000,Sumatera Selatan,1608000,Ogan Komering Ulu Selatan,Kabupaten,1608080,Kisam Tinggi
1600000,Sumatera Selatan,1608000,Ogan Komering Ulu Selatan,Kabupaten,1608090,Muaradua Kisam
1600000,Sumatera Selatan,1608000,Ogan Komering Ulu Selatan,Kabupaten,1608091,Kisam Ilir
1600000,Sumatera Selatan,1608000,Ogan Komering Ulu Selatan,Kabupaten,1608100,Pulau Beringin
1600000,Sumatera Selatan,1608000,Ogan Komering Ulu Selatan,Kabupaten,1608101,Sindang Danau
1600000,Sumatera Selatan,1608000,Ogan Komering Ulu Selatan,Kabupaten,1608102,Sungai Are
1600000,Sumatera Selatan,1609000,Ogan Komering Ulu Timur,Kabupaten,1609010,Martapura
1600000,Sumatera Selatan,1609000,Ogan Komering Ulu Timur,Kabupaten,1609011,Bunga Mayang
1600000,Sumatera Selatan,1609000,Ogan Komering Ulu Timur,Kabupaten,1609012,Jaya Pura
1600000,Sumatera Selatan,1609000,Ogan Komering Ulu Timur,Kabupaten,1609020,Buay Pemuka Peliung
1600000,Sumatera Selatan,1609000,Ogan Komering Ulu Timur,Kabupaten,1609030,Buay Madang
1600000,Sumatera Selatan,1609000,Ogan Komering Ulu Timur,Kabupaten,1609031,Buay Madang Timur
1600000,Sumatera Selatan,1609000,Ogan Komering Ulu Timur,Kabupaten,1609032,Buay Pemuka Bangsa Raja
1600000,Sumatera Selatan,1609000,Ogan Komering Ulu Timur,Kabupaten,1609040,Madang Suku II
1600000,Sumatera Selatan,1609000,Ogan Komering Ulu Timur,Kabupaten,1609041,Madang Suku III
1600000,Sumatera Selatan,1609000,Ogan Komering Ulu Timur,Kabupaten,1609050,Madang Suku I
1600000,Sumatera Selatan,1609000,Ogan Komering Ulu Timur,Kabupaten,1609051,Belitang Madang Raya
1600000,Sumatera Selatan,1609000,Ogan Komering Ulu Timur,Kabupaten,1609060,Belitang
1600000,Sumatera Selatan,1609000,Ogan Komering Ulu Timur,Kabupaten,1609061,Belitang Jaya
1600000,Sumatera Selatan,1609000,Ogan Komering Ulu Timur,Kabupaten,1609070,Belitang III
1600000,Sumatera Selatan,1609000,Ogan Komering Ulu Timur,Kabupaten,1609080,Belitang II
1600000,Sumatera Selatan,1609000,Ogan Komering Ulu Timur,Kabupaten,1609081,Belitang Mulya
1600000,Sumatera Selatan,1609000,Ogan Komering Ulu Timur,Kabupaten,1609090,Semendawai Suku III
1600000,Sumatera Selatan,1609000,Ogan Komering Ulu Timur,Kabupaten,1609091,Semendawai Timur
1600000,Sumatera Selatan,1609000,Ogan Komering Ulu Timur,Kabupaten,1609100,Cempaka
1600000,Sumatera Selatan,1609000,Ogan Komering Ulu Timur,Kabupaten,1609101,Semendawai Barat
1600000,Sumatera Selatan,1610000,Ogan Ilir,Kabupaten,1610010,Muara Kuang
1600000,Sumatera Selatan,1610000,Ogan Ilir,Kabupaten,1610011,Rambang Kuang
1600000,Sumatera Selatan,1610000,Ogan Ilir,Kabupaten,1610012,Lubuk Keliat
1600000,Sumatera Selatan,1610000,Ogan Ilir,Kabupaten,1610020,Tanjung Batu
1600000,Sumatera Selatan,1610000,Ogan Ilir,Kabupaten,1610021,Payaraman
1600000,Sumatera Selatan,1610000,Ogan Ilir,Kabupaten,1610030,Rantau Alai
1600000,Sumatera Selatan,1610000,Ogan Ilir,Kabupaten,1610031,Kandis
1600000,Sumatera Selatan,1610000,Ogan Ilir,Kabupaten,1610040,Tanjung Raja
1600000,Sumatera Selatan,1610000,Ogan Ilir,Kabupaten,1610041,Rantau Panjang
1600000,Sumatera Selatan,1610000,Ogan Ilir,Kabupaten,1610042,Sungai Pinang
1600000,Sumatera Selatan,1610000,Ogan Ilir,Kabupaten,1610050,Pemulutan
1600000,Sumatera Selatan,1610000,Ogan Ilir,Kabupaten,1610051,Pemulutan Selatan
1600000,Sumatera Selatan,1610000,Ogan Ilir,Kabupaten,1610052,Pemulutan Barat
1600000,Sumatera Selatan,1610000,Ogan Ilir,Kabupaten,1610060,Indralaya
1600000,Sumatera Selatan,1610000,Ogan Ilir,Kabupaten,1610061,Indralaya Utara
1600000,Sumatera Selatan,1610000,Ogan Ilir,Kabupaten,1610062,Indralaya Selatan
1600000,Sumatera Selatan,1611000,Empat Lawang,Kabupaten,1611010,Muara Pinang
1600000,Sumatera Selatan,1611000,Empat Lawang,Kabupaten,1611020,Lintang Kanan
1600000,Sumatera Selatan,1611000,Empat Lawang,Kabupaten,1611030,Pendopo
1600000,Sumatera Selatan,1611000,Empat Lawang,Kabupaten,1611031,Pendopo Barat
1600000,Sumatera Selatan,1611000,Empat Lawang,Kabupaten,1611040,Pasemah Air Keruh
1600000,Sumatera Selatan,1611000,Empat Lawang,Kabupaten,1611050,Ulu Musi
1600000,Sumatera Selatan,1611000,Empat Lawang,Kabupaten,1611051,Sikap Dalam
1600000,Sumatera Selatan,1611000,Empat Lawang,Kabupaten,1611060,Talang Padang
1600000,Sumatera Selatan,1611000,Empat Lawang,Kabupaten,1611070,Tebing Tinggi
1600000,Sumatera Selatan,1611000,Empat Lawang,Kabupaten,1611071,Saling
1600000,Sumatera Selatan,1612000,Penukal Abab Lematang Ilir,Kabupaten,1612010,Talang Ubi
1600000,Sumatera Selatan,1612000,Penukal Abab Lematang Ilir,Kabupaten,1612020,Tanah Abang
1600000,Sumatera Selatan,1612000,Penukal Abab Lematang Ilir,Kabupaten,1612030,Abab
1600000,Sumatera Selatan,1612000,Penukal Abab Lematang Ilir,Kabupaten,1612040,Penukal
1600000,Sumatera Selatan,1612000,Penukal Abab Lematang Ilir,Kabupaten,1612050,Penukal Utara
1600000,Sumatera Selatan,1613000,Musi Rawas Utara,Kabupaten,1613010,Ulu Rawas
1600000,Sumatera Selatan,1613000,Musi Rawas Utara,Kabupaten,1613020,Karang Jaya
1600000,Sumatera Selatan,1613000,Musi Rawas Utara,Kabupaten,1613030,Rawas Ulu
1600000,Sumatera Selatan,1613000,Musi Rawas Utara,Kabupaten,1613040,Rupit
1600000,Sumatera Selatan,1613000,Musi Rawas Utara,Kabupaten,1613050,Karang Dapo
1600000,Sumatera Selatan,1613000,Musi Rawas Utara,Kabupaten,1613060,Rawas Ilir
1600000,Sumatera Selatan,1613000,Musi Rawas Utara,Kabupaten,1613070,Nibung
1600000,Sumatera Selatan,1671000,Palembang,Kota,1671010,Ilir Barat Dua
1600000,Sumatera Selatan,1671000,Palembang,Kota,1671011,Gandus
1600000,Sumatera Selatan,1671000,Palembang,Kota,1671020,Seberang Ulu Satu
1600000,Sumatera Selatan,1671000,Palembang,Kota,1671021,Kertapati
1600000,Sumatera Selatan,1671000,Palembang,Kota,1671022,Jakabaring
1600000,Sumatera Selatan,1671000,Palembang,Kota,1671030,Seberang Ulu Dua
1600000,Sumatera Selatan,1671000,Palembang,Kota,1671031,Plaju
1600000,Sumatera Selatan,1671000,Palembang,Kota,1671040,Ilir Barat Satu
1600000,Sumatera Selatan,1671000,Palembang,Kota,1671041,Bukitkecil
1600000,Sumatera Selatan,1671000,Palembang,Kota,1671050,Ilir Timur Satu
1600000,Sumatera Selatan,1671000,Palembang,Kota,1671051,Kemuning
1600000,Sumatera Selatan,1671000,Palembang,Kota,1671060,Ilir Timur Dua
1600000,Sumatera Selatan,1671000,Palembang,Kota,1671061,Kalidoni
1600000,Sumatera Selatan,1671000,Palembang,Kota,1671062,Ilir Timur Tiga
1600000,Sumatera Selatan,1671000,Palembang,Kota,1671070,Sako
1600000,Sumatera Selatan,1671000,Palembang,Kota,1671071,Sematangborang
1600000,Sumatera Selatan,1671000,Palembang,Kota,1671080,Sukarami
1600000,Sumatera Selatan,1671000,Palembang,Kota,1671081,Alang-Alang Lebar
1600000,Sumatera Selatan,1672000,Prabumulih,Kota,1672010,Rambang Kapak Tengah
1600000,Sumatera Selatan,1672000,Prabumulih,Kota,1672020,Prabumulih Timur
1600000,Sumatera Selatan,1672000,Prabumulih,Kota,1672021,Prabumulih Selatan
1600000,Sumatera Selatan,1672000,Prabumulih,Kota,1672030,Prabumulih Barat
1600000,Sumatera Selatan,1672000,Prabumulih,Kota,1672031,Prabumulih Utara
1600000,Sumatera Selatan,1672000,Prabumulih,Kota,1672040,Cambai
1600000,Sumatera Selatan,1673000,Pagar Alam,Kota,1673010,Dempo Selatan
1600000,Sumatera Selatan,1673000,Pagar Alam,Kota,1673011,Dempo Tengah
1600000,Sumatera Selatan,1673000,Pagar Alam,Kota,1673020,Dempo Utara
1600000,Sumatera Selatan,1673000,Pagar Alam,Kota,1673030,Pagar Alam Selatan
1600000,Sumatera Selatan,1673000,Pagar Alam,Kota,1673040,Pagar Alam Utara
1600000,Sumatera Selatan,1674000,Lubuklinggau,Kota,1674011,Lubuk Linggau Barat I
1600000,Sumatera Selatan,1674000,Lubuklinggau,Kota,1674012,Lubuk Linggau Barat II
1600000,Sumatera Selatan,1674000,Lubuklinggau,Kota,1674021,Lubuk Linggau Selatan I
1600000,Sumatera Selatan,1674000,Lubuklinggau,Kota,1674022,Lubuk Linggau Selatan II
1600000,Sumatera Selatan,1674000,Lubuklinggau,Kota,1674031,Lubuk Linggau Timur I
1600000,Sumatera Selatan,1674000,Lubuklinggau,Kota,1674032,Lubuk Linggau Timur II
1600000,Sumatera Selatan,1674000,Lubuklinggau,Kota,1674041,Lubuk Linggau Utara I
1600000,Sumatera Selatan,1674000,Lubuklinggau,Kota,1674042,Lubuk Linggau Utara II
1700000,Bengkulu,1701000,Bengkulu Selatan,Kabupaten,1701040,Manna
1700000,Bengkulu,1701000,Bengkulu Selatan,Kabupaten,1701041,Kota Manna
1700000,Bengkulu,1701000,Bengkulu Selatan,Kabupaten,1701042,Kedurang
1700000,Bengkulu,1701000,Bengkulu Selatan,Kabupaten,1701043,Bunga Mas
1700000,Bengkulu,1701000,Bengkulu Selatan,Kabupaten,1701044,Pasar Manna
1700000,Bengkulu,1701000,Bengkulu Selatan,Kabupaten,1701045,Kedurang Ilir
1700000,Bengkulu,1701000,Bengkulu Selatan,Kabupaten,1701050,Seginim
1700000,Bengkulu,1701000,Bengkulu Selatan,Kabupaten,1701051,Air Nipis
1700000,Bengkulu,1701000,Bengkulu Selatan,Kabupaten,1701060,Pino
1700000,Bengkulu,1701000,Bengkulu Selatan,Kabupaten,1701061,Pinoraya
1700000,Bengkulu,1701000,Bengkulu Selatan,Kabupaten,1701062,Ulu Manna
1700000,Bengkulu,1702000,Rejang Lebong,Kabupaten,1702020,Kota Padang
1700000,Bengkulu,1702000,Rejang Lebong,Kabupaten,1702021,Sindang Beliti Ilir
1700000,Bengkulu,1702000,Rejang Lebong,Kabupaten,1702030,Padang Ulak Tanding
1700000,Bengkulu,1702000,Rejang Lebong,Kabupaten,1702031,Sindang Kelingi
1700000,Bengkulu,1702000,Rejang Lebong,Kabupaten,1702032,Bindu Riang
1700000,Bengkulu,1702000,Rejang Lebong,Kabupaten,1702033,Sindang Beliti Ulu
1700000,Bengkulu,1702000,Rejang Lebong,Kabupaten,1702034,Sindang Dataran
1700000,Bengkulu,1702000,Rejang Lebong,Kabupaten,1702040,Curup
1700000,Bengkulu,1702000,Rejang Lebong,Kabupaten,1702041,Bermani Ulu
1700000,Bengkulu,1702000,Rejang Lebong,Kabupaten,1702042,Selupu Rejang
1700000,Bengkulu,1702000,Rejang Lebong,Kabupaten,1702043,Curup Selatan
1700000,Bengkulu,1702000,Rejang Lebong,Kabupaten,1702044,Curup Tengah
1700000,Bengkulu,1702000,Rejang Lebong,Kabupaten,1702045,Bermani Ulu Raya
1700000,Bengkulu,1702000,Rejang Lebong,Kabupaten,1702046,Curup Utara
1700000,Bengkulu,1702000,Rejang Lebong,Kabupaten,1702047,Curup Timur
1700000,Bengkulu,1703000,Bengkulu Utara,Kabupaten,1703010,Enggano
1700000,Bengkulu,1703000,Bengkulu Utara,Kabupaten,1703050,Kerkap
1700000,Bengkulu,1703000,Bengkulu Utara,Kabupaten,1703051,Air Napal
1700000,Bengkulu,1703000,Bengkulu Utara,Kabupaten,1703052,Air Besi
1700000,Bengkulu,1703000,Bengkulu Utara,Kabupaten,1703053,Hulu Palik
1700000,Bengkulu,1703000,Bengkulu Utara,Kabupaten,1703054,Tanjung Agung Palik
1700000,Bengkulu,1703000,Bengkulu Utara,Kabupaten,1703060,Kota Arga Makmur
1700000,Bengkulu,1703000,Bengkulu Utara,Kabupaten,1703061,Arma Jaya
1700000,Bengkulu,1703000,Bengkulu Utara,Kabupaten,1703070,Lais
1700000,Bengkulu,1703000,Bengkulu Utara,Kabupaten,1703071,Batik Nau
1700000,Bengkulu,1703000,Bengkulu Utara,Kabupaten,1703072,Giri Mulya
1700000,Bengkulu,1703000,Bengkulu Utara,Kabupaten,1703073,Air Padang
1700000,Bengkulu,1703000,Bengkulu Utara,Kabupaten,1703080,Padang Jaya
1700000,Bengkulu,1703000,Bengkulu Utara,Kabupaten,1703090,Ketahun
1700000,Bengkulu,1703000,Bengkulu Utara,Kabupaten,1703091,Napal Putih
1700000,Bengkulu,1703000,Bengkulu Utara,Kabupaten,1703092,Ulok Kupai
1700000,Bengkulu,1703000,Bengkulu Utara,Kabupaten,1703093,Pinang Raya
1700000,Bengkulu,1703000,Bengkulu Utara,Kabupaten,1703100,Putri Hijau
1700000,Bengkulu,1703000,Bengkulu Utara,Kabupaten,1703101,Marga Sakti Sebelat
1700000,Bengkulu,1704000,Kaur,Kabupaten,1704010,Nasal
1700000,Bengkulu,1704000,Kaur,Kabupaten,1704020,Maje
1700000,Bengkulu,1704000,Kaur,Kabupaten,1704030,Kaur Selatan
1700000,Bengkulu,1704000,Kaur,Kabupaten,1704031,Tetap
1700000,Bengkulu,1704000,Kaur,Kabupaten,1704040,Kaur Tengah
1700000,Bengkulu,1704000,Kaur,Kabupaten,1704041,Luas
1700000,Bengkulu,1704000,Kaur,Kabupaten,1704042,Muara Sahung
1700000,Bengkulu,1704000,Kaur,Kabupaten,1704050,Kinal
1700000,Bengkulu,1704000,Kaur,Kabupaten,1704051,Semidang Gumay
1700000,Bengkulu,1704000,Kaur,Kabupaten,1704060,Tanjung Kemuning
1700000,Bengkulu,1704000,Kaur,Kabupaten,1704061,Kelam Tengah
1700000,Bengkulu,1704000,Kaur,Kabupaten,1704070,Kaur Utara
1700000,Bengkulu,1704000,Kaur,Kabupaten,1704071,Padang Guci Hilir
1700000,Bengkulu,1704000,Kaur,Kabupaten,1704072,Lungkang Kule
1700000,Bengkulu,1704000,Kaur,Kabupaten,1704073,Padang Guci Hulu
1700000,Bengkulu,1705000,Seluma,Kabupaten,1705010,Semidang Alas Maras
1700000,Bengkulu,1705000,Seluma,Kabupaten,1705020,Semidang Alas
1700000,Bengkulu,1705000,Seluma,Kabupaten,1705030,Talo
1700000,Bengkulu,1705000,Seluma,Kabupaten,1705031,Ilir Talo
1700000,Bengkulu,1705000,Seluma,Kabupaten,1705032,Talo Kecil
1700000,Bengkulu,1705000,Seluma,Kabupaten,1705033,Ulu Talo
1700000,Bengkulu,1705000,Seluma,Kabupaten,1705040,Seluma
1700000,Bengkulu,1705000,Seluma,Kabupaten,1705041,Seluma Selatan
1700000,Bengkulu,1705000,Seluma,Kabupaten,1705042,Seluma Barat
1700000,Bengkulu,1705000,Seluma,Kabupaten,1705043,Seluma Timur
1700000,Bengkulu,1705000,Seluma,Kabupaten,1705044,Seluma Utara
1700000,Bengkulu,1705000,Seluma,Kabupaten,1705050,Sukaraja
1700000,Bengkulu,1705000,Seluma,Kabupaten,1705051,Air Periukan
1700000,Bengkulu,1705000,Seluma,Kabupaten,1705052,Lubuk Sandi
1700000,Bengkulu,1706000,Mukomuko,Kabupaten,1706010,Ipuh
1700000,Bengkulu,1706000,Mukomuko,Kabupaten,1706011,Air Rami
1700000,Bengkulu,1706000,Mukomuko,Kabupaten,1706012,Malin Deman
1700000,Bengkulu,1706000,Mukomuko,Kabupaten,1706020,Pondok Suguh
1700000,Bengkulu,1706000,Mukomuko,Kabupaten,1706021,Sungai Rumbai
1700000,Bengkulu,1706000,Mukomuko,Kabupaten,1706022,Teramang Jaya
1700000,Bengkulu,1706000,Mukomuko,Kabupaten,1706030,Teras Terunjam
1700000,Bengkulu,1706000,Mukomuko,Kabupaten,1706031,Penarik
1700000,Bengkulu,1706000,Mukomuko,Kabupaten,1706032,Selagan Raya
1700000,Bengkulu,1706000,Mukomuko,Kabupaten,1706040,Kota Mukomuko
1700000,Bengkulu,1706000,Mukomuko,Kabupaten,1706041,Air Dikit
1700000,Bengkulu,1706000,Mukomuko,Kabupaten,1706042,XIV Koto
1700000,Bengkulu,1706000,Mukomuko,Kabupaten,1706050,Lubuk Pinang
1700000,Bengkulu,1706000,Mukomuko,Kabupaten,1706051,Air Manjunto
1700000,Bengkulu,1706000,Mukomuko,Kabupaten,1706052,V Koto
1700000,Bengkulu,1707000,Lebong,Kabupaten,1707010,Rimbo Pengadang
1700000,Bengkulu,1707000,Lebong,Kabupaten,1707011,Topos
1700000,Bengkulu,1707000,Lebong,Kabupaten,1707020,Lebong Selatan
1700000,Bengkulu,1707000,Lebong,Kabupaten,1707021,Bingin Kuning
1700000,Bengkulu,1707000,Lebong,Kabupaten,1707030,Lebong Tengah
1700000,Bengkulu,1707000,Lebong,Kabupaten,1707031,Lebong Sakti
1700000,Bengkulu,1707000,Lebong,Kabupaten,1707040,Lebong Atas
1700000,Bengkulu,1707000,Lebong,Kabupaten,1707042,Tubei
1700000,Bengkulu,1707000,Lebong,Kabupaten,1707050,Lebong Utara
1700000,Bengkulu,1707000,Lebong,Kabupaten,1707051,Amen
1700000,Bengkulu,1707000,Lebong,Kabupaten,1707052,Uram Jaya
1700000,Bengkulu,1707000,Lebong,Kabupaten,1707053,Pinang Belapis
1700000,Bengkulu,1708000,Kepahiang,Kabupaten,1708010,Muara Kemumu
1700000,Bengkulu,1708000,Kepahiang,Kabupaten,1708020,Bermani Ilir
1700000,Bengkulu,1708000,Kepahiang,Kabupaten,1708030,Seberang Musi
1700000,Bengkulu,1708000,Kepahiang,Kabupaten,1708040,Tebat Karai
1700000,Bengkulu,1708000,Kepahiang,Kabupaten,1708050,Kepahiang
1700000,Bengkulu,1708000,Kepahiang,Kabupaten,1708060,Kaba Wetan
1700000,Bengkulu,1708000,Kepahiang,Kabupaten,1708070,Ujan Mas
1700000,Bengkulu,1708000,Kepahiang,Kabupaten,1708080,Merigi
1700000,Bengkulu,1709000,Bengkulu Tengah,Kabupaten,1709010,Talang Empat
1700000,Bengkulu,1709000,Bengkulu Tengah,Kabupaten,1709011,Semidang Lagan
1700000,Bengkulu,1709000,Bengkulu Tengah,Kabupaten,1709020,Karang Tinggi
1700000,Bengkulu,1709000,Bengkulu Tengah,Kabupaten,1709030,Taba Penanjung
1700000,Bengkulu,1709000,Bengkulu Tengah,Kabupaten,1709031,Merigi Kelindang
1700000,Bengkulu,1709000,Bengkulu Tengah,Kabupaten,1709040,Pagar Jati
1700000,Bengkulu,1709000,Bengkulu Tengah,Kabupaten,1709041,Merigi Sakti
1700000,Bengkulu,1709000,Bengkulu Tengah,Kabupaten,1709050,Pondok Kelapa
1700000,Bengkulu,1709000,Bengkulu Tengah,Kabupaten,1709051,Pondok Kubang
1700000,Bengkulu,1709000,Bengkulu Tengah,Kabupaten,1709060,Pematang Tiga
1700000,Bengkulu,1709000,Bengkulu Tengah,Kabupaten,1709061,Bang Haji
1700000,Bengkulu,1771000,Bengkulu,Kota,1771010,Selebar
1700000,Bengkulu,1771000,Bengkulu,Kota,1771011,Kampung Melayu
1700000,Bengkulu,1771000,Bengkulu,Kota,1771020,Gading Cempaka
1700000,Bengkulu,1771000,Bengkulu,Kota,1771021,Ratu Agung
1700000,Bengkulu,1771000,Bengkulu,Kota,1771022,Ratu Samban
1700000,Bengkulu,1771000,Bengkulu,Kota,1771023,Singaran Pati
1700000,Bengkulu,1771000,Bengkulu,Kota,1771030,Teluk Segara
1700000,Bengkulu,1771000,Bengkulu,Kota,1771031,Sungai Serut
1700000,Bengkulu,1771000,Bengkulu,Kota,1771040,Muara Bangka Hulu
1800000,Lampung,1801000,Lampung Barat,Kabupaten,1801040,Balik Bukit
1800000,Lampung,1801000,Lampung Barat,Kabupaten,1801041,Sukau
1800000,Lampung,1801000,Lampung Barat,Kabupaten,1801042,Lumbok Seminung
1800000,Lampung,1801000,Lampung Barat,Kabupaten,1801050,Belalau
1800000,Lampung,1801000,Lampung Barat,Kabupaten,1801051,Sekincau
1800000,Lampung,1801000,Lampung Barat,Kabupaten,1801052,Suoh
1800000,Lampung,1801000,Lampung Barat,Kabupaten,1801053,Batu Brak
1800000,Lampung,1801000,Lampung Barat,Kabupaten,1801054,Pagar Dewa
1800000,Lampung,1801000,Lampung Barat,Kabupaten,1801055,Batu Ketulis
1800000,Lampung,1801000,Lampung Barat,Kabupaten,1801056,Bandar Negeri Suoh
1800000,Lampung,1801000,Lampung Barat,Kabupaten,1801060,Sumber Jaya
1800000,Lampung,1801000,Lampung Barat,Kabupaten,1801061,Way Tenong
1800000,Lampung,1801000,Lampung Barat,Kabupaten,1801062,Gedung Surian
1800000,Lampung,1801000,Lampung Barat,Kabupaten,1801063,Kebun Tebu
1800000,Lampung,1801000,Lampung Barat,Kabupaten,1801064,Air Hitam
1800000,Lampung,1802000,Tanggamus,Kabupaten,1802010,Wonosobo
1800000,Lampung,1802000,Tanggamus,Kabupaten,1802011,Semaka
1800000,Lampung,1802000,Tanggamus,Kabupaten,1802012,Bandar Negeri Semuong
1800000,Lampung,1802000,Tanggamus,Kabupaten,1802020,Kota Agung
1800000,Lampung,1802000,Tanggamus,Kabupaten,1802021,Pematang Sawa
1800000,Lampung,1802000,Tanggamus,Kabupaten,1802022,Kota Agung Timur
1800000,Lampung,1802000,Tanggamus,Kabupaten,1802023,Kota Agung Barat
1800000,Lampung,1802000,Tanggamus,Kabupaten,1802030,Pulau Panggung
1800000,Lampung,1802000,Tanggamus,Kabupaten,1802031,Ulubelu
1800000,Lampung,1802000,Tanggamus,Kabupaten,1802032,Air Naningan
1800000,Lampung,1802000,Tanggamus,Kabupaten,1802040,Talang Padang
1800000,Lampung,1802000,Tanggamus,Kabupaten,1802041,Sumberejo
1800000,Lampung,1802000,Tanggamus,Kabupaten,1802042,Gisting
1800000,Lampung,1802000,Tanggamus,Kabupaten,1802043,Gunung Alip
1800000,Lampung,1802000,Tanggamus,Kabupaten,1802050,Pugung
1800000,Lampung,1802000,Tanggamus,Kabupaten,1802101,Bulok
1800000,Lampung,1802000,Tanggamus,Kabupaten,1802110,Cukuh Balak
1800000,Lampung,1802000,Tanggamus,Kabupaten,1802111,Kelumbayan
1800000,Lampung,1802000,Tanggamus,Kabupaten,1802112,Limau
1800000,Lampung,1802000,Tanggamus,Kabupaten,1802113,Kelumbayan Barat
1800000,Lampung,1803000,Lampung Selatan,Kabupaten,1803060,Natar
1800000,Lampung,1803000,Lampung Selatan,Kabupaten,1803070,Jati Agung
1800000,Lampung,1803000,Lampung Selatan,Kabupaten,1803080,Tanjung Bintang
1800000,Lampung,1803000,Lampung Selatan,Kabupaten,1803081,Tanjung Sari
1800000,Lampung,1803000,Lampung Selatan,Kabupaten,1803090,Katibung
1800000,Lampung,1803000,Lampung Selatan,Kabupaten,1803091,Merbau Mataram
1800000,Lampung,1803000,Lampung Selatan,Kabupaten,1803092,Way Sulan
1800000,Lampung,1803000,Lampung Selatan,Kabupaten,1803100,Sidomulyo
1800000,Lampung,1803000,Lampung Selatan,Kabupaten,1803101,Candipuro
1800000,Lampung,1803000,Lampung Selatan,Kabupaten,1803102,Way Panji
1800000,Lampung,1803000,Lampung Selatan,Kabupaten,1803110,Kalianda
1800000,Lampung,1803000,Lampung Selatan,Kabupaten,1803111,Rajabasa
1800000,Lampung,1803000,Lampung Selatan,Kabupaten,1803120,Palas
1800000,Lampung,1803000,Lampung Selatan,Kabupaten,1803121,Sragi
1800000,Lampung,1803000,Lampung Selatan,Kabupaten,1803130,Penengahan
1800000,Lampung,1803000,Lampung Selatan,Kabupaten,1803131,Ketapang
1800000,Lampung,1803000,Lampung Selatan,Kabupaten,1803132,Bakauheni
1800000,Lampung,1804000,Lampung Timur,Kabupaten,1804010,Metro Kibang
1800000,Lampung,1804000,Lampung Timur,Kabupaten,1804020,Batanghari
1800000,Lampung,1804000,Lampung Timur,Kabupaten,1804030,Sekampung
1800000,Lampung,1804000,Lampung Timur,Kabupaten,1804040,Margatiga
1800000,Lampung,1804000,Lampung Timur,Kabupaten,1804050,Sekampung Udik
1800000,Lampung,1804000,Lampung Timur,Kabupaten,1804060,Jabung
1800000,Lampung,1804000,Lampung Timur,Kabupaten,1804061,Pasir Sakti
1800000,Lampung,1804000,Lampung Timur,Kabupaten,1804062,Waway Karya
1800000,Lampung,1804000,Lampung Timur,Kabupaten,1804063,Marga Sekampung
1800000,Lampung,1804000,Lampung Timur,Kabupaten,1804070,Labuhan Maringgai
1800000,Lampung,1804000,Lampung Timur,Kabupaten,1804071,Mataram Baru
1800000,Lampung,1804000,Lampung Timur,Kabupaten,1804072,Bandar Sribhawono
1800000,Lampung,1804000,Lampung Timur,Kabupaten,1804073,Melinting
1800000,Lampung,1804000,Lampung Timur,Kabupaten,1804074,Gunung Pelindung
1800000,Lampung,1804000,Lampung Timur,Kabupaten,1804080,Way Jepara
1800000,Lampung,1804000,Lampung Timur,Kabupaten,1804081,Braja Slebah
1800000,Lampung,1804000,Lampung Timur,Kabupaten,1804082,Labuhan Ratu
1800000,Lampung,1804000,Lampung Timur,Kabupaten,1804090,Sukadana
1800000,Lampung,1804000,Lampung Timur,Kabupaten,1804091,Bumi Agung
1800000,Lampung,1804000,Lampung Timur,Kabupaten,1804092,Batanghari Nuban
1800000,Lampung,1804000,Lampung Timur,Kabupaten,1804100,Pekalongan
1800000,Lampung,1804000,Lampung Timur,Kabupaten,1804110,Raman Utara
1800000,Lampung,1804000,Lampung Timur,Kabupaten,1804120,Purbolinggo
1800000,Lampung,1804000,Lampung Timur,Kabupaten,1804121,Way Bungur
1800000,Lampung,1805000,Lampung Tengah,Kabupaten,1805010,Padang Ratu
1800000,Lampung,1805000,Lampung Tengah,Kabupaten,1805011,Selagai Lingga
1800000,Lampung,1805000,Lampung Tengah,Kabupaten,1805012,Pubian
1800000,Lampung,1805000,Lampung Tengah,Kabupaten,1805013,Anak Tuha
1800000,Lampung,1805000,Lampung Tengah,Kabupaten,1805014,Anak Ratu Aji
1800000,Lampung,1805000,Lampung Tengah,Kabupaten,1805020,Kalirejo
1800000,Lampung,1805000,Lampung Tengah,Kabupaten,1805021,Sendang Agung
1800000,Lampung,1805000,Lampung Tengah,Kabupaten,1805030,Bangunrejo
1800000,Lampung,1805000,Lampung Tengah,Kabupaten,1805040,Gunung Sugih
1800000,Lampung,1805000,Lampung Tengah,Kabupaten,1805041,Bekri
1800000,Lampung,1805000,Lampung Tengah,Kabupaten,1805042,Bumi Ratu Nuban
1800000,Lampung,1805000,Lampung Tengah,Kabupaten,1805050,Trimurjo
1800000,Lampung,1805000,Lampung Tengah,Kabupaten,1805060,Punggur
1800000,Lampung,1805000,Lampung Tengah,Kabupaten,1805061,Kota Gajah
1800000,Lampung,1805000,Lampung Tengah,Kabupaten,1805070,Seputih Raman
1800000,Lampung,1805000,Lampung Tengah,Kabupaten,1805080,Terbanggi Besar
1800000,Lampung,1805000,Lampung Tengah,Kabupaten,1805081,Seputih Agung
1800000,Lampung,1805000,Lampung Tengah,Kabupaten,1805082,Way Pengubuan
1800000,Lampung,1805000,Lampung Tengah,Kabupaten,1805090,Terusan Nunyai
1800000,Lampung,1805000,Lampung Tengah,Kabupaten,1805100,Seputih Mataram
1800000,Lampung,1805000,Lampung Tengah,Kabupaten,1805101,Bandar Mataram
1800000,Lampung,1805000,Lampung Tengah,Kabupaten,1805110,Seputih Banyak
1800000,Lampung,1805000,Lampung Tengah,Kabupaten,1805111,Way Seputih
1800000,Lampung,1805000,Lampung Tengah,Kabupaten,1805120,Rumbia
1800000,Lampung,1805000,Lampung Tengah,Kabupaten,1805121,Bumi Nabung
1800000,Lampung,1805000,Lampung Tengah,Kabupaten,1805122,Putra Rumbia
1800000,Lampung,1805000,Lampung Tengah,Kabupaten,1805130,Seputih Surabaya
1800000,Lampung,1805000,Lampung Tengah,Kabupaten,1805131,Bandar Surabaya
1800000,Lampung,1806000,Lampung Utara,Kabupaten,1806010,Bukit Kemuning
1800000,Lampung,1806000,Lampung Utara,Kabupaten,1806011,Abung Tinggi
1800000,Lampung,1806000,Lampung Utara,Kabupaten,1806020,Tanjung Raja
1800000,Lampung,1806000,Lampung Utara,Kabupaten,1806030,Abung Barat
1800000,Lampung,1806000,Lampung Utara,Kabupaten,1806031,Abung Tengah
1800000,Lampung,1806000,Lampung Utara,Kabupaten,1806032,Abung Kunang
1800000,Lampung,1806000,Lampung Utara,Kabupaten,1806033,Abung Pekurun
1800000,Lampung,1806000,Lampung Utara,Kabupaten,1806040,Kotabumi
1800000,Lampung,1806000,Lampung Utara,Kabupaten,1806041,Kotabumi Utara
1800000,Lampung,1806000,Lampung Utara,Kabupaten,1806042,Kotabumi Selatan
1800000,Lampung,1806000,Lampung Utara,Kabupaten,1806050,Abung Selatan
1800000,Lampung,1806000,Lampung Utara,Kabupaten,1806051,Abung Semuli
1800000,Lampung,1806000,Lampung Utara,Kabupaten,1806052,Blambangan Pagar
1800000,Lampung,1806000,Lampung Utara,Kabupaten,1806060,Abung Timur
1800000,Lampung,1806000,Lampung Utara,Kabupaten,1806061,Abung Surakarta
1800000,Lampung,1806000,Lampung Utara,Kabupaten,1806070,Sungkai Selatan
1800000,Lampung,1806000,Lampung Utara,Kabupaten,1806071,Muara Sungkai
1800000,Lampung,1806000,Lampung Utara,Kabupaten,1806072,Bunga Mayang
1800000,Lampung,1806000,Lampung Utara,Kabupaten,1806073,Sungkai Barat
1800000,Lampung,1806000,Lampung Utara,Kabupaten,1806074,Sungkai Jaya
1800000,Lampung,1806000,Lampung Utara,Kabupaten,1806080,Sungkai Utara
1800000,Lampung,1806000,Lampung Utara,Kabupaten,1806081,Hulusungkai
1800000,Lampung,1806000,Lampung Utara,Kabupaten,1806082,Sungkai Tengah
1800000,Lampung,1807000,Way Kanan,Kabupaten,1807010,Banjit
1800000,Lampung,1807000,Way Kanan,Kabupaten,1807020,Baradatu
1800000,Lampung,1807000,Way Kanan,Kabupaten,1807021,Gunung Labuhan
1800000,Lampung,1807000,Way Kanan,Kabupaten,1807030,Kasui
1800000,Lampung,1807000,Way Kanan,Kabupaten,1807031,Rebang Tangkas
1800000,Lampung,1807000,Way Kanan,Kabupaten,1807040,Blambangan Umpu
1800000,Lampung,1807000,Way Kanan,Kabupaten,1807041,Way Tuba
1800000,Lampung,1807000,Way Kanan,Kabupaten,1807042,Negeri Agung
1800000,Lampung,1807000,Way Kanan,Kabupaten,1807043,Umpu Semenguk
1800000,Lampung,1807000,Way Kanan,Kabupaten,1807050,Bahuga
1800000,Lampung,1807000,Way Kanan,Kabupaten,1807051,Buay Bahuga
1800000,Lampung,1807000,Way Kanan,Kabupaten,1807052,Bumi Agung
1800000,Lampung,1807000,Way Kanan,Kabupaten,1807060,Pakuan Ratu
1800000,Lampung,1807000,Way Kanan,Kabupaten,1807061,Negara Batin
1800000,Lampung,1807000,Way Kanan,Kabupaten,1807062,Negeri Besar
1800000,Lampung,1808000,Tulangbawang,Kabupaten,1808030,Banjar Agung
1800000,Lampung,1808000,Tulangbawang,Kabupaten,1808031,Banjar Margo
1800000,Lampung,1808000,Tulangbawang,Kabupaten,1808032,Banjar Baru
1800000,Lampung,1808000,Tulangbawang,Kabupaten,1808040,Gedung Aji
1800000,Lampung,1808000,Tulangbawang,Kabupaten,1808041,Penawar Aji
1800000,Lampung,1808000,Tulangbawang,Kabupaten,1808042,Meraksa Aji
1800000,Lampung,1808000,Tulangbawang,Kabupaten,1808050,Menggala
1800000,Lampung,1808000,Tulangbawang,Kabupaten,1808051,Penawar Tama
1800000,Lampung,1808000,Tulangbawang,Kabupaten,1808052,Rawajitu Selatan
1800000,Lampung,1808000,Tulangbawang,Kabupaten,1808053,Gedung Meneng
1800000,Lampung,1808000,Tulangbawang,Kabupaten,1808054,Rawajitu Timur
1800000,Lampung,1808000,Tulangbawang,Kabupaten,1808055,Rawa Pitu
1800000,Lampung,1808000,Tulangbawang,Kabupaten,1808056,Gedung Aji Baru
1800000,Lampung,1808000,Tulangbawang,Kabupaten,1808057,Dente Teladas
1800000,Lampung,1808000,Tulangbawang,Kabupaten,1808058,Menggala Timur
1800000,Lampung,1809000,Pesawaran,Kabupaten,1809010,Punduh Pidada
1800000,Lampung,1809000,Pesawaran,Kabupaten,1809011,Marga Punduh
1800000,Lampung,1809000,Pesawaran,Kabupaten,1809020,Padang Cermin
1800000,Lampung,1809000,Pesawaran,Kabupaten,1809021,Teluk Pandan
1800000,Lampung,1809000,Pesawaran,Kabupaten,1809022,Way Ratai
1800000,Lampung,1809000,Pesawaran,Kabupaten,1809030,Kedondong
1800000,Lampung,1809000,Pesawaran,Kabupaten,1809031,Way Khilau
1800000,Lampung,1809000,Pesawaran,Kabupaten,1809040,Way Lima
1800000,Lampung,1809000,Pesawaran,Kabupaten,1809050,Gedung Tataan
1800000,Lampung,1809000,Pesawaran,Kabupaten,1809060,Negeri Katon
1800000,Lampung,1809000,Pesawaran,Kabupaten,1809070,Tegineneng
1800000,Lampung,1810000,Pringsewu,Kabupaten,1810010,Pardasuka
1800000,Lampung,1810000,Pringsewu,Kabupaten,1810020,Ambarawa
1800000,Lampung,1810000,Pringsewu,Kabupaten,1810030,Pagelaran
1800000,Lampung,1810000,Pringsewu,Kabupaten,1810031,Pagelaran Utara
1800000,Lampung,1810000,Pringsewu,Kabupaten,1810040,Pringsewu
1800000,Lampung,1810000,Pringsewu,Kabupaten,1810050,Gading Rejo
1800000,Lampung,1810000,Pringsewu,Kabupaten,1810060,Sukoharjo
1800000,Lampung,1810000,Pringsewu,Kabupaten,1810070,Banyumas
1800000,Lampung,1810000,Pringsewu,Kabupaten,1810080,Adi Luwih
1800000,Lampung,1811000,Mesuji,Kabupaten,1811010,Way Serdang
1800000,Lampung,1811000,Mesuji,Kabupaten,1811020,Simpang Pematang
1800000,Lampung,1811000,Mesuji,Kabupaten,1811030,Panca Jaya
1800000,Lampung,1811000,Mesuji,Kabupaten,1811040,Tanjung Raya
1800000,Lampung,1811000,Mesuji,Kabupaten,1811050,Mesuji
1800000,Lampung,1811000,Mesuji,Kabupaten,1811060,Mesuji Timur
1800000,Lampung,1811000,Mesuji,Kabupaten,1811070,Rawajitu Utara
1800000,Lampung,1812000,Tulang Bawang Barat,Kabupaten,1812010,Tulang Bawang Udik
1800000,Lampung,1812000,Tulang Bawang Barat,Kabupaten,1812020,Tumi Jajar
1800000,Lampung,1812000,Tulang Bawang Barat,Kabupaten,1812030,Tulang Bawang Tengah
1800000,Lampung,1812000,Tulang Bawang Barat,Kabupaten,1812040,Pagar Dewa
1800000,Lampung,1812000,Tulang Bawang Barat,Kabupaten,1812050,Lambu Kibang
1800000,Lampung,1812000,Tulang Bawang Barat,Kabupaten,1812060,Gunung Terang
1800000,Lampung,1812000,Tulang Bawang Barat,Kabupaten,1812061,Batu Putih
1800000,Lampung,1812000,Tulang Bawang Barat,Kabupaten,1812070,Gunung Agung
1800000,Lampung,1812000,Tulang Bawang Barat,Kabupaten,1812080,Way Kenanga
1800000,Lampung,1813000,Pesisir Barat,Kabupaten,1813010,Lemong
1800000,Lampung,1813000,Pesisir Barat,Kabupaten,1813020,Pesisir Utara
1800000,Lampung,1813000,Pesisir Barat,Kabupaten,1813030,Pulau Pisang
1800000,Lampung,1813000,Pesisir Barat,Kabupaten,1813040,Karya Penggawa
1800000,Lampung,1813000,Pesisir Barat,Kabupaten,1813050,Way Krui
1800000,Lampung,1813000,Pesisir Barat,Kabupaten,1813060,Pesisir Tengah
1800000,Lampung,1813000,Pesisir Barat,Kabupaten,1813070,Krui Selatan
1800000,Lampung,1813000,Pesisir Barat,Kabupaten,1813080,Pesisir Selatan
1800000,Lampung,1813000,Pesisir Barat,Kabupaten,1813090,Ngambur
1800000,Lampung,1813000,Pesisir Barat,Kabupaten,1813100,Ngaras
1800000,Lampung,1813000,Pesisir Barat,Kabupaten,1813110,Bangkunat
1800000,Lampung,1871000,Bandar Lampung,Kota,1871010,Teluk Betung Barat
1800000,Lampung,1871000,Bandar Lampung,Kota,1871011,Telukbetung Timur
1800000,Lampung,1871000,Bandar Lampung,Kota,1871020,Teluk Betung Selatan
1800000,Lampung,1871000,Bandar Lampung,Kota,1871021,Bumi Waras
1800000,Lampung,1871000,Bandar Lampung,Kota,1871030,Panjang
1800000,Lampung,1871000,Bandar Lampung,Kota,1871040,Tanjung Karang Timur
1800000,Lampung,1871000,Bandar Lampung,Kota,1871041,Kedamaian
1800000,Lampung,1871000,Bandar Lampung,Kota,1871050,Teluk Betung Utara
1800000,Lampung,1871000,Bandar Lampung,Kota,1871060,Tanjung Karang Pusat
1800000,Lampung,1871000,Bandar Lampung,Kota,1871061,Enggal
1800000,Lampung,1871000,Bandar Lampung,Kota,1871070,Tanjung Karang Barat
1800000,Lampung,1871000,Bandar Lampung,Kota,1871071,Kemiling
1800000,Lampung,1871000,Bandar Lampung,Kota,1871072,Langkapura
1800000,Lampung,1871000,Bandar Lampung,Kota,1871080,Kedaton
1800000,Lampung,1871000,Bandar Lampung,Kota,1871081,Rajabasa
1800000,Lampung,1871000,Bandar Lampung,Kota,1871082,Tanjung Senang
1800000,Lampung,1871000,Bandar Lampung,Kota,1871083,Labuhan Ratu
1800000,Lampung,1871000,Bandar Lampung,Kota,1871090,Sukarame
1800000,Lampung,1871000,Bandar Lampung,Kota,1871091,Sukabumi
1800000,Lampung,1871000,Bandar Lampung,Kota,1871092,Way Halim
1800000,Lampung,1872000,Metro,Kota,1872011,Metro Selatan
1800000,Lampung,1872000,Metro,Kota,1872012,Metro Barat
1800000,Lampung,1872000,Metro,Kota,1872021,Metro Timur
1800000,Lampung,1872000,Metro,Kota,1872022,Metro Pusat
1800000,Lampung,1872000,Metro,Kota,1872023,Metro Utara
1900000,Kepulauan Bangka Belitung,1901000,Bangka,Kabupaten,1901070,Mendo Barat
1900000,Kepulauan Bangka Belitung,1901000,Bangka,Kabupaten,1901080,Merawang
1900000,Kepulauan Bangka Belitung,1901000,Bangka,Kabupaten,1901081,Puding Besar
1900000,Kepulauan Bangka Belitung,1901000,Bangka,Kabupaten,1901090,Sungailiat
1900000,Kepulauan Bangka Belitung,1901000,Bangka,Kabupaten,1901091,Pemali
1900000,Kepulauan Bangka Belitung,1901000,Bangka,Kabupaten,1901092,Bakam
1900000,Kepulauan Bangka Belitung,1901000,Bangka,Kabupaten,1901130,Belinyu
1900000,Kepulauan Bangka Belitung,1901000,Bangka,Kabupaten,1901131,Riau Silip
1900000,Kepulauan Bangka Belitung,1902000,Belitung,Kabupaten,1902010,Membalong
1900000,Kepulauan Bangka Belitung,1902000,Belitung,Kabupaten,1902060,Tanjungpandan
1900000,Kepulauan Bangka Belitung,1902000,Belitung,Kabupaten,1902061,Badau
1900000,Kepulauan Bangka Belitung,1902000,Belitung,Kabupaten,1902062,Sijuk
1900000,Kepulauan Bangka Belitung,1902000,Belitung,Kabupaten,1902063,Selat Nasik
1900000,Kepulauan Bangka Belitung,1903000,Bangka Barat,Kabupaten,1903010,Kelapa
1900000,Kepulauan Bangka Belitung,1903000,Bangka Barat,Kabupaten,1903020,Tempilang
1900000,Kepulauan Bangka Belitung,1903000,Bangka Barat,Kabupaten,1903030,Mentok
1900000,Kepulauan Bangka Belitung,1903000,Bangka Barat,Kabupaten,1903040,Simpang Teritip
1900000,Kepulauan Bangka Belitung,1903000,Bangka Barat,Kabupaten,1903050,Jebus
1900000,Kepulauan Bangka Belitung,1903000,Bangka Barat,Kabupaten,1903051,Parittiga
1900000,Kepulauan Bangka Belitung,1904000,Bangka Tengah,Kabupaten,1904010,Koba
1900000,Kepulauan Bangka Belitung,1904000,Bangka Tengah,Kabupaten,1904011,Lubuk Besar
1900000,Kepulauan Bangka Belitung,1904000,Bangka Tengah,Kabupaten,1904020,Pangkalan Baru
1900000,Kepulauan Bangka Belitung,1904000,Bangka Tengah,Kabupaten,1904021,Namang
1900000,Kepulauan Bangka Belitung,1904000,Bangka Tengah,Kabupaten,1904030,Sungai Selan
1900000,Kepulauan Bangka Belitung,1904000,Bangka Tengah,Kabupaten,1904040,Simpang Katis
1900000,Kepulauan Bangka Belitung,1905000,Bangka Selatan,Kabupaten,1905010,Payung
1900000,Kepulauan Bangka Belitung,1905000,Bangka Selatan,Kabupaten,1905011,Pulau Besar
1900000,Kepulauan Bangka Belitung,1905000,Bangka Selatan,Kabupaten,1905020,Simpang Rimba
1900000,Kepulauan Bangka Belitung,1905000,Bangka Selatan,Kabupaten,1905030,Toboali
1900000,Kepulauan Bangka Belitung,1905000,Bangka Selatan,Kabupaten,1905031,Tukak Sadai
1900000,Kepulauan Bangka Belitung,1905000,Bangka Selatan,Kabupaten,1905040,Air Gegas
1900000,Kepulauan Bangka Belitung,1905000,Bangka Selatan,Kabupaten,1905050,Lepar Pongok
1900000,Kepulauan Bangka Belitung,1905000,Bangka Selatan,Kabupaten,1905051,Kepulauan Pongok
1900000,Kepulauan Bangka Belitung,1906000,Belitung Timur,Kabupaten,1906010,Dendang
1900000,Kepulauan Bangka Belitung,1906000,Belitung Timur,Kabupaten,1906011,Simpang Pesak
1900000,Kepulauan Bangka Belitung,1906000,Belitung Timur,Kabupaten,1906020,Gantung
1900000,Kepulauan Bangka Belitung,1906000,Belitung Timur,Kabupaten,1906021,Simpang Renggiang
1900000,Kepulauan Bangka Belitung,1906000,Belitung Timur,Kabupaten,1906030,Manggar
1900000,Kepulauan Bangka Belitung,1906000,Belitung Timur,Kabupaten,1906031,Damar
1900000,Kepulauan Bangka Belitung,1906000,Belitung Timur,Kabupaten,1906040,Kelapa Kampit
1900000,Kepulauan Bangka Belitung,1971000,Pangkal Pinang,Kota,1971010,Rangkui
1900000,Kepulauan Bangka Belitung,1971000,Pangkal Pinang,Kota,1971020,Bukit Intan
1900000,Kepulauan Bangka Belitung,1971000,Pangkal Pinang,Kota,1971021,Girimaya
1900000,Kepulauan Bangka Belitung,1971000,Pangkal Pinang,Kota,1971030,Pangkal Balam
1900000,Kepulauan Bangka Belitung,1971000,Pangkal Pinang,Kota,1971031,Gabek
1900000,Kepulauan Bangka Belitung,1971000,Pangkal Pinang,Kota,1971040,Taman Sari
1900000,Kepulauan Bangka Belitung,1971000,Pangkal Pinang,Kota,1971041,Gerunggang
2100000,Kepulauan Riau,2101000,Karimun,Kabupaten,2101010,Moro
2100000,Kepulauan Riau,2101000,Karimun,Kabupaten,2101011,Durai
2100000,Kepulauan Riau,2101000,Karimun,Kabupaten,2101012,Sugie Besar
2100000,Kepulauan Riau,2101000,Karimun,Kabupaten,2101020,Kundur
2100000,Kepulauan Riau,2101000,Karimun,Kabupaten,2101021,Kundur Utara
2100000,Kepulauan Riau,2101000,Karimun,Kabupaten,2101022,Kundur Barat
2100000,Kepulauan Riau,2101000,Karimun,Kabupaten,2101023,Ungar
2100000,Kepulauan Riau,2101000,Karimun,Kabupaten,2101024,Belat
2100000,Kepulauan Riau,2101000,Karimun,Kabupaten,2101030,Karimun
2100000,Kepulauan Riau,2101000,Karimun,Kabupaten,2101031,Buru
2100000,Kepulauan Riau,2101000,Karimun,Kabupaten,2101032,Meral
2100000,Kepulauan Riau,2101000,Karimun,Kabupaten,2101033,Tebing
2100000,Kepulauan Riau,2101000,Karimun,Kabupaten,2101034,Meral Barat
2100000,Kepulauan Riau,2101000,Karimun,Kabupaten,2101035,Selat Gelam
2100000,Kepulauan Riau,2102000,Bintan,Kabupaten,2102040,Teluk Bintan
2100000,Kepulauan Riau,2102000,Bintan,Kabupaten,2102050,Bintan Utara
2100000,Kepulauan Riau,2102000,Bintan,Kabupaten,2102051,Teluk Sebong
2100000,Kepulauan Riau,2102000,Bintan,Kabupaten,2102052,Seri Kuala Lobam
2100000,Kepulauan Riau,2102000,Bintan,Kabupaten,2102060,Bintan Timur
2100000,Kepulauan Riau,2102000,Bintan,Kabupaten,2102061,Gunung Kijang
2100000,Kepulauan Riau,2102000,Bintan,Kabupaten,2102062,Mantang
2100000,Kepulauan Riau,2102000,Bintan,Kabupaten,2102063,Bintan Pesisir
2100000,Kepulauan Riau,2102000,Bintan,Kabupaten,2102064,Toapaya
2100000,Kepulauan Riau,2102000,Bintan,Kabupaten,2102070,Tambelan
2100000,Kepulauan Riau,2103000,Natuna,Kabupaten,2103030,Midai
2100000,Kepulauan Riau,2103000,Natuna,Kabupaten,2103031,Suak Midai
2100000,Kepulauan Riau,2103000,Natuna,Kabupaten,2103040,Bunguran Barat
2100000,Kepulauan Riau,2103000,Natuna,Kabupaten,2103041,Bunguran Utara
2100000,Kepulauan Riau,2103000,Natuna,Kabupaten,2103042,Pulau Laut
2100000,Kepulauan Riau,2103000,Natuna,Kabupaten,2103043,Pulau Tiga
2100000,Kepulauan Riau,2103000,Natuna,Kabupaten,2103044,Bunguran Batubi
2100000,Kepulauan Riau,2103000,Natuna,Kabupaten,2103045,Pulau Tiga Barat
2100000,Kepulauan Riau,2103000,Natuna,Kabupaten,2103046,Pulau Seluan
2100000,Kepulauan Riau,2103000,Natuna,Kabupaten,2103050,Bunguran Timur
2100000,Kepulauan Riau,2103000,Natuna,Kabupaten,2103051,Bunguran Timur Laut
2100000,Kepulauan Riau,2103000,Natuna,Kabupaten,2103052,Bunguran Tengah
2100000,Kepulauan Riau,2103000,Natuna,Kabupaten,2103053,Bunguran Selatan
2100000,Kepulauan Riau,2103000,Natuna,Kabupaten,2103060,Serasan
2100000,Kepulauan Riau,2103000,Natuna,Kabupaten,2103061,Subi
2100000,Kepulauan Riau,2103000,Natuna,Kabupaten,2103062,Serasan Timur
2100000,Kepulauan Riau,2103000,Natuna,Kabupaten,2103063,Pulau Panjang
2100000,Kepulauan Riau,2104000,Lingga,Kabupaten,2104010,Singkep Barat
2100000,Kepulauan Riau,2104000,Lingga,Kabupaten,2104011,Kepulauan Posek
2100000,Kepulauan Riau,2104000,Lingga,Kabupaten,2104020,Singkep
2100000,Kepulauan Riau,2104000,Lingga,Kabupaten,2104021,Singkep Selatan
2100000,Kepulauan Riau,2104000,Lingga,Kabupaten,2104022,Singkep Pesisir
2100000,Kepulauan Riau,2104000,Lingga,Kabupaten,2104030,Lingga
2100000,Kepulauan Riau,2104000,Lingga,Kabupaten,2104031,Selayar
2100000,Kepulauan Riau,2104000,Lingga,Kabupaten,2104032,Lingga Timur
2100000,Kepulauan Riau,2104000,Lingga,Kabupaten,2104040,Lingga Utara
2100000,Kepulauan Riau,2104000,Lingga,Kabupaten,2104050,Senayang
2100000,Kepulauan Riau,2104000,Lingga,Kabupaten,2104051,Bakung Serumpun
2100000,Kepulauan Riau,2104000,Lingga,Kabupaten,2104052,Temiang Pesisir
2100000,Kepulauan Riau,2104000,Lingga,Kabupaten,2104053,Katang Bidare
2100000,Kepulauan Riau,2105000,Kepulauan Anambas,Kabupaten,2105010,Jemaja
2100000,Kepulauan Riau,2105000,Kepulauan Anambas,Kabupaten,2105011,Jemaja Barat
2100000,Kepulauan Riau,2105000,Kepulauan Anambas,Kabupaten,2105020,Jemaja Timur
2100000,Kepulauan Riau,2105000,Kepulauan Anambas,Kabupaten,2105030,Siantan Selatan
2100000,Kepulauan Riau,2105000,Kepulauan Anambas,Kabupaten,2105040,Siantan
2100000,Kepulauan Riau,2105000,Kepulauan Anambas,Kabupaten,2105050,Siantan Timur
2100000,Kepulauan Riau,2105000,Kepulauan Anambas,Kabupaten,2105060,Siantan Tengah
2100000,Kepulauan Riau,2105000,Kepulauan Anambas,Kabupaten,2105070,Palmatak
2100000,Kepulauan Riau,2105000,Kepulauan Anambas,Kabupaten,2105071,Siantan Utara
2100000,Kepulauan Riau,2105000,Kepulauan Anambas,Kabupaten,2105072,Kute Siantan
2100000,Kepulauan Riau,2171000,Batam,Kota,2171010,Belakang Padang
2100000,Kepulauan Riau,2171000,Batam,Kota,2171020,Bulang
2100000,Kepulauan Riau,2171000,Batam,Kota,2171030,Galang
2100000,Kepulauan Riau,2171000,Batam,Kota,2171040,Sei Beduk
2100000,Kepulauan Riau,2171000,Batam,Kota,2171041,Sagulung
2100000,Kepulauan Riau,2171000,Batam,Kota,2171050,Nongsa
2100000,Kepulauan Riau,2171000,Batam,Kota,2171051,Batam Kota
2100000,Kepulauan Riau,2171000,Batam,Kota,2171060,Sekupang
2100000,Kepulauan Riau,2171000,Batam,Kota,2171061,Batu Aji
2100000,Kepulauan Riau,2171000,Batam,Kota,2171070,Lubuk Baja
2100000,Kepulauan Riau,2171000,Batam,Kota,2171080,Batu Ampar
2100000,Kepulauan Riau,2171000,Batam,Kota,2171081,Bengkong
2100000,Kepulauan Riau,2172000,Tanjung Pinang,Kota,2172010,Bukit Bestari
2100000,Kepulauan Riau,2172000,Tanjung Pinang,Kota,2172020,Tanjungpinang Timur
2100000,Kepulauan Riau,2172000,Tanjung Pinang,Kota,2172030,Tanjungpinang Kota
2100000,Kepulauan Riau,2172000,Tanjung Pinang,Kota,2172040,Tanjungpinang Barat
3100000,DKI Jakarta,3101000,Kepulauan Seribu,Kabupaten,3101010,Kepulauan Seribu Selatan
3100000,DKI Jakarta,3101000,Kepulauan Seribu,Kabupaten,3101020,Kepulauan Seribu Utara
3100000,DKI Jakarta,3171000,Jakarta Selatan,Kota,3171010,Jagakarsa
3100000,DKI Jakarta,3171000,Jakarta Selatan,Kota,3171020,Pasar Minggu
3100000,DKI Jakarta,3171000,Jakarta Selatan,Kota,3171030,Cilandak
3100000,DKI Jakarta,3171000,Jakarta Selatan,Kota,3171040,Pesanggrahan
3100000,DKI Jakarta,3171000,Jakarta Selatan,Kota,3171050,Kebayoran Lama
3100000,DKI Jakarta,3171000,Jakarta Selatan,Kota,3171060,Kebayoran Baru
3100000,DKI Jakarta,3171000,Jakarta Selatan,Kota,3171070,Mampang Prapatan
3100000,DKI Jakarta,3171000,Jakarta Selatan,Kota,3171080,Pancoran
3100000,DKI Jakarta,3171000,Jakarta Selatan,Kota,3171090,Tebet
3100000,DKI Jakarta,3171000,Jakarta Selatan,Kota,3171100,Setia Budi
3100000,DKI Jakarta,3172000,Jakarta Timur,Kota,3172010,Pasar Rebo
3100000,DKI Jakarta,3172000,Jakarta Timur,Kota,3172020,Ciracas
3100000,DKI Jakarta,3172000,Jakarta Timur,Kota,3172030,Cipayung
3100000,DKI Jakarta,3172000,Jakarta Timur,Kota,3172040,Makasar
3100000,DKI Jakarta,3172000,Jakarta Timur,Kota,3172050,Kramat Jati
3100000,DKI Jakarta,3172000,Jakarta Timur,Kota,3172060,Jatinegara
3100000,DKI Jakarta,3172000,Jakarta Timur,Kota,3172070,Duren Sawit
3100000,DKI Jakarta,3172000,Jakarta Timur,Kota,3172080,Cakung
3100000,DKI Jakarta,3172000,Jakarta Timur,Kota,3172090,Pulo Gadung
3100000,DKI Jakarta,3172000,Jakarta Timur,Kota,3172100,Matraman
3100000,DKI Jakarta,3173000,Jakarta Pusat,Kota,3173010,Tanah Abang
3100000,DKI Jakarta,3173000,Jakarta Pusat,Kota,3173020,Menteng
3100000,DKI Jakarta,3173000,Jakarta Pusat,Kota,3173030,Senen
3100000,DKI Jakarta,3173000,Jakarta Pusat,Kota,3173040,Johar Baru
3100000,DKI Jakarta,3173000,Jakarta Pusat,Kota,3173050,Cempaka Putih
3100000,DKI Jakarta,3173000,Jakarta Pusat,Kota,3173060,Kemayoran
3100000,DKI Jakarta,3173000,Jakarta Pusat,Kota,3173070,Sawah Besar
3100000,DKI Jakarta,3173000,Jakarta Pusat,Kota,3173080,Gambir
3100000,DKI Jakarta,3174000,Jakarta Barat,Kota,3174010,Kembangan
3100000,DKI Jakarta,3174000,Jakarta Barat,Kota,3174020,Kebon Jeruk
3100000,DKI Jakarta,3174000,Jakarta Barat,Kota,3174030,Palmerah
3100000,DKI Jakarta,3174000,Jakarta Barat,Kota,3174040,Grogol Petamburan
3100000,DKI Jakarta,3174000,Jakarta Barat,Kota,3174050,Tambora
3100000,DKI Jakarta,3174000,Jakarta Barat,Kota,3174060,Taman Sari
3100000,DKI Jakarta,3174000,Jakarta Barat,Kota,3174070,Cengkareng
3100000,DKI Jakarta,3174000,Jakarta Barat,Kota,3174080,Kali Deres
3100000,DKI Jakarta,3175000,Jakarta Utara,Kota,3175010,Penjaringan
3100000,DKI Jakarta,3175000,Jakarta Utara,Kota,3175020,Pademangan
3100000,DKI Jakarta,3175000,Jakarta Utara,Kota,3175030,Tanjung Priok
3100000,DKI Jakarta,3175000,Jakarta Utara,Kota,3175040,Koja
3100000,DKI Jakarta,3175000,Jakarta Utara,Kota,3175050,Kelapa Gading
3100000,DKI Jakarta,3175000,Jakarta Utara,Kota,3175060,Cilincing
3200000,Jawa Barat,3201000,Bogor,Kabupaten,3201010,Nanggung
3200000,Jawa Barat,3201000,Bogor,Kabupaten,3201020,Leuwiliang
3200000,Jawa Barat,3201000,Bogor,Kabupaten,3201021,Leuwisadeng
3200000,Jawa Barat,3201000,Bogor,Kabupaten,3201030,Pamijahan
3200000,Jawa Barat,3201000,Bogor,Kabupaten,3201040,Cibungbulang
3200000,Jawa Barat,3201000,Bogor,Kabupaten,3201050,Ciampea
3200000,Jawa Barat,3201000,Bogor,Kabupaten,3201051,Tenjolaya
3200000,Jawa Barat,3201000,Bogor,Kabupaten,3201060,Dramaga
3200000,Jawa Barat,3201000,Bogor,Kabupaten,3201070,Ciomas
3200000,Jawa Barat,3201000,Bogor,Kabupaten,3201071,Tamansari
3200000,Jawa Barat,3201000,Bogor,Kabupaten,3201080,Cijeruk
3200000,Jawa Barat,3201000,Bogor,Kabupaten,3201081,Cigombong
3200000,Jawa Barat,3201000,Bogor,Kabupaten,3201090,Caringin
3200000,Jawa Barat,3201000,Bogor,Kabupaten,3201100,Ciawi
3200000,Jawa Barat,3201000,Bogor,Kabupaten,3201110,Cisarua
3200000,Jawa Barat,3201000,Bogor,Kabupaten,3201120,Megamendung
3200000,Jawa Barat,3201000,Bogor,Kabupaten,3201130,Sukaraja
3200000,Jawa Barat,3201000,Bogor,Kabupaten,3201140,Babakan Madang
3200000,Jawa Barat,3201000,Bogor,Kabupaten,3201150,Sukamakmur
3200000,Jawa Barat,3201000,Bogor,Kabupaten,3201160,Cariu
3200000,Jawa Barat,3201000,Bogor,Kabupaten,3201161,Tanjungsari
3200000,Jawa Barat,3201000,Bogor,Kabupaten,3201170,Jonggol
3200000,Jawa Barat,3201000,Bogor,Kabupaten,3201180,Cileungsi
3200000,Jawa Barat,3201000,Bogor,Kabupaten,3201181,Klapanunggal
3200000,Jawa Barat,3201000,Bogor,Kabupaten,3201190,Gunung Putri
3200000,Jawa Barat,3201000,Bogor,Kabupaten,3201200,Citeureup
3200000,Jawa Barat,3201000,Bogor,Kabupaten,3201210,Cibinong
3200000,Jawa Barat,3201000,Bogor,Kabupaten,3201220,Bojong Gede
3200000,Jawa Barat,3201000,Bogor,Kabupaten,3201221,Tajur Halang
3200000,Jawa Barat,3201000,Bogor,Kabupaten,3201230,Kemang
3200000,Jawa Barat,3201000,Bogor,Kabupaten,3201231,Rancabungur
3200000,Jawa Barat,3201000,Bogor,Kabupaten,3201240,Parung
3200000,Jawa Barat,3201000,Bogor,Kabupaten,3201241,Ciseeng
3200000,Jawa Barat,3201000,Bogor,Kabupaten,3201250,Gunung Sindur
3200000,Jawa Barat,3201000,Bogor,Kabupaten,3201260,Rumpin
3200000,Jawa Barat,3201000,Bogor,Kabupaten,3201270,Cigudeg
3200000,Jawa Barat,3201000,Bogor,Kabupaten,3201271,Sukajaya
3200000,Jawa Barat,3201000,Bogor,Kabupaten,3201280,Jasinga
3200000,Jawa Barat,3201000,Bogor,Kabupaten,3201290,Tenjo
3200000,Jawa Barat,3201000,Bogor,Kabupaten,3201300,Parung Panjang
3200000,Jawa Barat,3202000,Sukabumi,Kabupaten,3202010,Ciemas
3200000,Jawa Barat,3202000,Sukabumi,Kabupaten,3202020,Ciracap
3200000,Jawa Barat,3202000,Sukabumi,Kabupaten,3202021,Waluran
3200000,Jawa Barat,3202000,Sukabumi,Kabupaten,3202030,Surade
3200000,Jawa Barat,3202000,Sukabumi,Kabupaten,3202031,Cibitung
3200000,Jawa Barat,3202000,Sukabumi,Kabupaten,3202040,Jampang Kulon
3200000,Jawa Barat,3202000,Sukabumi,Kabupaten,3202041,Cimanggu
3200000,Jawa Barat,3202000,Sukabumi,Kabupaten,3202050,Kali Bunder
3200000,Jawa Barat,3202000,Sukabumi,Kabupaten,3202060,Tegal Buleud
3200000,Jawa Barat,3202000,Sukabumi,Kabupaten,3202070,Cidolog
3200000,Jawa Barat,3202000,Sukabumi,Kabupaten,3202080,Sagaranten
3200000,Jawa Barat,3202000,Sukabumi,Kabupaten,3202081,Cidadap
3200000,Jawa Barat,3202000,Sukabumi,Kabupaten,3202082,Curugkembar
3200000,Jawa Barat,3202000,Sukabumi,Kabupaten,3202090,Pabuaran
3200000,Jawa Barat,3202000,Sukabumi,Kabupaten,3202100,Lengkong
3200000,Jawa Barat,3202000,Sukabumi,Kabupaten,3202110,Palabuhanratu
3200000,Jawa Barat,3202000,Sukabumi,Kabupaten,3202111,Simpenan
3200000,Jawa Barat,3202000,Sukabumi,Kabupaten,3202120,Warung Kiara
3200000,Jawa Barat,3202000,Sukabumi,Kabupaten,3202121,Bantargadung
3200000,Jawa Barat,3202000,Sukabumi,Kabupaten,3202130,Jampang Tengah
3200000,Jawa Barat,3202000,Sukabumi,Kabupaten,3202131,Purabaya
3200000,Jawa Barat,3202000,Sukabumi,Kabupaten,3202140,Cikembar
3200000,Jawa Barat,3202000,Sukabumi,Kabupaten,3202150,Nyalindung
3200000,Jawa Barat,3202000,Sukabumi,Kabupaten,3202160,Geger Bitung
3200000,Jawa Barat,3202000,Sukabumi,Kabupaten,3202170,Sukaraja
3200000,Jawa Barat,3202000,Sukabumi,Kabupaten,3202171,Kebonpedes
3200000,Jawa Barat,3202000,Sukabumi,Kabupaten,3202172,Cireunghas
3200000,Jawa Barat,3202000,Sukabumi,Kabupaten,3202173,Sukalarang
3200000,Jawa Barat,3202000,Sukabumi,Kabupaten,3202180,Sukabumi
3200000,Jawa Barat,3202000,Sukabumi,Kabupaten,3202190,Kadudampit
3200000,Jawa Barat,3202000,Sukabumi,Kabupaten,3202200,Cisaat
3200000,Jawa Barat,3202000,Sukabumi,Kabupaten,3202201,Gunungguruh
3200000,Jawa Barat,3202000,Sukabumi,Kabupaten,3202210,Cibadak
3200000,Jawa Barat,3202000,Sukabumi,Kabupaten,3202211,Cicantayan
3200000,Jawa Barat,3202000,Sukabumi,Kabupaten,3202212,Caringin
3200000,Jawa Barat,3202000,Sukabumi,Kabupaten,3202220,Nagrak
3200000,Jawa Barat,3202000,Sukabumi,Kabupaten,3202221,Ciambar
3200000,Jawa Barat,3202000,Sukabumi,Kabupaten,3202230,Cicurug
3200000,Jawa Barat,3202000,Sukabumi,Kabupaten,3202240,Cidahu
3200000,Jawa Barat,3202000,Sukabumi,Kabupaten,3202250,Parakan Salak
3200000,Jawa Barat,3202000,Sukabumi,Kabupaten,3202260,Parung Kuda
3200000,Jawa Barat,3202000,Sukabumi,Kabupaten,3202261,Bojong Genteng
3200000,Jawa Barat,3202000,Sukabumi,Kabupaten,3202270,Kalapa Nunggal
3200000,Jawa Barat,3202000,Sukabumi,Kabupaten,3202280,Cikidang
3200000,Jawa Barat,3202000,Sukabumi,Kabupaten,3202290,Cisolok
3200000,Jawa Barat,3202000,Sukabumi,Kabupaten,3202291,Cikakak
3200000,Jawa Barat,3202000,Sukabumi,Kabupaten,3202300,Kabandungan
3200000,Jawa Barat,3203000,Cianjur,Kabupaten,3203010,Agrabinta
3200000,Jawa Barat,3203000,Cianjur,Kabupaten,3203011,Leles
3200000,Jawa Barat,3203000,Cianjur,Kabupaten,3203020,Sindangbarang
3200000,Jawa Barat,3203000,Cianjur,Kabupaten,3203030,Cidaun
3200000,Jawa Barat,3203000,Cianjur,Kabupaten,3203040,Naringgul
3200000,Jawa Barat,3203000,Cianjur,Kabupaten,3203050,Cibinong
3200000,Jawa Barat,3203000,Cianjur,Kabupaten,3203051,Cikadu
3200000,Jawa Barat,3203000,Cianjur,Kabupaten,3203060,Tanggeung
3200000,Jawa Barat,3203000,Cianjur,Kabupaten,3203061,Pasirkuda
3200000,Jawa Barat,3203000,Cianjur,Kabupaten,3203070,Kadupandak
3200000,Jawa Barat,3203000,Cianjur,Kabupaten,3203071,Cijati
3200000,Jawa Barat,3203000,Cianjur,Kabupaten,3203080,Takokak
3200000,Jawa Barat,3203000,Cianjur,Kabupaten,3203090,Sukanagara
3200000,Jawa Barat,3203000,Cianjur,Kabupaten,3203100,Pagelaran
3200000,Jawa Barat,3203000,Cianjur,Kabupaten,3203110,Campaka
3200000,Jawa Barat,3203000,Cianjur,Kabupaten,3203111,Campakamulya
3200000,Jawa Barat,3203000,Cianjur,Kabupaten,3203120,Cibeber
3200000,Jawa Barat,3203000,Cianjur,Kabupaten,3203130,Warungkondang
3200000,Jawa Barat,3203000,Cianjur,Kabupaten,3203131,Gekbrong
3200000,Jawa Barat,3203000,Cianjur,Kabupaten,3203140,Cilaku
3200000,Jawa Barat,3203000,Cianjur,Kabupaten,3203150,Sukaluyu
3200000,Jawa Barat,3203000,Cianjur,Kabupaten,3203160,Bojongpicung
3200000,Jawa Barat,3203000,Cianjur,Kabupaten,3203161,Haurwangi
3200000,Jawa Barat,3203000,Cianjur,Kabupaten,3203170,Ciranjang
3200000,Jawa Barat,3203000,Cianjur,Kabupaten,3203180,Mande
3200000,Jawa Barat,3203000,Cianjur,Kabupaten,3203190,Karangtengah
3200000,Jawa Barat,3203000,Cianjur,Kabupaten,3203200,Cianjur
3200000,Jawa Barat,3203000,Cianjur,Kabupaten,3203210,Cugenang
3200000,Jawa Barat,3203000,Cianjur,Kabupaten,3203220,Pacet
3200000,Jawa Barat,3203000,Cianjur,Kabupaten,3203221,Cipanas
3200000,Jawa Barat,3203000,Cianjur,Kabupaten,3203230,Sukaresmi
3200000,Jawa Barat,3203000,Cianjur,Kabupaten,3203240,Cikalongkulon
3200000,Jawa Barat,3204000,Bandung,Kabupaten,3204010,Ciwidey
3200000,Jawa Barat,3204000,Bandung,Kabupaten,3204011,Rancabali
3200000,Jawa Barat,3204000,Bandung,Kabupaten,3204020,Pasirjambu
3200000,Jawa Barat,3204000,Bandung,Kabupaten,3204030,Cimaung
3200000,Jawa Barat,3204000,Bandung,Kabupaten,3204040,Pangalengan
3200000,Jawa Barat,3204000,Bandung,Kabupaten,3204050,Kertasari
3200000,Jawa Barat,3204000,Bandung,Kabupaten,3204060,Pacet
3200000,Jawa Barat,3204000,Bandung,Kabupaten,3204070,Ibun
3200000,Jawa Barat,3204000,Bandung,Kabupaten,3204080,Paseh
3200000,Jawa Barat,3204000,Bandung,Kabupaten,3204090,Cikancung
3200000,Jawa Barat,3204000,Bandung,Kabupaten,3204100,Cicalengka
3200000,Jawa Barat,3204000,Bandung,Kabupaten,3204101,Nagreg
3200000,Jawa Barat,3204000,Bandung,Kabupaten,3204110,Rancaekek
3200000,Jawa Barat,3204000,Bandung,Kabupaten,3204120,Majalaya
3200000,Jawa Barat,3204000,Bandung,Kabupaten,3204121,Solokan Jeruk
3200000,Jawa Barat,3204000,Bandung,Kabupaten,3204130,Ciparay
3200000,Jawa Barat,3204000,Bandung,Kabupaten,3204140,Baleendah
3200000,Jawa Barat,3204000,Bandung,Kabupaten,3204150,Arjasari
3200000,Jawa Barat,3204000,Bandung,Kabupaten,3204160,Banjaran
3200000,Jawa Barat,3204000,Bandung,Kabupaten,3204161,Cangkuang
3200000,Jawa Barat,3204000,Bandung,Kabupaten,3204170,Pameungpeuk
3200000,Jawa Barat,3204000,Bandung,Kabupaten,3204180,Katapang
3200000,Jawa Barat,3204000,Bandung,Kabupaten,3204190,Soreang
3200000,Jawa Barat,3204000,Bandung,Kabupaten,3204191,Kutawaringin
3200000,Jawa Barat,3204000,Bandung,Kabupaten,3204250,Margaasih
3200000,Jawa Barat,3204000,Bandung,Kabupaten,3204260,Margahayu
3200000,Jawa Barat,3204000,Bandung,Kabupaten,3204270,Dayeuhkolot
3200000,Jawa Barat,3204000,Bandung,Kabupaten,3204280,Bojongsoang
3200000,Jawa Barat,3204000,Bandung,Kabupaten,3204290,Cileunyi
3200000,Jawa Barat,3204000,Bandung,Kabupaten,3204300,Cilengkrang
3200000,Jawa Barat,3204000,Bandung,Kabupaten,3204310,Cimenyan
3200000,Jawa Barat,3205000,Garut,Kabupaten,3205010,Cisewu
3200000,Jawa Barat,3205000,Garut,Kabupaten,3205011,Caringin
3200000,Jawa Barat,3205000,Garut,Kabupaten,3205020,Talegong
3200000,Jawa Barat,3205000,Garut,Kabupaten,3205030,Bungbulang
3200000,Jawa Barat,3205000,Garut,Kabupaten,3205031,Mekarmukti
3200000,Jawa Barat,3205000,Garut,Kabupaten,3205040,Pamulihan
3200000,Jawa Barat,3205000,Garut,Kabupaten,3205050,Pakenjeng
3200000,Jawa Barat,3205000,Garut,Kabupaten,3205060,Cikelet
3200000,Jawa Barat,3205000,Garut,Kabupaten,3205070,Pameungpeuk
3200000,Jawa Barat,3205000,Garut,Kabupaten,3205080,Cibalong
3200000,Jawa Barat,3205000,Garut,Kabupaten,3205090,Cisompet
3200000,Jawa Barat,3205000,Garut,Kabupaten,3205100,Peundeuy
3200000,Jawa Barat,3205000,Garut,Kabupaten,3205110,Singajaya
3200000,Jawa Barat,3205000,Garut,Kabupaten,3205111,Cihurip
3200000,Jawa Barat,3205000,Garut,Kabupaten,3205120,Cikajang
3200000,Jawa Barat,3205000,Garut,Kabupaten,3205130,Banjarwangi
3200000,Jawa Barat,3205000,Garut,Kabupaten,3205140,Cilawu
3200000,Jawa Barat,3205000,Garut,Kabupaten,3205150,Bayongbong
3200000,Jawa Barat,3205000,Garut,Kabupaten,3205151,Cigedug
3200000,Jawa Barat,3205000,Garut,Kabupaten,3205160,Cisurupan
3200000,Jawa Barat,3205000,Garut,Kabupaten,3205161,Sukaresmi
3200000,Jawa Barat,3205000,Garut,Kabupaten,3205170,Samarang
3200000,Jawa Barat,3205000,Garut,Kabupaten,3205171,Pasirwangi
3200000,Jawa Barat,3205000,Garut,Kabupaten,3205181,Tarogong Kidul
3200000,Jawa Barat,3205000,Garut,Kabupaten,3205182,Tarogong Kaler
3200000,Jawa Barat,3205000,Garut,Kabupaten,3205190,Garut Kota
3200000,Jawa Barat,3205000,Garut,Kabupaten,3205200,Karangpawitan
3200000,Jawa Barat,3205000,Garut,Kabupaten,3205210,Wanaraja
3200000,Jawa Barat,3205000,Garut,Kabupaten,3205211,Sucinaraja
3200000,Jawa Barat,3205000,Garut,Kabupaten,3205212,Pangatikan
3200000,Jawa Barat,3205000,Garut,Kabupaten,3205220,Sukawening
3200000,Jawa Barat,3205000,Garut,Kabupaten,3205221,Karangtengah
3200000,Jawa Barat,3205000,Garut,Kabupaten,3205230,Banyuresmi
3200000,Jawa Barat,3205000,Garut,Kabupaten,3205240,Leles
3200000,Jawa Barat,3205000,Garut,Kabupaten,3205250,Leuwigoong
3200000,Jawa Barat,3205000,Garut,Kabupaten,3205260,Cibatu
3200000,Jawa Barat,3205000,Garut,Kabupaten,3205261,Kersamanah
3200000,Jawa Barat,3205000,Garut,Kabupaten,3205270,Cibiuk
3200000,Jawa Barat,3205000,Garut,Kabupaten,3205280,Kadungora
3200000,Jawa Barat,3205000,Garut,Kabupaten,3205290,Blubur Limbangan
3200000,Jawa Barat,3205000,Garut,Kabupaten,3205300,Selaawi
3200000,Jawa Barat,3205000,Garut,Kabupaten,3205310,Malangbong
3200000,Jawa Barat,3206000,Tasikmalaya,Kabupaten,3206010,Cipatujah
3200000,Jawa Barat,3206000,Tasikmalaya,Kabupaten,3206020,Karangnunggal
3200000,Jawa Barat,3206000,Tasikmalaya,Kabupaten,3206030,Cikalong
3200000,Jawa Barat,3206000,Tasikmalaya,Kabupaten,3206040,Pancatengah
3200000,Jawa Barat,3206000,Tasikmalaya,Kabupaten,3206050,Cikatomas
3200000,Jawa Barat,3206000,Tasikmalaya,Kabupaten,3206060,Cibalong
3200000,Jawa Barat,3206000,Tasikmalaya,Kabupaten,3206061,Parungponteng
3200000,Jawa Barat,3206000,Tasikmalaya,Kabupaten,3206070,Bantarkalong
3200000,Jawa Barat,3206000,Tasikmalaya,Kabupaten,3206071,Bojongasih
3200000,Jawa Barat,3206000,Tasikmalaya,Kabupaten,3206072,Culamega
3200000,Jawa Barat,3206000,Tasikmalaya,Kabupaten,3206080,Bojonggambir
3200000,Jawa Barat,3206000,Tasikmalaya,Kabupaten,3206090,Sodonghilir
3200000,Jawa Barat,3206000,Tasikmalaya,Kabupaten,3206100,Taraju
3200000,Jawa Barat,3206000,Tasikmalaya,Kabupaten,3206110,Salawu
3200000,Jawa Barat,3206000,Tasikmalaya,Kabupaten,3206111,Puspahiang
3200000,Jawa Barat,3206000,Tasikmalaya,Kabupaten,3206120,Tanjungjaya
3200000,Jawa Barat,3206000,Tasikmalaya,Kabupaten,3206130,Sukaraja
3200000,Jawa Barat,3206000,Tasikmalaya,Kabupaten,3206140,Salopa
3200000,Jawa Barat,3206000,Tasikmalaya,Kabupaten,3206141,Jatiwaras
3200000,Jawa Barat,3206000,Tasikmalaya,Kabupaten,3206150,Cineam
3200000,Jawa Barat,3206000,Tasikmalaya,Kabupaten,3206151,Karangjaya
3200000,Jawa Barat,3206000,Tasikmalaya,Kabupaten,3206160,Manonjaya
3200000,Jawa Barat,3206000,Tasikmalaya,Kabupaten,3206161,Gunungtanjung
3200000,Jawa Barat,3206000,Tasikmalaya,Kabupaten,3206190,Singaparna
3200000,Jawa Barat,3206000,Tasikmalaya,Kabupaten,3206191,Sukarame
3200000,Jawa Barat,3206000,Tasikmalaya,Kabupaten,3206192,Mangunreja
3200000,Jawa Barat,3206000,Tasikmalaya,Kabupaten,3206200,Cigalontang
3200000,Jawa Barat,3206000,Tasikmalaya,Kabupaten,3206210,Leuwisari
3200000,Jawa Barat,3206000,Tasikmalaya,Kabupaten,3206211,Sariwangi
3200000,Jawa Barat,3206000,Tasikmalaya,Kabupaten,3206212,Padakembang
3200000,Jawa Barat,3206000,Tasikmalaya,Kabupaten,3206221,Sukaratu
3200000,Jawa Barat,3206000,Tasikmalaya,Kabupaten,3206230,Cisayong
3200000,Jawa Barat,3206000,Tasikmalaya,Kabupaten,3206231,Sukahening
3200000,Jawa Barat,3206000,Tasikmalaya,Kabupaten,3206240,Rajapolah
3200000,Jawa Barat,3206000,Tasikmalaya,Kabupaten,3206250,Jamanis
3200000,Jawa Barat,3206000,Tasikmalaya,Kabupaten,3206260,Ciawi
3200000,Jawa Barat,3206000,Tasikmalaya,Kabupaten,3206261,Kadipaten
3200000,Jawa Barat,3206000,Tasikmalaya,Kabupaten,3206270,Pagerageung
3200000,Jawa Barat,3206000,Tasikmalaya,Kabupaten,3206271,Sukaresik
3200000,Jawa Barat,3207000,Ciamis,Kabupaten,3207100,Banjarsari
3200000,Jawa Barat,3207000,Ciamis,Kabupaten,3207101,Banjaranyar
3200000,Jawa Barat,3207000,Ciamis,Kabupaten,3207110,Lakbok
3200000,Jawa Barat,3207000,Ciamis,Kabupaten,3207111,Purwadadi
3200000,Jawa Barat,3207000,Ciamis,Kabupaten,3207120,Pamarican
3200000,Jawa Barat,3207000,Ciamis,Kabupaten,3207130,Cidolog
3200000,Jawa Barat,3207000,Ciamis,Kabupaten,3207140,Cimaragas
3200000,Jawa Barat,3207000,Ciamis,Kabupaten,3207150,Cijeungjing
3200000,Jawa Barat,3207000,Ciamis,Kabupaten,3207160,Cisaga
3200000,Jawa Barat,3207000,Ciamis,Kabupaten,3207170,Tambaksari
3200000,Jawa Barat,3207000,Ciamis,Kabupaten,3207180,Rancah
3200000,Jawa Barat,3207000,Ciamis,Kabupaten,3207190,Rajadesa
3200000,Jawa Barat,3207000,Ciamis,Kabupaten,3207200,Sukadana
3200000,Jawa Barat,3207000,Ciamis,Kabupaten,3207210,Ciamis
3200000,Jawa Barat,3207000,Ciamis,Kabupaten,3207211,Baregbeg
3200000,Jawa Barat,3207000,Ciamis,Kabupaten,3207220,Cikoneng
3200000,Jawa Barat,3207000,Ciamis,Kabupaten,3207221,Sindangkasih
3200000,Jawa Barat,3207000,Ciamis,Kabupaten,3207230,Cihaurbeuti
3200000,Jawa Barat,3207000,Ciamis,Kabupaten,3207240,Sadananya
3200000,Jawa Barat,3207000,Ciamis,Kabupaten,3207250,Cipaku
3200000,Jawa Barat,3207000,Ciamis,Kabupaten,3207260,Jatinagara
3200000,Jawa Barat,3207000,Ciamis,Kabupaten,3207270,Panawangan
3200000,Jawa Barat,3207000,Ciamis,Kabupaten,3207280,Kawali
3200000,Jawa Barat,3207000,Ciamis,Kabupaten,3207281,Lumbung
3200000,Jawa Barat,3207000,Ciamis,Kabupaten,3207290,Panjalu
3200000,Jawa Barat,3207000,Ciamis,Kabupaten,3207291,Sukamantri
3200000,Jawa Barat,3207000,Ciamis,Kabupaten,3207300,Panumbangan
3200000,Jawa Barat,3208000,Kuningan,Kabupaten,3208010,Darma
3200000,Jawa Barat,3208000,Kuningan,Kabupaten,3208020,Kadugede
3200000,Jawa Barat,3208000,Kuningan,Kabupaten,3208021,Nusaherang
3200000,Jawa Barat,3208000,Kuningan,Kabupaten,3208030,Ciniru
3200000,Jawa Barat,3208000,Kuningan,Kabupaten,3208031,Hantara
3200000,Jawa Barat,3208000,Kuningan,Kabupaten,3208040,Selajambe
3200000,Jawa Barat,3208000,Kuningan,Kabupaten,3208050,Subang
3200000,Jawa Barat,3208000,Kuningan,Kabupaten,3208051,Cilebak
3200000,Jawa Barat,3208000,Kuningan,Kabupaten,3208060,Ciwaru
3200000,Jawa Barat,3208000,Kuningan,Kabupaten,3208061,Karangkancana
3200000,Jawa Barat,3208000,Kuningan,Kabupaten,3208070,Cibingbin
3200000,Jawa Barat,3208000,Kuningan,Kabupaten,3208071,Cibeureum
3200000,Jawa Barat,3208000,Kuningan,Kabupaten,3208080,Luragung
3200000,Jawa Barat,3208000,Kuningan,Kabupaten,3208081,Cimahi
3200000,Jawa Barat,3208000,Kuningan,Kabupaten,3208090,Cidahu
3200000,Jawa Barat,3208000,Kuningan,Kabupaten,3208091,Kalimanggis
3200000,Jawa Barat,3208000,Kuningan,Kabupaten,3208100,Ciawigebang
3200000,Jawa Barat,3208000,Kuningan,Kabupaten,3208101,Cipicung
3200000,Jawa Barat,3208000,Kuningan,Kabupaten,3208110,Lebakwangi
3200000,Jawa Barat,3208000,Kuningan,Kabupaten,3208111,Maleber
3200000,Jawa Barat,3208000,Kuningan,Kabupaten,3208120,Garawangi
3200000,Jawa Barat,3208000,Kuningan,Kabupaten,3208121,Sindangagung
3200000,Jawa Barat,3208000,Kuningan,Kabupaten,3208130,Kuningan
3200000,Jawa Barat,3208000,Kuningan,Kabupaten,3208140,Cigugur
3200000,Jawa Barat,3208000,Kuningan,Kabupaten,3208150,Kramatmulya
3200000,Jawa Barat,3208000,Kuningan,Kabupaten,3208160,Jalaksana
3200000,Jawa Barat,3208000,Kuningan,Kabupaten,3208161,Japara
3200000,Jawa Barat,3208000,Kuningan,Kabupaten,3208170,Cilimus
3200000,Jawa Barat,3208000,Kuningan,Kabupaten,3208171,Cigandamekar
3200000,Jawa Barat,3208000,Kuningan,Kabupaten,3208180,Mandirancan
3200000,Jawa Barat,3208000,Kuningan,Kabupaten,3208181,Pancalang
3200000,Jawa Barat,3208000,Kuningan,Kabupaten,3208190,Pasawahan
3200000,Jawa Barat,3209000,Cirebon,Kabupaten,3209010,Waled
3200000,Jawa Barat,3209000,Cirebon,Kabupaten,3209011,Pasaleman
3200000,Jawa Barat,3209000,Cirebon,Kabupaten,3209020,Ciledug
3200000,Jawa Barat,3209000,Cirebon,Kabupaten,3209021,Pabuaran
3200000,Jawa Barat,3209000,Cirebon,Kabupaten,3209030,Losari
3200000,Jawa Barat,3209000,Cirebon,Kabupaten,3209031,Pabedilan
3200000,Jawa Barat,3209000,Cirebon,Kabupaten,3209040,Babakan
3200000,Jawa Barat,3209000,Cirebon,Kabupaten,3209041,Gebang
3200000,Jawa Barat,3209000,Cirebon,Kabupaten,3209050,Karangsembung
3200000,Jawa Barat,3209000,Cirebon,Kabupaten,3209051,Karangwareng
3200000,Jawa Barat,3209000,Cirebon,Kabupaten,3209060,Lemahabang
3200000,Jawa Barat,3209000,Cirebon,Kabupaten,3209061,Susukanlebak
3200000,Jawa Barat,3209000,Cirebon,Kabupaten,3209070,Sedong
3200000,Jawa Barat,3209000,Cirebon,Kabupaten,3209080,Astanajapura
3200000,Jawa Barat,3209000,Cirebon,Kabupaten,3209081,Pangenan
3200000,Jawa Barat,3209000,Cirebon,Kabupaten,3209090,Mundu
3200000,Jawa Barat,3209000,Cirebon,Kabupaten,3209100,Beber
3200000,Jawa Barat,3209000,Cirebon,Kabupaten,3209101,Greged
3200000,Jawa Barat,3209000,Cirebon,Kabupaten,3209111,Talun
3200000,Jawa Barat,3209000,Cirebon,Kabupaten,3209120,Sumber
3200000,Jawa Barat,3209000,Cirebon,Kabupaten,3209121,Dukupuntang
3200000,Jawa Barat,3209000,Cirebon,Kabupaten,3209130,Palimanan
3200000,Jawa Barat,3209000,Cirebon,Kabupaten,3209140,Plumbon
3200000,Jawa Barat,3209000,Cirebon,Kabupaten,3209141,Depok
3200000,Jawa Barat,3209000,Cirebon,Kabupaten,3209150,Weru
3200000,Jawa Barat,3209000,Cirebon,Kabupaten,3209151,Plered
3200000,Jawa Barat,3209000,Cirebon,Kabupaten,3209161,Tengah Tani
3200000,Jawa Barat,3209000,Cirebon,Kabupaten,3209162,Kedawung
3200000,Jawa Barat,3209000,Cirebon,Kabupaten,3209171,Gunungjati
3200000,Jawa Barat,3209000,Cirebon,Kabupaten,3209180,Kapetakan
3200000,Jawa Barat,3209000,Cirebon,Kabupaten,3209181,Suranenggala
3200000,Jawa Barat,3209000,Cirebon,Kabupaten,3209190,Klangenan
3200000,Jawa Barat,3209000,Cirebon,Kabupaten,3209191,Jamblang
3200000,Jawa Barat,3209000,Cirebon,Kabupaten,3209200,Arjawinangun
3200000,Jawa Barat,3209000,Cirebon,Kabupaten,3209201,Panguragan
3200000,Jawa Barat,3209000,Cirebon,Kabupaten,3209210,Ciwaringin
3200000,Jawa Barat,3209000,Cirebon,Kabupaten,3209211,Gempol
3200000,Jawa Barat,3209000,Cirebon,Kabupaten,3209220,Susukan
3200000,Jawa Barat,3209000,Cirebon,Kabupaten,3209230,Gegesik
3200000,Jawa Barat,3209000,Cirebon,Kabupaten,3209231,Kaliwedi
3200000,Jawa Barat,3210000,Majalengka,Kabupaten,3210010,Lemahsugih
3200000,Jawa Barat,3210000,Majalengka,Kabupaten,3210020,Bantarujeg
3200000,Jawa Barat,3210000,Majalengka,Kabupaten,3210021,Malausma
3200000,Jawa Barat,3210000,Majalengka,Kabupaten,3210030,Cikijing
3200000,Jawa Barat,3210000,Majalengka,Kabupaten,3210031,Cingambul
3200000,Jawa Barat,3210000,Majalengka,Kabupaten,3210040,Talaga
3200000,Jawa Barat,3210000,Majalengka,Kabupaten,3210041,Banjaran
3200000,Jawa Barat,3210000,Majalengka,Kabupaten,3210050,Argapura
3200000,Jawa Barat,3210000,Majalengka,Kabupaten,3210060,Maja
3200000,Jawa Barat,3210000,Majalengka,Kabupaten,3210070,Majalengka
3200000,Jawa Barat,3210000,Majalengka,Kabupaten,3210080,Cigasong
3200000,Jawa Barat,3210000,Majalengka,Kabupaten,3210090,Sukahaji
3200000,Jawa Barat,3210000,Majalengka,Kabupaten,3210091,Sindang
3200000,Jawa Barat,3210000,Majalengka,Kabupaten,3210100,Rajagaluh
3200000,Jawa Barat,3210000,Majalengka,Kabupaten,3210110,Sindangwangi
3200000,Jawa Barat,3210000,Majalengka,Kabupaten,3210120,Leuwimunding
3200000,Jawa Barat,3210000,Majalengka,Kabupaten,3210130,Palasah
3200000,Jawa Barat,3210000,Majalengka,Kabupaten,3210140,Jatiwangi
3200000,Jawa Barat,3210000,Majalengka,Kabupaten,3210150,Dawuan
3200000,Jawa Barat,3210000,Majalengka,Kabupaten,3210151,Kasokandel
3200000,Jawa Barat,3210000,Majalengka,Kabupaten,3210160,Panyingkiran
3200000,Jawa Barat,3210000,Majalengka,Kabupaten,3210170,Kadipaten
3200000,Jawa Barat,3210000,Majalengka,Kabupaten,3210180,Kertajati
3200000,Jawa Barat,3210000,Majalengka,Kabupaten,3210190,Jatitujuh
3200000,Jawa Barat,3210000,Majalengka,Kabupaten,3210200,Ligung
3200000,Jawa Barat,3210000,Majalengka,Kabupaten,3210210,Sumberjaya
3200000,Jawa Barat,3211000,Sumedang,Kabupaten,3211010,Jatinangor
3200000,Jawa Barat,3211000,Sumedang,Kabupaten,3211020,Cimanggung
3200000,Jawa Barat,3211000,Sumedang,Kabupaten,3211030,Tanjungsari
3200000,Jawa Barat,3211000,Sumedang,Kabupaten,3211031,Sukasari
3200000,Jawa Barat,3211000,Sumedang,Kabupaten,3211032,Pamulihan
3200000,Jawa Barat,3211000,Sumedang,Kabupaten,3211040,Rancakalong
3200000,Jawa Barat,3211000,Sumedang,Kabupaten,3211050,Sumedang Selatan
3200000,Jawa Barat,3211000,Sumedang,Kabupaten,3211060,Sumedang Utara
3200000,Jawa Barat,3211000,Sumedang,Kabupaten,3211061,Ganeas
3200000,Jawa Barat,3211000,Sumedang,Kabupaten,3211070,Situraja
3200000,Jawa Barat,3211000,Sumedang,Kabupaten,3211071,Cisitu
3200000,Jawa Barat,3211000,Sumedang,Kabupaten,3211080,Darmaraja
3200000,Jawa Barat,3211000,Sumedang,Kabupaten,3211090,Cibugel
3200000,Jawa Barat,3211000,Sumedang,Kabupaten,3211100,Wado
3200000,Jawa Barat,3211000,Sumedang,Kabupaten,3211101,Jatinunggal
3200000,Jawa Barat,3211000,Sumedang,Kabupaten,3211111,Jatigede
3200000,Jawa Barat,3211000,Sumedang,Kabupaten,3211120,Tomo
3200000,Jawa Barat,3211000,Sumedang,Kabupaten,3211130,Ujung Jaya
3200000,Jawa Barat,3211000,Sumedang,Kabupaten,3211140,Conggeang
3200000,Jawa Barat,3211000,Sumedang,Kabupaten,3211150,Paseh
3200000,Jawa Barat,3211000,Sumedang,Kabupaten,3211160,Cimalaka
3200000,Jawa Barat,3211000,Sumedang,Kabupaten,3211161,Cisarua
3200000,Jawa Barat,3211000,Sumedang,Kabupaten,3211170,Tanjungkerta
3200000,Jawa Barat,3211000,Sumedang,Kabupaten,3211171,Tanjungmedar
3200000,Jawa Barat,3211000,Sumedang,Kabupaten,3211180,Buahdua
3200000,Jawa Barat,3211000,Sumedang,Kabupaten,3211181,Surian
3200000,Jawa Barat,3212000,Indramayu,Kabupaten,3212010,Haurgeulis
3200000,Jawa Barat,3212000,Indramayu,Kabupaten,3212011,Gantar
3200000,Jawa Barat,3212000,Indramayu,Kabupaten,3212020,Kroya
3200000,Jawa Barat,3212000,Indramayu,Kabupaten,3212030,Gabuswetan
3200000,Jawa Barat,3212000,Indramayu,Kabupaten,3212040,Cikedung
3200000,Jawa Barat,3212000,Indramayu,Kabupaten,3212041,Terisi
3200000,Jawa Barat,3212000,Indramayu,Kabupaten,3212050,Lelea
3200000,Jawa Barat,3212000,Indramayu,Kabupaten,3212060,Bangodua
3200000,Jawa Barat,3212000,Indramayu,Kabupaten,3212061,Tukdana
3200000,Jawa Barat,3212000,Indramayu,Kabupaten,3212070,Widasari
3200000,Jawa Barat,3212000,Indramayu,Kabupaten,3212080,Kertasemaya
3200000,Jawa Barat,3212000,Indramayu,Kabupaten,3212081,Sukagumiwang
3200000,Jawa Barat,3212000,Indramayu,Kabupaten,3212090,Krangkeng
3200000,Jawa Barat,3212000,Indramayu,Kabupaten,3212100,Karangampel
3200000,Jawa Barat,3212000,Indramayu,Kabupaten,3212101,Kedokan Bunder
3200000,Jawa Barat,3212000,Indramayu,Kabupaten,3212110,Juntinyuat
3200000,Jawa Barat,3212000,Indramayu,Kabupaten,3212120,Sliyeg
3200000,Jawa Barat,3212000,Indramayu,Kabupaten,3212130,Jatibarang
3200000,Jawa Barat,3212000,Indramayu,Kabupaten,3212140,Balongan
3200000,Jawa Barat,3212000,Indramayu,Kabupaten,3212150,Indramayu
3200000,Jawa Barat,3212000,Indramayu,Kabupaten,3212160,Sindang
3200000,Jawa Barat,3212000,Indramayu,Kabupaten,3212161,Cantigi
3200000,Jawa Barat,3212000,Indramayu,Kabupaten,3212162,Pasekan
3200000,Jawa Barat,3212000,Indramayu,Kabupaten,3212170,Lohbener
3200000,Jawa Barat,3212000,Indramayu,Kabupaten,3212171,Arahan
3200000,Jawa Barat,3212000,Indramayu,Kabupaten,3212180,Losarang
3200000,Jawa Barat,3212000,Indramayu,Kabupaten,3212190,Kandanghaur
3200000,Jawa Barat,3212000,Indramayu,Kabupaten,3212200,Bongas
3200000,Jawa Barat,3212000,Indramayu,Kabupaten,3212210,Anjatan
3200000,Jawa Barat,3212000,Indramayu,Kabupaten,3212220,Sukra
3200000,Jawa Barat,3212000,Indramayu,Kabupaten,3212221,Patrol
3200000,Jawa Barat,3213000,Subang,Kabupaten,3213010,Sagalaherang
3200000,Jawa Barat,3213000,Subang,Kabupaten,3213011,Serangpanjang
3200000,Jawa Barat,3213000,Subang,Kabupaten,3213020,Jalancagak
3200000,Jawa Barat,3213000,Subang,Kabupaten,3213021,Ciater
3200000,Jawa Barat,3213000,Subang,Kabupaten,3213030,Cisalak
3200000,Jawa Barat,3213000,Subang,Kabupaten,3213031,Kasomalang
3200000,Jawa Barat,3213000,Subang,Kabupaten,3213040,Tanjungsiang
3200000,Jawa Barat,3213000,Subang,Kabupaten,3213050,Cijambe
3200000,Jawa Barat,3213000,Subang,Kabupaten,3213060,Cibogo
3200000,Jawa Barat,3213000,Subang,Kabupaten,3213070,Subang
3200000,Jawa Barat,3213000,Subang,Kabupaten,3213080,Kalijati
3200000,Jawa Barat,3213000,Subang,Kabupaten,3213081,Dawuan
3200000,Jawa Barat,3213000,Subang,Kabupaten,3213090,Cipeundeuy
3200000,Jawa Barat,3213000,Subang,Kabupaten,3213100,Pabuaran
3200000,Jawa Barat,3213000,Subang,Kabupaten,3213110,Patokbeusi
3200000,Jawa Barat,3213000,Subang,Kabupaten,3213120,Purwadadi
3200000,Jawa Barat,3213000,Subang,Kabupaten,3213130,Cikaum
3200000,Jawa Barat,3213000,Subang,Kabupaten,3213140,Pagaden
3200000,Jawa Barat,3213000,Subang,Kabupaten,3213141,Pagaden Barat
3200000,Jawa Barat,3213000,Subang,Kabupaten,3213150,Cipunagara
3200000,Jawa Barat,3213000,Subang,Kabupaten,3213160,Compreng
3200000,Jawa Barat,3213000,Subang,Kabupaten,3213170,Binong
3200000,Jawa Barat,3213000,Subang,Kabupaten,3213171,Tambakdahan
3200000,Jawa Barat,3213000,Subang,Kabupaten,3213180,Ciasem
3200000,Jawa Barat,3213000,Subang,Kabupaten,3213190,Pamanukan
3200000,Jawa Barat,3213000,Subang,Kabupaten,3213191,Sukasari
3200000,Jawa Barat,3213000,Subang,Kabupaten,3213200,Pusakanagara
3200000,Jawa Barat,3213000,Subang,Kabupaten,3213201,Pusakajaya
3200000,Jawa Barat,3213000,Subang,Kabupaten,3213210,Legonkulon
3200000,Jawa Barat,3213000,Subang,Kabupaten,3213220,Blanakan
3200000,Jawa Barat,3214000,Purwakarta,Kabupaten,3214010,Jatiluhur
3200000,Jawa Barat,3214000,Purwakarta,Kabupaten,3214011,Sukasari
3200000,Jawa Barat,3214000,Purwakarta,Kabupaten,3214020,Maniis
3200000,Jawa Barat,3214000,Purwakarta,Kabupaten,3214030,Tegal Waru
3200000,Jawa Barat,3214000,Purwakarta,Kabupaten,3214040,Plered
3200000,Jawa Barat,3214000,Purwakarta,Kabupaten,3214050,Sukatani
3200000,Jawa Barat,3214000,Purwakarta,Kabupaten,3214060,Darangdan
3200000,Jawa Barat,3214000,Purwakarta,Kabupaten,3214070,Bojong
3200000,Jawa Barat,3214000,Purwakarta,Kabupaten,3214080,Wanayasa
3200000,Jawa Barat,3214000,Purwakarta,Kabupaten,3214081,Kiarapedes
3200000,Jawa Barat,3214000,Purwakarta,Kabupaten,3214090,Pasawahan
3200000,Jawa Barat,3214000,Purwakarta,Kabupaten,3214091,Pondok Salam
3200000,Jawa Barat,3214000,Purwakarta,Kabupaten,3214100,Purwakarta
3200000,Jawa Barat,3214000,Purwakarta,Kabupaten,3214101,Babakancikao
3200000,Jawa Barat,3214000,Purwakarta,Kabupaten,3214110,Campaka
3200000,Jawa Barat,3214000,Purwakarta,Kabupaten,3214111,Cibatu
3200000,Jawa Barat,3214000,Purwakarta,Kabupaten,3214112,Bungursari
3200000,Jawa Barat,3215000,Karawang,Kabupaten,3215010,Pangkalan
3200000,Jawa Barat,3215000,Karawang,Kabupaten,3215011,Tegalwaru
3200000,Jawa Barat,3215000,Karawang,Kabupaten,3215020,Ciampel
3200000,Jawa Barat,3215000,Karawang,Kabupaten,3215031,Telukjambe Timur
3200000,Jawa Barat,3215000,Karawang,Kabupaten,3215032,Telukjambe Barat
3200000,Jawa Barat,3215000,Karawang,Kabupaten,3215040,Klari
3200000,Jawa Barat,3215000,Karawang,Kabupaten,3215050,Cikampek
3200000,Jawa Barat,3215000,Karawang,Kabupaten,3215051,Purwasari
3200000,Jawa Barat,3215000,Karawang,Kabupaten,3215060,Tirtamulya
3200000,Jawa Barat,3215000,Karawang,Kabupaten,3215070,Jatisari
3200000,Jawa Barat,3215000,Karawang,Kabupaten,3215071,Banyusari
3200000,Jawa Barat,3215000,Karawang,Kabupaten,3215072,Kotabaru
3200000,Jawa Barat,3215000,Karawang,Kabupaten,3215081,Cilamaya Wetan
3200000,Jawa Barat,3215000,Karawang,Kabupaten,3215082,Cilamaya Kulon
3200000,Jawa Barat,3215000,Karawang,Kabupaten,3215090,Lemahabang
3200000,Jawa Barat,3215000,Karawang,Kabupaten,3215100,Telagasari
3200000,Jawa Barat,3215000,Karawang,Kabupaten,3215111,Majalaya
3200000,Jawa Barat,3215000,Karawang,Kabupaten,3215112,Karawang Timur
3200000,Jawa Barat,3215000,Karawang,Kabupaten,3215113,Karawang Barat
3200000,Jawa Barat,3215000,Karawang,Kabupaten,3215120,Rawamerta
3200000,Jawa Barat,3215000,Karawang,Kabupaten,3215130,Tempuran
3200000,Jawa Barat,3215000,Karawang,Kabupaten,3215140,Kutawaluya
3200000,Jawa Barat,3215000,Karawang,Kabupaten,3215150,Rengasdengklok
3200000,Jawa Barat,3215000,Karawang,Kabupaten,3215151,Jayakerta
3200000,Jawa Barat,3215000,Karawang,Kabupaten,3215160,Pedes
3200000,Jawa Barat,3215000,Karawang,Kabupaten,3215161,Cilebar
3200000,Jawa Barat,3215000,Karawang,Kabupaten,3215170,Cibuaya
3200000,Jawa Barat,3215000,Karawang,Kabupaten,3215180,Tirtajaya
3200000,Jawa Barat,3215000,Karawang,Kabupaten,3215190,Batujaya
3200000,Jawa Barat,3215000,Karawang,Kabupaten,3215200,Pakisjaya
3200000,Jawa Barat,3216000,Bekasi,Kabupaten,3216010,Setu
3200000,Jawa Barat,3216000,Bekasi,Kabupaten,3216021,Serang Baru
3200000,Jawa Barat,3216000,Bekasi,Kabupaten,3216022,Cikarang Pusat
3200000,Jawa Barat,3216000,Bekasi,Kabupaten,3216023,Cikarang Selatan
3200000,Jawa Barat,3216000,Bekasi,Kabupaten,3216030,Cibarusah
3200000,Jawa Barat,3216000,Bekasi,Kabupaten,3216031,Bojongmangu
3200000,Jawa Barat,3216000,Bekasi,Kabupaten,3216041,Cikarang Timur
3200000,Jawa Barat,3216000,Bekasi,Kabupaten,3216050,Kedungwaringin
3200000,Jawa Barat,3216000,Bekasi,Kabupaten,3216061,Cikarang Utara
3200000,Jawa Barat,3216000,Bekasi,Kabupaten,3216062,Karangbahagia
3200000,Jawa Barat,3216000,Bekasi,Kabupaten,3216070,Cibitung
3200000,Jawa Barat,3216000,Bekasi,Kabupaten,3216071,Cikarang Barat
3200000,Jawa Barat,3216000,Bekasi,Kabupaten,3216081,Tambun Selatan
3200000,Jawa Barat,3216000,Bekasi,Kabupaten,3216082,Tambun Utara
3200000,Jawa Barat,3216000,Bekasi,Kabupaten,3216090,Babelan
3200000,Jawa Barat,3216000,Bekasi,Kabupaten,3216100,Tarumajaya
3200000,Jawa Barat,3216000,Bekasi,Kabupaten,3216110,Tambelang
3200000,Jawa Barat,3216000,Bekasi,Kabupaten,3216111,Sukawangi
3200000,Jawa Barat,3216000,Bekasi,Kabupaten,3216120,Sukatani
3200000,Jawa Barat,3216000,Bekasi,Kabupaten,3216121,Sukakarya
3200000,Jawa Barat,3216000,Bekasi,Kabupaten,3216130,Pebayuran
3200000,Jawa Barat,3216000,Bekasi,Kabupaten,3216140,Cabangbungin
3200000,Jawa Barat,3216000,Bekasi,Kabupaten,3216150,Muara Gembong
3200000,Jawa Barat,3217000,Bandung Barat,Kabupaten,3217010,Rongga
3200000,Jawa Barat,3217000,Bandung Barat,Kabupaten,3217020,Gununghalu
3200000,Jawa Barat,3217000,Bandung Barat,Kabupaten,3217030,Sindangkerta
3200000,Jawa Barat,3217000,Bandung Barat,Kabupaten,3217040,Cililin
3200000,Jawa Barat,3217000,Bandung Barat,Kabupaten,3217050,Cihampelas
3200000,Jawa Barat,3217000,Bandung Barat,Kabupaten,3217060,Cipongkor
3200000,Jawa Barat,3217000,Bandung Barat,Kabupaten,3217070,Batujajar
3200000,Jawa Barat,3217000,Bandung Barat,Kabupaten,3217071,Saguling
3200000,Jawa Barat,3217000,Bandung Barat,Kabupaten,3217080,Cipatat
3200000,Jawa Barat,3217000,Bandung Barat,Kabupaten,3217090,Padalarang
3200000,Jawa Barat,3217000,Bandung Barat,Kabupaten,3217100,Ngamprah
3200000,Jawa Barat,3217000,Bandung Barat,Kabupaten,3217110,Parongpong
3200000,Jawa Barat,3217000,Bandung Barat,Kabupaten,3217120,Lembang
3200000,Jawa Barat,3217000,Bandung Barat,Kabupaten,3217130,Cisarua
3200000,Jawa Barat,3217000,Bandung Barat,Kabupaten,3217140,Cikalong Wetan
3200000,Jawa Barat,3217000,Bandung Barat,Kabupaten,3217150,Cipeundeuy
3200000,Jawa Barat,3218000,Pangandaran,Kabupaten,3218010,Cimerak
3200000,Jawa Barat,3218000,Pangandaran,Kabupaten,3218020,Cijulang
3200000,Jawa Barat,3218000,Pangandaran,Kabupaten,3218030,Cigugur
3200000,Jawa Barat,3218000,Pangandaran,Kabupaten,3218040,Langkaplancar
3200000,Jawa Barat,3218000,Pangandaran,Kabupaten,3218050,Parigi
3200000,Jawa Barat,3218000,Pangandaran,Kabupaten,3218060,Sidamulih
3200000,Jawa Barat,3218000,Pangandaran,Kabupaten,3218070,Pangandaran
3200000,Jawa Barat,3218000,Pangandaran,Kabupaten,3218080,Kalipucang
3200000,Jawa Barat,3218000,Pangandaran,Kabupaten,3218090,Padaherang
3200000,Jawa Barat,3218000,Pangandaran,Kabupaten,3218100,Mangunjaya
3200000,Jawa Barat,3271000,Bogor,Kota,3271010,Bogor Selatan
3200000,Jawa Barat,3271000,Bogor,Kota,3271020,Bogor Timur
3200000,Jawa Barat,3271000,Bogor,Kota,3271030,Bogor Utara
3200000,Jawa Barat,3271000,Bogor,Kota,3271040,Bogor Tengah
3200000,Jawa Barat,3271000,Bogor,Kota,3271050,Bogor Barat
3200000,Jawa Barat,3271000,Bogor,Kota,3271060,Tanah Sareal
3200000,Jawa Barat,3272000,Sukabumi,Kota,3272010,Baros
3200000,Jawa Barat,3272000,Sukabumi,Kota,3272011,Lembursitu
3200000,Jawa Barat,3272000,Sukabumi,Kota,3272012,Cibeureum
3200000,Jawa Barat,3272000,Sukabumi,Kota,3272020,Citamiang
3200000,Jawa Barat,3272000,Sukabumi,Kota,3272030,Warudoyong
3200000,Jawa Barat,3272000,Sukabumi,Kota,3272040,Gunung Puyuh
3200000,Jawa Barat,3272000,Sukabumi,Kota,3272050,Cikole
3200000,Jawa Barat,3273000,Bandung,Kota,3273010,Bandung Kulon
3200000,Jawa Barat,3273000,Bandung,Kota,3273020,Babakan Ciparay
3200000,Jawa Barat,3273000,Bandung,Kota,3273030,Bojongloa Kaler
3200000,Jawa Barat,3273000,Bandung,Kota,3273040,Bojongloa Kidul
3200000,Jawa Barat,3273000,Bandung,Kota,3273050,Astanaanyar
3200000,Jawa Barat,3273000,Bandung,Kota,3273060,Regol
3200000,Jawa Barat,3273000,Bandung,Kota,3273070,Lengkong
3200000,Jawa Barat,3273000,Bandung,Kota,3273080,Bandung Kidul
3200000,Jawa Barat,3273000,Bandung,Kota,3273090,Buahbatu
3200000,Jawa Barat,3273000,Bandung,Kota,3273100,Rancasari
3200000,Jawa Barat,3273000,Bandung,Kota,3273101,Gedebage
3200000,Jawa Barat,3273000,Bandung,Kota,3273110,Cibiru
3200000,Jawa Barat,3273000,Bandung,Kota,3273111,Panyileukan
3200000,Jawa Barat,3273000,Bandung,Kota,3273120,Ujung Berung
3200000,Jawa Barat,3273000,Bandung,Kota,3273121,Cinambo
3200000,Jawa Barat,3273000,Bandung,Kota,3273130,Arcamanik
3200000,Jawa Barat,3273000,Bandung,Kota,3273141,Antapani
3200000,Jawa Barat,3273000,Bandung,Kota,3273142,Mandalajati
3200000,Jawa Barat,3273000,Bandung,Kota,3273150,Kiaracondong
3200000,Jawa Barat,3273000,Bandung,Kota,3273160,Batununggal
3200000,Jawa Barat,3273000,Bandung,Kota,3273170,Sumur Bandung
3200000,Jawa Barat,3273000,Bandung,Kota,3273180,Andir
3200000,Jawa Barat,3273000,Bandung,Kota,3273190,Cicendo
3200000,Jawa Barat,3273000,Bandung,Kota,3273200,Bandung Wetan
3200000,Jawa Barat,3273000,Bandung,Kota,3273210,Cibeunying Kidul
3200000,Jawa Barat,3273000,Bandung,Kota,3273220,Cibeunying Kaler
3200000,Jawa Barat,3273000,Bandung,Kota,3273230,Coblong
3200000,Jawa Barat,3273000,Bandung,Kota,3273240,Sukajadi
3200000,Jawa Barat,3273000,Bandung,Kota,3273250,Sukasari
3200000,Jawa Barat,3273000,Bandung,Kota,3273260,Cidadap
3200000,Jawa Barat,3274000,Cirebon,Kota,3274010,Harjamukti
3200000,Jawa Barat,3274000,Cirebon,Kota,3274020,Lemahwungkuk
3200000,Jawa Barat,3274000,Cirebon,Kota,3274030,Pekalipan
3200000,Jawa Barat,3274000,Cirebon,Kota,3274040,Kesambi
3200000,Jawa Barat,3274000,Cirebon,Kota,3274050,Kejaksan
3200000,Jawa Barat,3275000,Bekasi,Kota,3275010,Pondokgede
3200000,Jawa Barat,3275000,Bekasi,Kota,3275011,Jatisampurna
3200000,Jawa Barat,3275000,Bekasi,Kota,3275012,Pondokmelati
3200000,Jawa Barat,3275000,Bekasi,Kota,3275020,Jatiasih
3200000,Jawa Barat,3275000,Bekasi,Kota,3275030,Bantargebang
3200000,Jawa Barat,3275000,Bekasi,Kota,3275031,Mustikajaya
3200000,Jawa Barat,3275000,Bekasi,Kota,3275040,Bekasi Timur
3200000,Jawa Barat,3275000,Bekasi,Kota,3275041,Rawalumbu
3200000,Jawa Barat,3275000,Bekasi,Kota,3275050,Bekasi Selatan
3200000,Jawa Barat,3275000,Bekasi,Kota,3275060,Bekasi Barat
3200000,Jawa Barat,3275000,Bekasi,Kota,3275061,Medan Satria
3200000,Jawa Barat,3275000,Bekasi,Kota,3275070,Bekasi Utara
3200000,Jawa Barat,3276000,Depok,Kota,3276010,Sawangan
3200000,Jawa Barat,3276000,Depok,Kota,3276011,Bojongsari
3200000,Jawa Barat,3276000,Depok,Kota,3276020,Pancoran Mas
3200000,Jawa Barat,3276000,Depok,Kota,3276021,Cipayung
3200000,Jawa Barat,3276000,Depok,Kota,3276030,Sukmajaya
3200000,Jawa Barat,3276000,Depok,Kota,3276031,Cilodong
3200000,Jawa Barat,3276000,Depok,Kota,3276040,Cimanggis
3200000,Jawa Barat,3276000,Depok,Kota,3276041,Tapos
3200000,Jawa Barat,3276000,Depok,Kota,3276050,Beji
3200000,Jawa Barat,3276000,Depok,Kota,3276060,Limo
3200000,Jawa Barat,3276000,Depok,Kota,3276061,Cinere
3200000,Jawa Barat,3277000,Cimahi,Kota,3277010,Cimahi Selatan
3200000,Jawa Barat,3277000,Cimahi,Kota,3277020,Cimahi Tengah
3200000,Jawa Barat,3277000,Cimahi,Kota,3277030,Cimahi Utara
3200000,Jawa Barat,3278000,Tasikmalaya,Kota,3278010,Kawalu
3200000,Jawa Barat,3278000,Tasikmalaya,Kota,3278020,Tamansari
3200000,Jawa Barat,3278000,Tasikmalaya,Kota,3278030,Cibeureum
3200000,Jawa Barat,3278000,Tasikmalaya,Kota,3278031,Purbaratu
3200000,Jawa Barat,3278000,Tasikmalaya,Kota,3278040,Tawang
3200000,Jawa Barat,3278000,Tasikmalaya,Kota,3278050,Cihideung
3200000,Jawa Barat,3278000,Tasikmalaya,Kota,3278060,Mangkubumi
3200000,Jawa Barat,3278000,Tasikmalaya,Kota,3278070,Indihiang
3200000,Jawa Barat,3278000,Tasikmalaya,Kota,3278071,Bungursari
3200000,Jawa Barat,3278000,Tasikmalaya,Kota,3278080,Cipedes
3200000,Jawa Barat,3279000,Banjar,Kota,3279010,Banjar
3200000,Jawa Barat,3279000,Banjar,Kota,3279020,Purwaharja
3200000,Jawa Barat,3279000,Banjar,Kota,3279030,Pataruman
3200000,Jawa Barat,3279000,Banjar,Kota,3279040,Langensari
3300000,Jawa Tengah,3301000,Cilacap,Kabupaten,3301010,Dayeuhluhur
3300000,Jawa Tengah,3301000,Cilacap,Kabupaten,3301020,Wanareja
3300000,Jawa Tengah,3301000,Cilacap,Kabupaten,3301030,Majenang
3300000,Jawa Tengah,3301000,Cilacap,Kabupaten,3301040,Cimanggu
3300000,Jawa Tengah,3301000,Cilacap,Kabupaten,3301050,Karangpucung
3300000,Jawa Tengah,3301000,Cilacap,Kabupaten,3301060,Cipari
3300000,Jawa Tengah,3301000,Cilacap,Kabupaten,3301070,Sidareja
3300000,Jawa Tengah,3301000,Cilacap,Kabupaten,3301080,Kedungreja
3300000,Jawa Tengah,3301000,Cilacap,Kabupaten,3301090,Patimuan
3300000,Jawa Tengah,3301000,Cilacap,Kabupaten,3301100,Gandrungmangu
3300000,Jawa Tengah,3301000,Cilacap,Kabupaten,3301110,Bantarsari
3300000,Jawa Tengah,3301000,Cilacap,Kabupaten,3301120,Kawunganten
3300000,Jawa Tengah,3301000,Cilacap,Kabupaten,3301121,Kampung Laut
3300000,Jawa Tengah,3301000,Cilacap,Kabupaten,3301130,Jeruklegi
3300000,Jawa Tengah,3301000,Cilacap,Kabupaten,3301140,Kesugihan
3300000,Jawa Tengah,3301000,Cilacap,Kabupaten,3301150,Adipala
3300000,Jawa Tengah,3301000,Cilacap,Kabupaten,3301160,Maos
3300000,Jawa Tengah,3301000,Cilacap,Kabupaten,3301170,Sampang
3300000,Jawa Tengah,3301000,Cilacap,Kabupaten,3301180,Kroya
3300000,Jawa Tengah,3301000,Cilacap,Kabupaten,3301190,Binangun
3300000,Jawa Tengah,3301000,Cilacap,Kabupaten,3301200,Nusawungu
3300000,Jawa Tengah,3301000,Cilacap,Kabupaten,3301710,Cilacap Selatan
3300000,Jawa Tengah,3301000,Cilacap,Kabupaten,3301720,Cilacap Tengah
3300000,Jawa Tengah,3301000,Cilacap,Kabupaten,3301730,Cilacap Utara
3300000,Jawa Tengah,3302000,Banyumas,Kabupaten,3302010,Lumbir
3300000,Jawa Tengah,3302000,Banyumas,Kabupaten,3302020,Wangon
3300000,Jawa Tengah,3302000,Banyumas,Kabupaten,3302030,Jatilawang
3300000,Jawa Tengah,3302000,Banyumas,Kabupaten,3302040,Rawalo
3300000,Jawa Tengah,3302000,Banyumas,Kabupaten,3302050,Kebasen
3300000,Jawa Tengah,3302000,Banyumas,Kabupaten,3302060,Kemranjen
3300000,Jawa Tengah,3302000,Banyumas,Kabupaten,3302070,Sumpiuh
3300000,Jawa Tengah,3302000,Banyumas,Kabupaten,3302080,Tambak
3300000,Jawa Tengah,3302000,Banyumas,Kabupaten,3302090,Somagede
3300000,Jawa Tengah,3302000,Banyumas,Kabupaten,3302100,Kalibagor
3300000,Jawa Tengah,3302000,Banyumas,Kabupaten,3302110,Banyumas
3300000,Jawa Tengah,3302000,Banyumas,Kabupaten,3302120,Patikraja
3300000,Jawa Tengah,3302000,Banyumas,Kabupaten,3302130,Purwojati
3300000,Jawa Tengah,3302000,Banyumas,Kabupaten,3302140,Ajibarang
3300000,Jawa Tengah,3302000,Banyumas,Kabupaten,3302150,Gumelar
3300000,Jawa Tengah,3302000,Banyumas,Kabupaten,3302160,Pekuncen
3300000,Jawa Tengah,3302000,Banyumas,Kabupaten,3302170,Cilongok
3300000,Jawa Tengah,3302000,Banyumas,Kabupaten,3302180,Karanglewas
3300000,Jawa Tengah,3302000,Banyumas,Kabupaten,3302190,Kedung Banteng
3300000,Jawa Tengah,3302000,Banyumas,Kabupaten,3302200,Baturraden
3300000,Jawa Tengah,3302000,Banyumas,Kabupaten,3302210,Sumbang
3300000,Jawa Tengah,3302000,Banyumas,Kabupaten,3302220,Kembaran
3300000,Jawa Tengah,3302000,Banyumas,Kabupaten,3302230,Sokaraja
3300000,Jawa Tengah,3302000,Banyumas,Kabupaten,3302710,Purwokerto Selatan
3300000,Jawa Tengah,3302000,Banyumas,Kabupaten,3302720,Purwokerto Barat
3300000,Jawa Tengah,3302000,Banyumas,Kabupaten,3302730,Purwokerto Timur
3300000,Jawa Tengah,3302000,Banyumas,Kabupaten,3302740,Purwokerto Utara
3300000,Jawa Tengah,3303000,Purbalingga,Kabupaten,3303010,Kemangkon
3300000,Jawa Tengah,3303000,Purbalingga,Kabupaten,3303020,Bukateja
3300000,Jawa Tengah,3303000,Purbalingga,Kabupaten,3303030,Kejobong
3300000,Jawa Tengah,3303000,Purbalingga,Kabupaten,3303040,Pengadegan
3300000,Jawa Tengah,3303000,Purbalingga,Kabupaten,3303050,Kaligondang
3300000,Jawa Tengah,3303000,Purbalingga,Kabupaten,3303060,Purbalingga
3300000,Jawa Tengah,3303000,Purbalingga,Kabupaten,3303070,Kalimanah
3300000,Jawa Tengah,3303000,Purbalingga,Kabupaten,3303080,Padamara
3300000,Jawa Tengah,3303000,Purbalingga,Kabupaten,3303090,Kutasari
3300000,Jawa Tengah,3303000,Purbalingga,Kabupaten,3303100,Bojongsari
3300000,Jawa Tengah,3303000,Purbalingga,Kabupaten,3303110,Mrebet
3300000,Jawa Tengah,3303000,Purbalingga,Kabupaten,3303120,Bobotsari
3300000,Jawa Tengah,3303000,Purbalingga,Kabupaten,3303130,Karangreja
3300000,Jawa Tengah,3303000,Purbalingga,Kabupaten,3303131,Karangjambu
3300000,Jawa Tengah,3303000,Purbalingga,Kabupaten,3303140,Karanganyar
3300000,Jawa Tengah,3303000,Purbalingga,Kabupaten,3303141,Kertanegara
3300000,Jawa Tengah,3303000,Purbalingga,Kabupaten,3303150,Karangmoncol
3300000,Jawa Tengah,3303000,Purbalingga,Kabupaten,3303160,Rembang
3300000,Jawa Tengah,3304000,Banjarnegara,Kabupaten,3304010,Susukan
3300000,Jawa Tengah,3304000,Banjarnegara,Kabupaten,3304020,Purwareja Klampok
3300000,Jawa Tengah,3304000,Banjarnegara,Kabupaten,3304030,Mandiraja
3300000,Jawa Tengah,3304000,Banjarnegara,Kabupaten,3304040,Purwanegara
3300000,Jawa Tengah,3304000,Banjarnegara,Kabupaten,3304050,Bawang
3300000,Jawa Tengah,3304000,Banjarnegara,Kabupaten,3304060,Banjarnegara
3300000,Jawa Tengah,3304000,Banjarnegara,Kabupaten,3304061,Pagedongan
3300000,Jawa Tengah,3304000,Banjarnegara,Kabupaten,3304070,Sigaluh
3300000,Jawa Tengah,3304000,Banjarnegara,Kabupaten,3304080,Madukara
3300000,Jawa Tengah,3304000,Banjarnegara,Kabupaten,3304090,Banjarmangu
3300000,Jawa Tengah,3304000,Banjarnegara,Kabupaten,3304100,Wanadadi
3300000,Jawa Tengah,3304000,Banjarnegara,Kabupaten,3304110,Rakit
3300000,Jawa Tengah,3304000,Banjarnegara,Kabupaten,3304120,Punggelan
3300000,Jawa Tengah,3304000,Banjarnegara,Kabupaten,3304130,Karangkobar
3300000,Jawa Tengah,3304000,Banjarnegara,Kabupaten,3304140,Pagentan
3300000,Jawa Tengah,3304000,Banjarnegara,Kabupaten,3304150,Pejawaran
3300000,Jawa Tengah,3304000,Banjarnegara,Kabupaten,3304160,Batur
3300000,Jawa Tengah,3304000,Banjarnegara,Kabupaten,3304170,Wanayasa
3300000,Jawa Tengah,3304000,Banjarnegara,Kabupaten,3304180,Kalibening
3300000,Jawa Tengah,3304000,Banjarnegara,Kabupaten,3304181,Pandanarum
3300000,Jawa Tengah,3305000,Kebumen,Kabupaten,3305010,Ayah
3300000,Jawa Tengah,3305000,Kebumen,Kabupaten,3305020,Buayan
3300000,Jawa Tengah,3305000,Kebumen,Kabupaten,3305030,Puring
3300000,Jawa Tengah,3305000,Kebumen,Kabupaten,3305040,Petanahan
3300000,Jawa Tengah,3305000,Kebumen,Kabupaten,3305050,Klirong
3300000,Jawa Tengah,3305000,Kebumen,Kabupaten,3305060,Buluspesantren
3300000,Jawa Tengah,3305000,Kebumen,Kabupaten,3305070,Ambal
3300000,Jawa Tengah,3305000,Kebumen,Kabupaten,3305080,Mirit
3300000,Jawa Tengah,3305000,Kebumen,Kabupaten,3305081,Bonorowo
3300000,Jawa Tengah,3305000,Kebumen,Kabupaten,3305090,Prembun
3300000,Jawa Tengah,3305000,Kebumen,Kabupaten,3305091,Padureso
3300000,Jawa Tengah,3305000,Kebumen,Kabupaten,3305100,Kutowinangun
3300000,Jawa Tengah,3305000,Kebumen,Kabupaten,3305110,Alian
3300000,Jawa Tengah,3305000,Kebumen,Kabupaten,3305111,Poncowarno
3300000,Jawa Tengah,3305000,Kebumen,Kabupaten,3305120,Kebumen
3300000,Jawa Tengah,3305000,Kebumen,Kabupaten,3305130,Pejagoan
3300000,Jawa Tengah,3305000,Kebumen,Kabupaten,3305140,Sruweng
3300000,Jawa Tengah,3305000,Kebumen,Kabupaten,3305150,Adimulyo
3300000,Jawa Tengah,3305000,Kebumen,Kabupaten,3305160,Kuwarasan
3300000,Jawa Tengah,3305000,Kebumen,Kabupaten,3305170,Rowokele
3300000,Jawa Tengah,3305000,Kebumen,Kabupaten,3305180,Sempor
3300000,Jawa Tengah,3305000,Kebumen,Kabupaten,3305190,Gombong
3300000,Jawa Tengah,3305000,Kebumen,Kabupaten,3305200,Karanganyar
3300000,Jawa Tengah,3305000,Kebumen,Kabupaten,3305210,Karanggayam
3300000,Jawa Tengah,3305000,Kebumen,Kabupaten,3305220,Sadang
3300000,Jawa Tengah,3305000,Kebumen,Kabupaten,3305221,Karangsambung
3300000,Jawa Tengah,3306000,Purworejo,Kabupaten,3306010,Grabag
3300000,Jawa Tengah,3306000,Purworejo,Kabupaten,3306020,Ngombol
3300000,Jawa Tengah,3306000,Purworejo,Kabupaten,3306030,Purwodadi
3300000,Jawa Tengah,3306000,Purworejo,Kabupaten,3306040,Bagelen
3300000,Jawa Tengah,3306000,Purworejo,Kabupaten,3306050,Kaligesing
3300000,Jawa Tengah,3306000,Purworejo,Kabupaten,3306060,Purworejo
3300000,Jawa Tengah,3306000,Purworejo,Kabupaten,3306070,Banyu Urip
3300000,Jawa Tengah,3306000,Purworejo,Kabupaten,3306080,Bayan
3300000,Jawa Tengah,3306000,Purworejo,Kabupaten,3306090,Kutoarjo
3300000,Jawa Tengah,3306000,Purworejo,Kabupaten,3306100,Butuh
3300000,Jawa Tengah,3306000,Purworejo,Kabupaten,3306110,Pituruh
3300000,Jawa Tengah,3306000,Purworejo,Kabupaten,3306120,Kemiri
3300000,Jawa Tengah,3306000,Purworejo,Kabupaten,3306130,Bruno
3300000,Jawa Tengah,3306000,Purworejo,Kabupaten,3306140,Gebang
3300000,Jawa Tengah,3306000,Purworejo,Kabupaten,3306150,Loano
3300000,Jawa Tengah,3306000,Purworejo,Kabupaten,3306160,Bener
3300000,Jawa Tengah,3307000,Wonosobo,Kabupaten,3307010,Wadaslintang
3300000,Jawa Tengah,3307000,Wonosobo,Kabupaten,3307020,Kepil
3300000,Jawa Tengah,3307000,Wonosobo,Kabupaten,3307030,Sapuran
3300000,Jawa Tengah,3307000,Wonosobo,Kabupaten,3307031,Kalibawang
3300000,Jawa Tengah,3307000,Wonosobo,Kabupaten,3307040,Kaliwiro
3300000,Jawa Tengah,3307000,Wonosobo,Kabupaten,3307050,Leksono
3300000,Jawa Tengah,3307000,Wonosobo,Kabupaten,3307051,Sukoharjo
3300000,Jawa Tengah,3307000,Wonosobo,Kabupaten,3307060,Selomerto
3300000,Jawa Tengah,3307000,Wonosobo,Kabupaten,3307070,Kalikajar
3300000,Jawa Tengah,3307000,Wonosobo,Kabupaten,3307080,Kertek
3300000,Jawa Tengah,3307000,Wonosobo,Kabupaten,3307090,Wonosobo
3300000,Jawa Tengah,3307000,Wonosobo,Kabupaten,3307100,Watumalang
3300000,Jawa Tengah,3307000,Wonosobo,Kabupaten,3307110,Mojotengah
3300000,Jawa Tengah,3307000,Wonosobo,Kabupaten,3307120,Garung
3300000,Jawa Tengah,3307000,Wonosobo,Kabupaten,3307130,Kejajar
3300000,Jawa Tengah,3308000,Magelang,Kabupaten,3308010,Salaman
3300000,Jawa Tengah,3308000,Magelang,Kabupaten,3308020,Borobudur
3300000,Jawa Tengah,3308000,Magelang,Kabupaten,3308030,Ngluwar
3300000,Jawa Tengah,3308000,Magelang,Kabupaten,3308040,Salam
3300000,Jawa Tengah,3308000,Magelang,Kabupaten,3308050,Srumbung
3300000,Jawa Tengah,3308000,Magelang,Kabupaten,3308060,Dukun
3300000,Jawa Tengah,3308000,Magelang,Kabupaten,3308070,Muntilan
3300000,Jawa Tengah,3308000,Magelang,Kabupaten,3308080,Mungkid
3300000,Jawa Tengah,3308000,Magelang,Kabupaten,3308090,Sawangan
3300000,Jawa Tengah,3308000,Magelang,Kabupaten,3308100,Candimulyo
3300000,Jawa Tengah,3308000,Magelang,Kabupaten,3308110,Mertoyudan
3300000,Jawa Tengah,3308000,Magelang,Kabupaten,3308120,Tempuran
3300000,Jawa Tengah,3308000,Magelang,Kabupaten,3308130,Kajoran
3300000,Jawa Tengah,3308000,Magelang,Kabupaten,3308140,Kaliangkrik
3300000,Jawa Tengah,3308000,Magelang,Kabupaten,3308150,Bandongan
3300000,Jawa Tengah,3308000,Magelang,Kabupaten,3308160,Windusari
3300000,Jawa Tengah,3308000,Magelang,Kabupaten,3308170,Secang
3300000,Jawa Tengah,3308000,Magelang,Kabupaten,3308180,Tegalrejo
3300000,Jawa Tengah,3308000,Magelang,Kabupaten,3308190,Pakis
3300000,Jawa Tengah,3308000,Magelang,Kabupaten,3308200,Grabag
3300000,Jawa Tengah,3308000,Magelang,Kabupaten,3308210,Ngablak
3300000,Jawa Tengah,3309000,Boyolali,Kabupaten,3309010,Selo
3300000,Jawa Tengah,3309000,Boyolali,Kabupaten,3309020,Ampel
3300000,Jawa Tengah,3309000,Boyolali,Kabupaten,3309021,Gladagsari
3300000,Jawa Tengah,3309000,Boyolali,Kabupaten,3309030,Cepogo
3300000,Jawa Tengah,3309000,Boyolali,Kabupaten,3309040,Musuk
3300000,Jawa Tengah,3309000,Boyolali,Kabupaten,3309041,Tamansari
3300000,Jawa Tengah,3309000,Boyolali,Kabupaten,3309050,Boyolali
3300000,Jawa Tengah,3309000,Boyolali,Kabupaten,3309060,Mojosongo
3300000,Jawa Tengah,3309000,Boyolali,Kabupaten,3309070,Teras
3300000,Jawa Tengah,3309000,Boyolali,Kabupaten,3309080,Sawit
3300000,Jawa Tengah,3309000,Boyolali,Kabupaten,3309090,Banyudono
3300000,Jawa Tengah,3309000,Boyolali,Kabupaten,3309100,Sambi
3300000,Jawa Tengah,3309000,Boyolali,Kabupaten,3309110,Ngemplak
3300000,Jawa Tengah,3309000,Boyolali,Kabupaten,3309120,Nogosari
3300000,Jawa Tengah,3309000,Boyolali,Kabupaten,3309130,Simo
3300000,Jawa Tengah,3309000,Boyolali,Kabupaten,3309140,Karanggede
3300000,Jawa Tengah,3309000,Boyolali,Kabupaten,3309150,Klego
3300000,Jawa Tengah,3309000,Boyolali,Kabupaten,3309160,Andong
3300000,Jawa Tengah,3309000,Boyolali,Kabupaten,3309170,Kemusu
3300000,Jawa Tengah,3309000,Boyolali,Kabupaten,3309180,Wonosegoro
3300000,Jawa Tengah,3309000,Boyolali,Kabupaten,3309181,Wonosamodro
3300000,Jawa Tengah,3309000,Boyolali,Kabupaten,3309190,Juwangi
3300000,Jawa Tengah,3310000,Klaten,Kabupaten,3310010,Prambanan
3300000,Jawa Tengah,3310000,Klaten,Kabupaten,3310020,Gantiwarno
3300000,Jawa Tengah,3310000,Klaten,Kabupaten,3310030,Wedi
3300000,Jawa Tengah,3310000,Klaten,Kabupaten,3310040,Bayat
3300000,Jawa Tengah,3310000,Klaten,Kabupaten,3310050,Cawas
3300000,Jawa Tengah,3310000,Klaten,Kabupaten,3310060,Trucuk
3300000,Jawa Tengah,3310000,Klaten,Kabupaten,3310070,Kalikotes
3300000,Jawa Tengah,3310000,Klaten,Kabupaten,3310080,Kebonarum
3300000,Jawa Tengah,3310000,Klaten,Kabupaten,3310090,Jogonalan
3300000,Jawa Tengah,3310000,Klaten,Kabupaten,3310100,Manisrenggo
3300000,Jawa Tengah,3310000,Klaten,Kabupaten,3310110,Karangnongko
3300000,Jawa Tengah,3310000,Klaten,Kabupaten,3310120,Ngawen
3300000,Jawa Tengah,3310000,Klaten,Kabupaten,3310130,Ceper
3300000,Jawa Tengah,3310000,Klaten,Kabupaten,3310140,Pedan
3300000,Jawa Tengah,3310000,Klaten,Kabupaten,3310150,Karangdowo
3300000,Jawa Tengah,3310000,Klaten,Kabupaten,3310160,Juwiring
3300000,Jawa Tengah,3310000,Klaten,Kabupaten,3310170,Wonosari
3300000,Jawa Tengah,3310000,Klaten,Kabupaten,3310180,Delanggu
3300000,Jawa Tengah,3310000,Klaten,Kabupaten,3310190,Polanharjo
3300000,Jawa Tengah,3310000,Klaten,Kabupaten,3310200,Karanganom
3300000,Jawa Tengah,3310000,Klaten,Kabupaten,3310210,Tulung
3300000,Jawa Tengah,3310000,Klaten,Kabupaten,3310220,Jatinom
3300000,Jawa Tengah,3310000,Klaten,Kabupaten,3310230,Kemalang
3300000,Jawa Tengah,3310000,Klaten,Kabupaten,3310710,Klaten Selatan
3300000,Jawa Tengah,3310000,Klaten,Kabupaten,3310720,Klaten Tengah
3300000,Jawa Tengah,3310000,Klaten,Kabupaten,3310730,Klaten Utara
3300000,Jawa Tengah,3311000,Sukoharjo,Kabupaten,3311010,Weru
3300000,Jawa Tengah,3311000,Sukoharjo,Kabupaten,3311020,Bulu
3300000,Jawa Tengah,3311000,Sukoharjo,Kabupaten,3311030,Tawangsari
3300000,Jawa Tengah,3311000,Sukoharjo,Kabupaten,3311040,Sukoharjo
3300000,Jawa Tengah,3311000,Sukoharjo,Kabupaten,3311050,Nguter
3300000,Jawa Tengah,3311000,Sukoharjo,Kabupaten,3311060,Bendosari
3300000,Jawa Tengah,3311000,Sukoharjo,Kabupaten,3311070,Polokarto
3300000,Jawa Tengah,3311000,Sukoharjo,Kabupaten,3311080,Mojolaban
3300000,Jawa Tengah,3311000,Sukoharjo,Kabupaten,3311090,Grogol
3300000,Jawa Tengah,3311000,Sukoharjo,Kabupaten,3311100,Baki
3300000,Jawa Tengah,3311000,Sukoharjo,Kabupaten,3311110,Gatak
3300000,Jawa Tengah,3311000,Sukoharjo,Kabupaten,3311120,Kartasura
3300000,Jawa Tengah,3312000,Wonogiri,Kabupaten,3312010,Pracimantoro
3300000,Jawa Tengah,3312000,Wonogiri,Kabupaten,3312020,Paranggupito
3300000,Jawa Tengah,3312000,Wonogiri,Kabupaten,3312030,Giritontro
3300000,Jawa Tengah,3312000,Wonogiri,Kabupaten,3312040,Giriwoyo
3300000,Jawa Tengah,3312000,Wonogiri,Kabupaten,3312050,Batuwarno
3300000,Jawa Tengah,3312000,Wonogiri,Kabupaten,3312060,Karangtengah
3300000,Jawa Tengah,3312000,Wonogiri,Kabupaten,3312070,Tirtomoyo
3300000,Jawa Tengah,3312000,Wonogiri,Kabupaten,3312080,Nguntoronadi
3300000,Jawa Tengah,3312000,Wonogiri,Kabupaten,3312090,Baturetno
3300000,Jawa Tengah,3312000,Wonogiri,Kabupaten,3312100,Eromoko
3300000,Jawa Tengah,3312000,Wonogiri,Kabupaten,3312110,Wuryantoro
3300000,Jawa Tengah,3312000,Wonogiri,Kabupaten,3312120,Manyaran
3300000,Jawa Tengah,3312000,Wonogiri,Kabupaten,3312130,Selogiri
3300000,Jawa Tengah,3312000,Wonogiri,Kabupaten,3312140,Wonogiri
3300000,Jawa Tengah,3312000,Wonogiri,Kabupaten,3312150,Ngadirojo
3300000,Jawa Tengah,3312000,Wonogiri,Kabupaten,3312160,Sidoharjo
3300000,Jawa Tengah,3312000,Wonogiri,Kabupaten,3312170,Jatiroto
3300000,Jawa Tengah,3312000,Wonogiri,Kabupaten,3312180,Kismantoro
3300000,Jawa Tengah,3312000,Wonogiri,Kabupaten,3312190,Purwantoro
3300000,Jawa Tengah,3312000,Wonogiri,Kabupaten,3312200,Bulukerto
3300000,Jawa Tengah,3312000,Wonogiri,Kabupaten,3312201,Puhpelem
3300000,Jawa Tengah,3312000,Wonogiri,Kabupaten,3312210,Slogohimo
3300000,Jawa Tengah,3312000,Wonogiri,Kabupaten,3312220,Jatisrono
3300000,Jawa Tengah,3312000,Wonogiri,Kabupaten,3312230,Jatipurno
3300000,Jawa Tengah,3312000,Wonogiri,Kabupaten,3312240,Girimarto
3300000,Jawa Tengah,3313000,Karanganyar,Kabupaten,3313010,Jatipuro
3300000,Jawa Tengah,3313000,Karanganyar,Kabupaten,3313020,Jatiyoso
3300000,Jawa Tengah,3313000,Karanganyar,Kabupaten,3313030,Jumapolo
3300000,Jawa Tengah,3313000,Karanganyar,Kabupaten,3313040,Jumantono
3300000,Jawa Tengah,3313000,Karanganyar,Kabupaten,3313050,Matesih
3300000,Jawa Tengah,3313000,Karanganyar,Kabupaten,3313060,Tawangmangu
3300000,Jawa Tengah,3313000,Karanganyar,Kabupaten,3313070,Ngargoyoso
3300000,Jawa Tengah,3313000,Karanganyar,Kabupaten,3313080,Karangpandan
3300000,Jawa Tengah,3313000,Karanganyar,Kabupaten,3313090,Karanganyar
3300000,Jawa Tengah,3313000,Karanganyar,Kabupaten,3313100,Tasikmadu
3300000,Jawa Tengah,3313000,Karanganyar,Kabupaten,3313110,Jaten
3300000,Jawa Tengah,3313000,Karanganyar,Kabupaten,3313120,Colomadu
3300000,Jawa Tengah,3313000,Karanganyar,Kabupaten,3313130,Gondangrejo
3300000,Jawa Tengah,3313000,Karanganyar,Kabupaten,3313140,Kebakkramat
3300000,Jawa Tengah,3313000,Karanganyar,Kabupaten,3313150,Mojogedang
3300000,Jawa Tengah,3313000,Karanganyar,Kabupaten,3313160,Kerjo
3300000,Jawa Tengah,3313000,Karanganyar,Kabupaten,3313170,Jenawi
3300000,Jawa Tengah,3314000,Sragen,Kabupaten,3314010,Kalijambe
3300000,Jawa Tengah,3314000,Sragen,Kabupaten,3314020,Plupuh
3300000,Jawa Tengah,3314000,Sragen,Kabupaten,3314030,Masaran
3300000,Jawa Tengah,3314000,Sragen,Kabupaten,3314040,Kedawung
3300000,Jawa Tengah,3314000,Sragen,Kabupaten,3314050,Sambirejo
3300000,Jawa Tengah,3314000,Sragen,Kabupaten,3314060,Gondang
3300000,Jawa Tengah,3314000,Sragen,Kabupaten,3314070,Sambung Macan
3300000,Jawa Tengah,3314000,Sragen,Kabupaten,3314080,Ngrampal
3300000,Jawa Tengah,3314000,Sragen,Kabupaten,3314090,Karangmalang
3300000,Jawa Tengah,3314000,Sragen,Kabupaten,3314100,Sragen
3300000,Jawa Tengah,3314000,Sragen,Kabupaten,3314110,Sidoharjo
3300000,Jawa Tengah,3314000,Sragen,Kabupaten,3314120,Tanon
3300000,Jawa Tengah,3314000,Sragen,Kabupaten,3314130,Gemolong
3300000,Jawa Tengah,3314000,Sragen,Kabupaten,3314140,Miri
3300000,Jawa Tengah,3314000,Sragen,Kabupaten,3314150,Sumberlawang
3300000,Jawa Tengah,3314000,Sragen,Kabupaten,3314160,Mondokan
3300000,Jawa Tengah,3314000,Sragen,Kabupaten,3314170,Sukodono
3300000,Jawa Tengah,3314000,Sragen,Kabupaten,3314180,Gesi
3300000,Jawa Tengah,3314000,Sragen,Kabupaten,3314190,Tangen
3300000,Jawa Tengah,3314000,Sragen,Kabupaten,3314200,Jenar
3300000,Jawa Tengah,3315000,Grobogan,Kabupaten,3315010,Kedungjati
3300000,Jawa Tengah,3315000,Grobogan,Kabupaten,3315020,Karangrayung
3300000,Jawa Tengah,3315000,Grobogan,Kabupaten,3315030,Penawangan
3300000,Jawa Tengah,3315000,Grobogan,Kabupaten,3315040,Toroh
3300000,Jawa Tengah,3315000,Grobogan,Kabupaten,3315050,Geyer
3300000,Jawa Tengah,3315000,Grobogan,Kabupaten,3315060,Pulokulon
3300000,Jawa Tengah,3315000,Grobogan,Kabupaten,3315070,Kradenan
3300000,Jawa Tengah,3315000,Grobogan,Kabupaten,3315080,Gabus
3300000,Jawa Tengah,3315000,Grobogan,Kabupaten,3315090,Ngaringan
3300000,Jawa Tengah,3315000,Grobogan,Kabupaten,3315100,Wirosari
3300000,Jawa Tengah,3315000,Grobogan,Kabupaten,3315110,Tawangharjo
3300000,Jawa Tengah,3315000,Grobogan,Kabupaten,3315120,Grobogan
3300000,Jawa Tengah,3315000,Grobogan,Kabupaten,3315130,Purwodadi
3300000,Jawa Tengah,3315000,Grobogan,Kabupaten,3315140,Brati
3300000,Jawa Tengah,3315000,Grobogan,Kabupaten,3315150,Klambu
3300000,Jawa Tengah,3315000,Grobogan,Kabupaten,3315160,Godong
3300000,Jawa Tengah,3315000,Grobogan,Kabupaten,3315170,Gubug
3300000,Jawa Tengah,3315000,Grobogan,Kabupaten,3315180,Tegowanu
3300000,Jawa Tengah,3315000,Grobogan,Kabupaten,3315190,Tanggungharjo
3300000,Jawa Tengah,3316000,Blora,Kabupaten,3316010,Jati
3300000,Jawa Tengah,3316000,Blora,Kabupaten,3316020,Randublatung
3300000,Jawa Tengah,3316000,Blora,Kabupaten,3316030,Kradenan
3300000,Jawa Tengah,3316000,Blora,Kabupaten,3316040,Kedungtuban
3300000,Jawa Tengah,3316000,Blora,Kabupaten,3316050,Cepu
3300000,Jawa Tengah,3316000,Blora,Kabupaten,3316060,Sambong
3300000,Jawa Tengah,3316000,Blora,Kabupaten,3316070,Jiken
3300000,Jawa Tengah,3316000,Blora,Kabupaten,3316080,Bogorejo
3300000,Jawa Tengah,3316000,Blora,Kabupaten,3316090,Jepon
3300000,Jawa Tengah,3316000,Blora,Kabupaten,3316100,Kota Blora
3300000,Jawa Tengah,3316000,Blora,Kabupaten,3316110,Banjarejo
3300000,Jawa Tengah,3316000,Blora,Kabupaten,3316120,Tunjungan
3300000,Jawa Tengah,3316000,Blora,Kabupaten,3316130,Japah
3300000,Jawa Tengah,3316000,Blora,Kabupaten,3316140,Ngawen
3300000,Jawa Tengah,3316000,Blora,Kabupaten,3316150,Kunduran
3300000,Jawa Tengah,3316000,Blora,Kabupaten,3316160,Todanan
3300000,Jawa Tengah,3317000,Rembang,Kabupaten,3317010,Sumber
3300000,Jawa Tengah,3317000,Rembang,Kabupaten,3317020,Bulu
3300000,Jawa Tengah,3317000,Rembang,Kabupaten,3317030,Gunem
3300000,Jawa Tengah,3317000,Rembang,Kabupaten,3317040,Sale
3300000,Jawa Tengah,3317000,Rembang,Kabupaten,3317050,Sarang
3300000,Jawa Tengah,3317000,Rembang,Kabupaten,3317060,Sedan
3300000,Jawa Tengah,3317000,Rembang,Kabupaten,3317070,Pamotan
3300000,Jawa Tengah,3317000,Rembang,Kabupaten,3317080,Sulang
3300000,Jawa Tengah,3317000,Rembang,Kabupaten,3317090,Kaliori
3300000,Jawa Tengah,3317000,Rembang,Kabupaten,3317100,Rembang
3300000,Jawa Tengah,3317000,Rembang,Kabupaten,3317110,Pancur
3300000,Jawa Tengah,3317000,Rembang,Kabupaten,3317120,Kragan
3300000,Jawa Tengah,3317000,Rembang,Kabupaten,3317130,Sluke
3300000,Jawa Tengah,3317000,Rembang,Kabupaten,3317140,Lasem
3300000,Jawa Tengah,3318000,Pati,Kabupaten,3318010,Sukolilo
3300000,Jawa Tengah,3318000,Pati,Kabupaten,3318020,Kayen
3300000,Jawa Tengah,3318000,Pati,Kabupaten,3318030,Tambakromo
3300000,Jawa Tengah,3318000,Pati,Kabupaten,3318040,Winong
3300000,Jawa Tengah,3318000,Pati,Kabupaten,3318050,Pucakwangi
3300000,Jawa Tengah,3318000,Pati,Kabupaten,3318060,Jaken
3300000,Jawa Tengah,3318000,Pati,Kabupaten,3318070,Batangan
3300000,Jawa Tengah,3318000,Pati,Kabupaten,3318080,Juwana
3300000,Jawa Tengah,3318000,Pati,Kabupaten,3318090,Jakenan
3300000,Jawa Tengah,3318000,Pati,Kabupaten,3318100,Pati
3300000,Jawa Tengah,3318000,Pati,Kabupaten,3318110,Gabus
3300000,Jawa Tengah,3318000,Pati,Kabupaten,3318120,Margorejo
3300000,Jawa Tengah,3318000,Pati,Kabupaten,3318130,Gembong
3300000,Jawa Tengah,3318000,Pati,Kabupaten,3318140,Tlogowungu
3300000,Jawa Tengah,3318000,Pati,Kabupaten,3318150,Wedarijaksa
3300000,Jawa Tengah,3318000,Pati,Kabupaten,3318160,Trangkil
3300000,Jawa Tengah,3318000,Pati,Kabupaten,3318170,Margoyoso
3300000,Jawa Tengah,3318000,Pati,Kabupaten,3318180,Gunung Wungkal
3300000,Jawa Tengah,3318000,Pati,Kabupaten,3318190,Cluwak
3300000,Jawa Tengah,3318000,Pati,Kabupaten,3318200,Tayu
3300000,Jawa Tengah,3318000,Pati,Kabupaten,3318210,Dukuhseti
3300000,Jawa Tengah,3319000,Kudus,Kabupaten,3319010,Kaliwungu
3300000,Jawa Tengah,3319000,Kudus,Kabupaten,3319020,Kota Kudus
3300000,Jawa Tengah,3319000,Kudus,Kabupaten,3319030,Jati
3300000,Jawa Tengah,3319000,Kudus,Kabupaten,3319040,Undaan
3300000,Jawa Tengah,3319000,Kudus,Kabupaten,3319050,Mejobo
3300000,Jawa Tengah,3319000,Kudus,Kabupaten,3319060,Jekulo
3300000,Jawa Tengah,3319000,Kudus,Kabupaten,3319070,Bae
3300000,Jawa Tengah,3319000,Kudus,Kabupaten,3319080,Gebog
3300000,Jawa Tengah,3319000,Kudus,Kabupaten,3319090,Dawe
3300000,Jawa Tengah,3320000,Jepara,Kabupaten,3320010,Kedung
3300000,Jawa Tengah,3320000,Jepara,Kabupaten,3320020,Pecangaan
3300000,Jawa Tengah,3320000,Jepara,Kabupaten,3320021,Kalinyamatan
3300000,Jawa Tengah,3320000,Jepara,Kabupaten,3320030,Welahan
3300000,Jawa Tengah,3320000,Jepara,Kabupaten,3320040,Mayong
3300000,Jawa Tengah,3320000,Jepara,Kabupaten,3320050,Nalumsari
3300000,Jawa Tengah,3320000,Jepara,Kabupaten,3320060,Batealit
3300000,Jawa Tengah,3320000,Jepara,Kabupaten,3320070,Tahunan
3300000,Jawa Tengah,3320000,Jepara,Kabupaten,3320080,Jepara
3300000,Jawa Tengah,3320000,Jepara,Kabupaten,3320090,Mlonggo
3300000,Jawa Tengah,3320000,Jepara,Kabupaten,3320091,Pakis Aji
3300000,Jawa Tengah,3320000,Jepara,Kabupaten,3320100,Bangsri
3300000,Jawa Tengah,3320000,Jepara,Kabupaten,3320101,Kembang
3300000,Jawa Tengah,3320000,Jepara,Kabupaten,3320110,Keling
3300000,Jawa Tengah,3320000,Jepara,Kabupaten,3320111,Donorojo
3300000,Jawa Tengah,3320000,Jepara,Kabupaten,3320120,Karimunjawa
3300000,Jawa Tengah,3321000,Demak,Kabupaten,3321010,Mranggen
3300000,Jawa Tengah,3321000,Demak,Kabupaten,3321020,Karangawen
3300000,Jawa Tengah,3321000,Demak,Kabupaten,3321030,Guntur
3300000,Jawa Tengah,3321000,Demak,Kabupaten,3321040,Sayung
3300000,Jawa Tengah,3321000,Demak,Kabupaten,3321050,Karang Tengah
3300000,Jawa Tengah,3321000,Demak,Kabupaten,3321060,Bonang
3300000,Jawa Tengah,3321000,Demak,Kabupaten,3321070,Demak
3300000,Jawa Tengah,3321000,Demak,Kabupaten,3321080,Wonosalam
3300000,Jawa Tengah,3321000,Demak,Kabupaten,3321090,Dempet
3300000,Jawa Tengah,3321000,Demak,Kabupaten,3321091,Kebonagung
3300000,Jawa Tengah,3321000,Demak,Kabupaten,3321100,Gajah
3300000,Jawa Tengah,3321000,Demak,Kabupaten,3321110,Karanganyar
3300000,Jawa Tengah,3321000,Demak,Kabupaten,3321120,Mijen
3300000,Jawa Tengah,3321000,Demak,Kabupaten,3321130,Wedung
3300000,Jawa Tengah,3322000,Semarang,Kabupaten,3322010,Getasan
3300000,Jawa Tengah,3322000,Semarang,Kabupaten,3322020,Tengaran
3300000,Jawa Tengah,3322000,Semarang,Kabupaten,3322030,Susukan
3300000,Jawa Tengah,3322000,Semarang,Kabupaten,3322031,Kaliwungu
3300000,Jawa Tengah,3322000,Semarang,Kabupaten,3322040,Suruh
3300000,Jawa Tengah,3322000,Semarang,Kabupaten,3322050,Pabelan
3300000,Jawa Tengah,3322000,Semarang,Kabupaten,3322060,Tuntang
3300000,Jawa Tengah,3322000,Semarang,Kabupaten,3322070,Banyubiru
3300000,Jawa Tengah,3322000,Semarang,Kabupaten,3322080,Jambu
3300000,Jawa Tengah,3322000,Semarang,Kabupaten,3322090,Sumowono
3300000,Jawa Tengah,3322000,Semarang,Kabupaten,3322100,Ambarawa
3300000,Jawa Tengah,3322000,Semarang,Kabupaten,3322101,Bandungan
3300000,Jawa Tengah,3322000,Semarang,Kabupaten,3322110,Bawen
3300000,Jawa Tengah,3322000,Semarang,Kabupaten,3322120,Bringin
3300000,Jawa Tengah,3322000,Semarang,Kabupaten,3322121,Bancak
3300000,Jawa Tengah,3322000,Semarang,Kabupaten,3322130,Pringapus
3300000,Jawa Tengah,3322000,Semarang,Kabupaten,3322140,Bergas
3300000,Jawa Tengah,3322000,Semarang,Kabupaten,3322151,Ungaran Barat
3300000,Jawa Tengah,3322000,Semarang,Kabupaten,3322152,Ungaran Timur
3300000,Jawa Tengah,3323000,Temanggung,Kabupaten,3323010,Parakan
3300000,Jawa Tengah,3323000,Temanggung,Kabupaten,3323011,Kledung
3300000,Jawa Tengah,3323000,Temanggung,Kabupaten,3323012,Bansari
3300000,Jawa Tengah,3323000,Temanggung,Kabupaten,3323020,Bulu
3300000,Jawa Tengah,3323000,Temanggung,Kabupaten,3323030,Temanggung
3300000,Jawa Tengah,3323000,Temanggung,Kabupaten,3323031,Tlogomulyo
3300000,Jawa Tengah,3323000,Temanggung,Kabupaten,3323040,Tembarak
3300000,Jawa Tengah,3323000,Temanggung,Kabupaten,3323041,Selopampang
3300000,Jawa Tengah,3323000,Temanggung,Kabupaten,3323050,Kranggan
3300000,Jawa Tengah,3323000,Temanggung,Kabupaten,3323060,Pringsurat
3300000,Jawa Tengah,3323000,Temanggung,Kabupaten,3323070,Kaloran
3300000,Jawa Tengah,3323000,Temanggung,Kabupaten,3323080,Kandangan
3300000,Jawa Tengah,3323000,Temanggung,Kabupaten,3323090,Kedu
3300000,Jawa Tengah,3323000,Temanggung,Kabupaten,3323100,Ngadirejo
3300000,Jawa Tengah,3323000,Temanggung,Kabupaten,3323110,Jumo
3300000,Jawa Tengah,3323000,Temanggung,Kabupaten,3323111,Gemawang
3300000,Jawa Tengah,3323000,Temanggung,Kabupaten,3323120,Candiroto
3300000,Jawa Tengah,3323000,Temanggung,Kabupaten,3323121,Bejen
3300000,Jawa Tengah,3323000,Temanggung,Kabupaten,3323130,Tretep
3300000,Jawa Tengah,3323000,Temanggung,Kabupaten,3323131,Wonoboyo
3300000,Jawa Tengah,3324000,Kendal,Kabupaten,3324010,Plantungan
3300000,Jawa Tengah,3324000,Kendal,Kabupaten,3324020,Sukorejo
3300000,Jawa Tengah,3324000,Kendal,Kabupaten,3324030,Pagerruyung
3300000,Jawa Tengah,3324000,Kendal,Kabupaten,3324040,Patean
3300000,Jawa Tengah,3324000,Kendal,Kabupaten,3324050,Singorojo
3300000,Jawa Tengah,3324000,Kendal,Kabupaten,3324060,Limbangan
3300000,Jawa Tengah,3324000,Kendal,Kabupaten,3324070,Boja
3300000,Jawa Tengah,3324000,Kendal,Kabupaten,3324080,Kaliwungu
3300000,Jawa Tengah,3324000,Kendal,Kabupaten,3324081,Kaliwungu Selatan
3300000,Jawa Tengah,3324000,Kendal,Kabupaten,3324090,Brangsong
3300000,Jawa Tengah,3324000,Kendal,Kabupaten,3324100,Pegandon
3300000,Jawa Tengah,3324000,Kendal,Kabupaten,3324101,Ngampel
3300000,Jawa Tengah,3324000,Kendal,Kabupaten,3324110,Gemuh
3300000,Jawa Tengah,3324000,Kendal,Kabupaten,3324111,Ringinarum
3300000,Jawa Tengah,3324000,Kendal,Kabupaten,3324120,Weleri
3300000,Jawa Tengah,3324000,Kendal,Kabupaten,3324130,Rowosari
3300000,Jawa Tengah,3324000,Kendal,Kabupaten,3324140,Kangkung
3300000,Jawa Tengah,3324000,Kendal,Kabupaten,3324150,Cepiring
3300000,Jawa Tengah,3324000,Kendal,Kabupaten,3324160,Patebon
3300000,Jawa Tengah,3324000,Kendal,Kabupaten,3324170,Kendal
3300000,Jawa Tengah,3325000,Batang,Kabupaten,3325010,Wonotunggal
3300000,Jawa Tengah,3325000,Batang,Kabupaten,3325020,Bandar
3300000,Jawa Tengah,3325000,Batang,Kabupaten,3325030,Blado
3300000,Jawa Tengah,3325000,Batang,Kabupaten,3325040,Reban
3300000,Jawa Tengah,3325000,Batang,Kabupaten,3325050,Bawang
3300000,Jawa Tengah,3325000,Batang,Kabupaten,3325060,Tersono
3300000,Jawa Tengah,3325000,Batang,Kabupaten,3325070,Gringsing
3300000,Jawa Tengah,3325000,Batang,Kabupaten,3325080,Limpung
3300000,Jawa Tengah,3325000,Batang,Kabupaten,3325081,Banyuputih
3300000,Jawa Tengah,3325000,Batang,Kabupaten,3325090,Subah
3300000,Jawa Tengah,3325000,Batang,Kabupaten,3325091,Pecalungan
3300000,Jawa Tengah,3325000,Batang,Kabupaten,3325100,Tulis
3300000,Jawa Tengah,3325000,Batang,Kabupaten,3325101,Kandeman
3300000,Jawa Tengah,3325000,Batang,Kabupaten,3325110,Batang
3300000,Jawa Tengah,3325000,Batang,Kabupaten,3325120,Warungasem
3300000,Jawa Tengah,3326000,Pekalongan,Kabupaten,3326010,Kandangserang
3300000,Jawa Tengah,3326000,Pekalongan,Kabupaten,3326020,Paninggaran
3300000,Jawa Tengah,3326000,Pekalongan,Kabupaten,3326030,Lebakbarang
3300000,Jawa Tengah,3326000,Pekalongan,Kabupaten,3326040,Petungkriono
3300000,Jawa Tengah,3326000,Pekalongan,Kabupaten,3326050,Talun
3300000,Jawa Tengah,3326000,Pekalongan,Kabupaten,3326060,Doro
3300000,Jawa Tengah,3326000,Pekalongan,Kabupaten,3326070,Karanganyar
3300000,Jawa Tengah,3326000,Pekalongan,Kabupaten,3326080,Kajen
3300000,Jawa Tengah,3326000,Pekalongan,Kabupaten,3326090,Kesesi
3300000,Jawa Tengah,3326000,Pekalongan,Kabupaten,3326100,Sragi
3300000,Jawa Tengah,3326000,Pekalongan,Kabupaten,3326101,Siwalan
3300000,Jawa Tengah,3326000,Pekalongan,Kabupaten,3326110,Bojong
3300000,Jawa Tengah,3326000,Pekalongan,Kabupaten,3326120,Wonopringgo
3300000,Jawa Tengah,3326000,Pekalongan,Kabupaten,3326130,Kedungwuni
3300000,Jawa Tengah,3326000,Pekalongan,Kabupaten,3326131,Karangdadap
3300000,Jawa Tengah,3326000,Pekalongan,Kabupaten,3326140,Buaran
3300000,Jawa Tengah,3326000,Pekalongan,Kabupaten,3326150,Tirto
3300000,Jawa Tengah,3326000,Pekalongan,Kabupaten,3326160,Wiradesa
3300000,Jawa Tengah,3326000,Pekalongan,Kabupaten,3326161,Wonokerto
3300000,Jawa Tengah,3327000,Pemalang,Kabupaten,3327010,Moga
3300000,Jawa Tengah,3327000,Pemalang,Kabupaten,3327011,Warungpring
3300000,Jawa Tengah,3327000,Pemalang,Kabupaten,3327020,Pulosari
3300000,Jawa Tengah,3327000,Pemalang,Kabupaten,3327030,Belik
3300000,Jawa Tengah,3327000,Pemalang,Kabupaten,3327040,Watukumpul
3300000,Jawa Tengah,3327000,Pemalang,Kabupaten,3327050,Bodeh
3300000,Jawa Tengah,3327000,Pemalang,Kabupaten,3327060,Bantarbolang
3300000,Jawa Tengah,3327000,Pemalang,Kabupaten,3327070,Randudongkal
3300000,Jawa Tengah,3327000,Pemalang,Kabupaten,3327080,Pemalang
3300000,Jawa Tengah,3327000,Pemalang,Kabupaten,3327090,Taman
3300000,Jawa Tengah,3327000,Pemalang,Kabupaten,3327100,Petarukan
3300000,Jawa Tengah,3327000,Pemalang,Kabupaten,3327110,Ampelgading
3300000,Jawa Tengah,3327000,Pemalang,Kabupaten,3327120,Comal
3300000,Jawa Tengah,3327000,Pemalang,Kabupaten,3327130,Ulujami
3300000,Jawa Tengah,3328000,Tegal,Kabupaten,3328010,Margasari
3300000,Jawa Tengah,3328000,Tegal,Kabupaten,3328020,Bumijawa
3300000,Jawa Tengah,3328000,Tegal,Kabupaten,3328030,Bojong
3300000,Jawa Tengah,3328000,Tegal,Kabupaten,3328040,Balapulang
3300000,Jawa Tengah,3328000,Tegal,Kabupaten,3328050,Pagerbarang
3300000,Jawa Tengah,3328000,Tegal,Kabupaten,3328060,Lebaksiu
3300000,Jawa Tengah,3328000,Tegal,Kabupaten,3328070,Jatinegara
3300000,Jawa Tengah,3328000,Tegal,Kabupaten,3328080,Kedung Banteng
3300000,Jawa Tengah,3328000,Tegal,Kabupaten,3328090,Pangkah
3300000,Jawa Tengah,3328000,Tegal,Kabupaten,3328100,Slawi
3300000,Jawa Tengah,3328000,Tegal,Kabupaten,3328110,Dukuhwaru
3300000,Jawa Tengah,3328000,Tegal,Kabupaten,3328120,Adiwerna
3300000,Jawa Tengah,3328000,Tegal,Kabupaten,3328130,Dukuhturi
3300000,Jawa Tengah,3328000,Tegal,Kabupaten,3328140,Talang
3300000,Jawa Tengah,3328000,Tegal,Kabupaten,3328150,Tarub
3300000,Jawa Tengah,3328000,Tegal,Kabupaten,3328160,Kramat
3300000,Jawa Tengah,3328000,Tegal,Kabupaten,3328170,Suradadi
3300000,Jawa Tengah,3328000,Tegal,Kabupaten,3328180,Warureja
3300000,Jawa Tengah,3329000,Brebes,Kabupaten,3329010,Salem
3300000,Jawa Tengah,3329000,Brebes,Kabupaten,3329020,Bantarkawung
3300000,Jawa Tengah,3329000,Brebes,Kabupaten,3329030,Bumiayu
3300000,Jawa Tengah,3329000,Brebes,Kabupaten,3329040,Paguyangan
3300000,Jawa Tengah,3329000,Brebes,Kabupaten,3329050,Sirampog
3300000,Jawa Tengah,3329000,Brebes,Kabupaten,3329060,Tonjong
3300000,Jawa Tengah,3329000,Brebes,Kabupaten,3329070,Larangan
3300000,Jawa Tengah,3329000,Brebes,Kabupaten,3329080,Ketanggungan
3300000,Jawa Tengah,3329000,Brebes,Kabupaten,3329090,Banjarharjo
3300000,Jawa Tengah,3329000,Brebes,Kabupaten,3329100,Losari
3300000,Jawa Tengah,3329000,Brebes,Kabupaten,3329110,Tanjung
3300000,Jawa Tengah,3329000,Brebes,Kabupaten,3329120,Kersana
3300000,Jawa Tengah,3329000,Brebes,Kabupaten,3329130,Bulakamba
3300000,Jawa Tengah,3329000,Brebes,Kabupaten,3329140,Wanasari
3300000,Jawa Tengah,3329000,Brebes,Kabupaten,3329150,Songgom
3300000,Jawa Tengah,3329000,Brebes,Kabupaten,3329160,Jatibarang
3300000,Jawa Tengah,3329000,Brebes,Kabupaten,3329170,Brebes
3300000,Jawa Tengah,3371000,Magelang,Kota,3371010,Magelang Selatan
3300000,Jawa Tengah,3371000,Magelang,Kota,3371011,Magelang Tengah
3300000,Jawa Tengah,3371000,Magelang,Kota,3371020,Magelang Utara
3300000,Jawa Tengah,3372000,Surakarta,Kota,3372010,Laweyan
3300000,Jawa Tengah,3372000,Surakarta,Kota,3372020,Serengan
3300000,Jawa Tengah,3372000,Surakarta,Kota,3372030,Pasar Kliwon
3300000,Jawa Tengah,3372000,Surakarta,Kota,3372040,Jebres
3300000,Jawa Tengah,3372000,Surakarta,Kota,3372050,Banjarsari
3300000,Jawa Tengah,3373000,Salatiga,Kota,3373010,Argomulyo
3300000,Jawa Tengah,3373000,Salatiga,Kota,3373020,Tingkir
3300000,Jawa Tengah,3373000,Salatiga,Kota,3373030,Sidomukti
3300000,Jawa Tengah,3373000,Salatiga,Kota,3373040,Sidorejo
3300000,Jawa Tengah,3374000,Semarang,Kota,3374010,Mijen
3300000,Jawa Tengah,3374000,Semarang,Kota,3374020,Gunung Pati
3300000,Jawa Tengah,3374000,Semarang,Kota,3374030,Banyumanik
3300000,Jawa Tengah,3374000,Semarang,Kota,3374040,Gajah Mungkur
3300000,Jawa Tengah,3374000,Semarang,Kota,3374050,Semarang Selatan
3300000,Jawa Tengah,3374000,Semarang,Kota,3374060,Candisari
3300000,Jawa Tengah,3374000,Semarang,Kota,3374070,Tembalang
3300000,Jawa Tengah,3374000,Semarang,Kota,3374080,Pedurungan
3300000,Jawa Tengah,3374000,Semarang,Kota,3374090,Genuk
3300000,Jawa Tengah,3374000,Semarang,Kota,3374100,Gayamsari
3300000,Jawa Tengah,3374000,Semarang,Kota,3374110,Semarang Timur
3300000,Jawa Tengah,3374000,Semarang,Kota,3374120,Semarang Utara
3300000,Jawa Tengah,3374000,Semarang,Kota,3374130,Semarang Tengah
3300000,Jawa Tengah,3374000,Semarang,Kota,3374140,Semarang Barat
3300000,Jawa Tengah,3374000,Semarang,Kota,3374150,Tugu
3300000,Jawa Tengah,3374000,Semarang,Kota,3374160,Ngaliyan
3300000,Jawa Tengah,3375000,Pekalongan,Kota,3375010,Pekalongan Barat
3300000,Jawa Tengah,3375000,Pekalongan,Kota,3375020,Pekalongan Timur
3300000,Jawa Tengah,3375000,Pekalongan,Kota,3375030,Pekalongan Selatan
3300000,Jawa Tengah,3375000,Pekalongan,Kota,3375040,Pekalongan Utara
3300000,Jawa Tengah,3376000,Tegal,Kota,3376010,Tegal Selatan
3300000,Jawa Tengah,3376000,Tegal,Kota,3376020,Tegal Timur
3300000,Jawa Tengah,3376000,Tegal,Kota,3376030,Tegal Barat
3300000,Jawa Tengah,3376000,Tegal,Kota,3376040,Margadana
3400000,DI Yogyakarta,3401000,Kulon Progo,Kabupaten,3401010,Temon
3400000,DI Yogyakarta,3401000,Kulon Progo,Kabupaten,3401020,Wates
3400000,DI Yogyakarta,3401000,Kulon Progo,Kabupaten,3401030,Panjatan
3400000,DI Yogyakarta,3401000,Kulon Progo,Kabupaten,3401040,Galur
3400000,DI Yogyakarta,3401000,Kulon Progo,Kabupaten,3401050,Lendah
3400000,DI Yogyakarta,3401000,Kulon Progo,Kabupaten,3401060,Sentolo
3400000,DI Yogyakarta,3401000,Kulon Progo,Kabupaten,3401070,Pengasih
3400000,DI Yogyakarta,3401000,Kulon Progo,Kabupaten,3401080,Kokap
3400000,DI Yogyakarta,3401000,Kulon Progo,Kabupaten,3401090,Girimulyo
3400000,DI Yogyakarta,3401000,Kulon Progo,Kabupaten,3401100,Nanggulan
3400000,DI Yogyakarta,3401000,Kulon Progo,Kabupaten,3401110,Kalibawang
3400000,DI Yogyakarta,3401000,Kulon Progo,Kabupaten,3401120,Samigaluh
3400000,DI Yogyakarta,3402000,Bantul,Kabupaten,3402010,Srandakan
3400000,DI Yogyakarta,3402000,Bantul,Kabupaten,3402020,Sanden
3400000,DI Yogyakarta,3402000,Bantul,Kabupaten,3402030,Kretek
3400000,DI Yogyakarta,3402000,Bantul,Kabupaten,3402040,Pundong
3400000,DI Yogyakarta,3402000,Bantul,Kabupaten,3402050,Bambang Lipuro
3400000,DI Yogyakarta,3402000,Bantul,Kabupaten,3402060,Pandak
3400000,DI Yogyakarta,3402000,Bantul,Kabupaten,3402070,Bantul
3400000,DI Yogyakarta,3402000,Bantul,Kabupaten,3402080,Jetis
3400000,DI Yogyakarta,3402000,Bantul,Kabupaten,3402090,Imogiri
3400000,DI Yogyakarta,3402000,Bantul,Kabupaten,3402100,Dlingo
3400000,DI Yogyakarta,3402000,Bantul,Kabupaten,3402110,Pleret
3400000,DI Yogyakarta,3402000,Bantul,Kabupaten,3402120,Piyungan
3400000,DI Yogyakarta,3402000,Bantul,Kabupaten,3402130,Banguntapan
3400000,DI Yogyakarta,3402000,Bantul,Kabupaten,3402140,Sewon
3400000,DI Yogyakarta,3402000,Bantul,Kabupaten,3402150,Kasihan
3400000,DI Yogyakarta,3402000,Bantul,Kabupaten,3402160,Pajangan
3400000,DI Yogyakarta,3402000,Bantul,Kabupaten,3402170,Sedayu
3400000,DI Yogyakarta,3403000,Gunungkidul,Kabupaten,3403010,Panggang
3400000,DI Yogyakarta,3403000,Gunungkidul,Kabupaten,3403011,Purwosari
3400000,DI Yogyakarta,3403000,Gunungkidul,Kabupaten,3403020,Paliyan
3400000,DI Yogyakarta,3403000,Gunungkidul,Kabupaten,3403030,Saptosari
3400000,DI Yogyakarta,3403000,Gunungkidul,Kabupaten,3403040,Tepus
3400000,DI Yogyakarta,3403000,Gunungkidul,Kabupaten,3403041,Tanjungsari
3400000,DI Yogyakarta,3403000,Gunungkidul,Kabupaten,3403050,Rongkop
3400000,DI Yogyakarta,3403000,Gunungkidul,Kabupaten,3403051,Girisubo
3400000,DI Yogyakarta,3403000,Gunungkidul,Kabupaten,3403060,Semanu
3400000,DI Yogyakarta,3403000,Gunungkidul,Kabupaten,3403070,Ponjong
3400000,DI Yogyakarta,3403000,Gunungkidul,Kabupaten,3403080,Karangmojo
3400000,DI Yogyakarta,3403000,Gunungkidul,Kabupaten,3403090,Wonosari
3400000,DI Yogyakarta,3403000,Gunungkidul,Kabupaten,3403100,Playen
3400000,DI Yogyakarta,3403000,Gunungkidul,Kabupaten,3403110,Patuk
3400000,DI Yogyakarta,3403000,Gunungkidul,Kabupaten,3403120,Gedangsari
3400000,DI Yogyakarta,3403000,Gunungkidul,Kabupaten,3403130,Nglipar
3400000,DI Yogyakarta,3403000,Gunungkidul,Kabupaten,3403140,Ngawen
3400000,DI Yogyakarta,3403000,Gunungkidul,Kabupaten,3403150,Semin
3400000,DI Yogyakarta,3404000,Sleman,Kabupaten,3404010,Moyudan
3400000,DI Yogyakarta,3404000,Sleman,Kabupaten,3404020,Minggir
3400000,DI Yogyakarta,3404000,Sleman,Kabupaten,3404030,Seyegan
3400000,DI Yogyakarta,3404000,Sleman,Kabupaten,3404040,Godean
3400000,DI Yogyakarta,3404000,Sleman,Kabupaten,3404050,Gamping
3400000,DI Yogyakarta,3404000,Sleman,Kabupaten,3404060,Mlati
3400000,DI Yogyakarta,3404000,Sleman,Kabupaten,3404070,Depok
3400000,DI Yogyakarta,3404000,Sleman,Kabupaten,3404080,Berbah
3400000,DI Yogyakarta,3404000,Sleman,Kabupaten,3404090,Prambanan
3400000,DI Yogyakarta,3404000,Sleman,Kabupaten,3404100,Kalasan
3400000,DI Yogyakarta,3404000,Sleman,Kabupaten,3404110,Ngemplak
3400000,DI Yogyakarta,3404000,Sleman,Kabupaten,3404120,Ngaglik
3400000,DI Yogyakarta,3404000,Sleman,Kabupaten,3404130,Sleman
3400000,DI Yogyakarta,3404000,Sleman,Kabupaten,3404140,Tempel
3400000,DI Yogyakarta,3404000,Sleman,Kabupaten,3404150,Turi
3400000,DI Yogyakarta,3404000,Sleman,Kabupaten,3404160,Pakem
3400000,DI Yogyakarta,3404000,Sleman,Kabupaten,3404170,Cangkringan
3400000,DI Yogyakarta,3471000,Yogyakarta,Kota,3471010,Mantrijeron
3400000,DI Yogyakarta,3471000,Yogyakarta,Kota,3471020,Kraton
3400000,DI Yogyakarta,3471000,Yogyakarta,Kota,3471030,Mergangsan
3400000,DI Yogyakarta,3471000,Yogyakarta,Kota,3471040,Umbulharjo
3400000,DI Yogyakarta,3471000,Yogyakarta,Kota,3471050,Kotagede
3400000,DI Yogyakarta,3471000,Yogyakarta,Kota,3471060,Gondokusuman
3400000,DI Yogyakarta,3471000,Yogyakarta,Kota,3471070,Danurejan
3400000,DI Yogyakarta,3471000,Yogyakarta,Kota,3471080,Pakualaman
3400000,DI Yogyakarta,3471000,Yogyakarta,Kota,3471090,Gondomanan
3400000,DI Yogyakarta,3471000,Yogyakarta,Kota,3471100,Ngampilan
3400000,DI Yogyakarta,3471000,Yogyakarta,Kota,3471110,Wirobrajan
3400000,DI Yogyakarta,3471000,Yogyakarta,Kota,3471120,Gedong Tengen
3400000,DI Yogyakarta,3471000,Yogyakarta,Kota,3471130,Jetis
3400000,DI Yogyakarta,3471000,Yogyakarta,Kota,3471140,Tegalrejo
3500000,Jawa Timur,3501000,Pacitan,Kabupaten,3501010,Donorojo
3500000,Jawa Timur,3501000,Pacitan,Kabupaten,3501020,Punung
3500000,Jawa Timur,3501000,Pacitan,Kabupaten,3501030,Pringkuku
3500000,Jawa Timur,3501000,Pacitan,Kabupaten,3501040,Pacitan
3500000,Jawa Timur,3501000,Pacitan,Kabupaten,3501050,Kebonagung
3500000,Jawa Timur,3501000,Pacitan,Kabupaten,3501060,Arjosari
3500000,Jawa Timur,3501000,Pacitan,Kabupaten,3501070,Nawangan
3500000,Jawa Timur,3501000,Pacitan,Kabupaten,3501080,Bandar
3500000,Jawa Timur,3501000,Pacitan,Kabupaten,3501090,Tegalombo
3500000,Jawa Timur,3501000,Pacitan,Kabupaten,3501100,Tulakan
3500000,Jawa Timur,3501000,Pacitan,Kabupaten,3501110,Ngadirojo
3500000,Jawa Timur,3501000,Pacitan,Kabupaten,3501120,Sudimoro
3500000,Jawa Timur,3502000,Ponorogo,Kabupaten,3502010,Ngrayun
3500000,Jawa Timur,3502000,Ponorogo,Kabupaten,3502020,Slahung
3500000,Jawa Timur,3502000,Ponorogo,Kabupaten,3502030,Bungkal
3500000,Jawa Timur,3502000,Ponorogo,Kabupaten,3502040,Sambit
3500000,Jawa Timur,3502000,Ponorogo,Kabupaten,3502050,Sawoo
3500000,Jawa Timur,3502000,Ponorogo,Kabupaten,3502060,Sooko
3500000,Jawa Timur,3502000,Ponorogo,Kabupaten,3502061,Pudak
3500000,Jawa Timur,3502000,Ponorogo,Kabupaten,3502070,Pulung
3500000,Jawa Timur,3502000,Ponorogo,Kabupaten,3502080,Mlarak
3500000,Jawa Timur,3502000,Ponorogo,Kabupaten,3502090,Siman
3500000,Jawa Timur,3502000,Ponorogo,Kabupaten,3502100,Jetis
3500000,Jawa Timur,3502000,Ponorogo,Kabupaten,3502110,Balong
3500000,Jawa Timur,3502000,Ponorogo,Kabupaten,3502120,Kauman
3500000,Jawa Timur,3502000,Ponorogo,Kabupaten,3502130,Jambon
3500000,Jawa Timur,3502000,Ponorogo,Kabupaten,3502140,Badegan
3500000,Jawa Timur,3502000,Ponorogo,Kabupaten,3502150,Sampung
3500000,Jawa Timur,3502000,Ponorogo,Kabupaten,3502160,Sukorejo
3500000,Jawa Timur,3502000,Ponorogo,Kabupaten,3502170,Ponorogo
3500000,Jawa Timur,3502000,Ponorogo,Kabupaten,3502180,Babadan
3500000,Jawa Timur,3502000,Ponorogo,Kabupaten,3502190,Jenangan
3500000,Jawa Timur,3502000,Ponorogo,Kabupaten,3502200,Ngebel
3500000,Jawa Timur,3503000,Trenggalek,Kabupaten,3503010,Panggul
3500000,Jawa Timur,3503000,Trenggalek,Kabupaten,3503020,Munjungan
3500000,Jawa Timur,3503000,Trenggalek,Kabupaten,3503030,Watulimo
3500000,Jawa Timur,3503000,Trenggalek,Kabupaten,3503040,Kampak
3500000,Jawa Timur,3503000,Trenggalek,Kabupaten,3503050,Dongko
3500000,Jawa Timur,3503000,Trenggalek,Kabupaten,3503060,Pule
3500000,Jawa Timur,3503000,Trenggalek,Kabupaten,3503070,Karangan
3500000,Jawa Timur,3503000,Trenggalek,Kabupaten,3503071,Suruh
3500000,Jawa Timur,3503000,Trenggalek,Kabupaten,3503080,Gandusari
3500000,Jawa Timur,3503000,Trenggalek,Kabupaten,3503090,Durenan
3500000,Jawa Timur,3503000,Trenggalek,Kabupaten,3503100,Pogalan
3500000,Jawa Timur,3503000,Trenggalek,Kabupaten,3503110,Trenggalek
3500000,Jawa Timur,3503000,Trenggalek,Kabupaten,3503120,Tugu
3500000,Jawa Timur,3503000,Trenggalek,Kabupaten,3503130,Bendungan
3500000,Jawa Timur,3504000,Tulungagung,Kabupaten,3504010,Besuki
3500000,Jawa Timur,3504000,Tulungagung,Kabupaten,3504020,Bandung
3500000,Jawa Timur,3504000,Tulungagung,Kabupaten,3504030,Pakel
3500000,Jawa Timur,3504000,Tulungagung,Kabupaten,3504040,Campur Darat
3500000,Jawa Timur,3504000,Tulungagung,Kabupaten,3504050,Tanggung Gunung
3500000,Jawa Timur,3504000,Tulungagung,Kabupaten,3504060,Kalidawir
3500000,Jawa Timur,3504000,Tulungagung,Kabupaten,3504070,Pucang Laban
3500000,Jawa Timur,3504000,Tulungagung,Kabupaten,3504080,Rejotangan
3500000,Jawa Timur,3504000,Tulungagung,Kabupaten,3504090,Ngunut
3500000,Jawa Timur,3504000,Tulungagung,Kabupaten,3504100,Sumbergempol
3500000,Jawa Timur,3504000,Tulungagung,Kabupaten,3504110,Boyolangu
3500000,Jawa Timur,3504000,Tulungagung,Kabupaten,3504120,Tulungagung
3500000,Jawa Timur,3504000,Tulungagung,Kabupaten,3504130,Kedungwaru
3500000,Jawa Timur,3504000,Tulungagung,Kabupaten,3504140,Ngantru
3500000,Jawa Timur,3504000,Tulungagung,Kabupaten,3504150,Karangrejo
3500000,Jawa Timur,3504000,Tulungagung,Kabupaten,3504160,Kauman
3500000,Jawa Timur,3504000,Tulungagung,Kabupaten,3504170,Gondang
3500000,Jawa Timur,3504000,Tulungagung,Kabupaten,3504180,Pager Wojo
3500000,Jawa Timur,3504000,Tulungagung,Kabupaten,3504190,Sendang
3500000,Jawa Timur,3505000,Blitar,Kabupaten,3505010,Bakung
3500000,Jawa Timur,3505000,Blitar,Kabupaten,3505020,Wonotirto
3500000,Jawa Timur,3505000,Blitar,Kabupaten,3505030,Panggungrejo
3500000,Jawa Timur,3505000,Blitar,Kabupaten,3505040,Wates
3500000,Jawa Timur,3505000,Blitar,Kabupaten,3505050,Binangun
3500000,Jawa Timur,3505000,Blitar,Kabupaten,3505060,Sutojayan
3500000,Jawa Timur,3505000,Blitar,Kabupaten,3505070,Kademangan
3500000,Jawa Timur,3505000,Blitar,Kabupaten,3505080,Kanigoro
3500000,Jawa Timur,3505000,Blitar,Kabupaten,3505090,Talun
3500000,Jawa Timur,3505000,Blitar,Kabupaten,3505100,Selopuro
3500000,Jawa Timur,3505000,Blitar,Kabupaten,3505110,Kesamben
3500000,Jawa Timur,3505000,Blitar,Kabupaten,3505120,Selorejo
3500000,Jawa Timur,3505000,Blitar,Kabupaten,3505130,Doko
3500000,Jawa Timur,3505000,Blitar,Kabupaten,3505140,Wlingi
3500000,Jawa Timur,3505000,Blitar,Kabupaten,3505150,Gandusari
3500000,Jawa Timur,3505000,Blitar,Kabupaten,3505160,Garum
3500000,Jawa Timur,3505000,Blitar,Kabupaten,3505170,Nglegok
3500000,Jawa Timur,3505000,Blitar,Kabupaten,3505180,Sanankulon
3500000,Jawa Timur,3505000,Blitar,Kabupaten,3505190,Ponggok
3500000,Jawa Timur,3505000,Blitar,Kabupaten,3505200,Srengat
3500000,Jawa Timur,3505000,Blitar,Kabupaten,3505210,Wonodadi
3500000,Jawa Timur,3505000,Blitar,Kabupaten,3505220,Udanawu
3500000,Jawa Timur,3506000,Kediri,Kabupaten,3506010,Mojo
3500000,Jawa Timur,3506000,Kediri,Kabupaten,3506020,Semen
3500000,Jawa Timur,3506000,Kediri,Kabupaten,3506030,Ngadiluwih
3500000,Jawa Timur,3506000,Kediri,Kabupaten,3506040,Kras
3500000,Jawa Timur,3506000,Kediri,Kabupaten,3506050,Ringinrejo
3500000,Jawa Timur,3506000,Kediri,Kabupaten,3506060,Kandat
3500000,Jawa Timur,3506000,Kediri,Kabupaten,3506070,Wates
3500000,Jawa Timur,3506000,Kediri,Kabupaten,3506080,Ngancar
3500000,Jawa Timur,3506000,Kediri,Kabupaten,3506090,Plosoklaten
3500000,Jawa Timur,3506000,Kediri,Kabupaten,3506100,Gurah
3500000,Jawa Timur,3506000,Kediri,Kabupaten,3506110,Puncu
3500000,Jawa Timur,3506000,Kediri,Kabupaten,3506120,Kepung
3500000,Jawa Timur,3506000,Kediri,Kabupaten,3506130,Kandangan
3500000,Jawa Timur,3506000,Kediri,Kabupaten,3506140,Pare
3500000,Jawa Timur,3506000,Kediri,Kabupaten,3506141,Badas
3500000,Jawa Timur,3506000,Kediri,Kabupaten,3506150,Kunjang
3500000,Jawa Timur,3506000,Kediri,Kabupaten,3506160,Plemahan
3500000,Jawa Timur,3506000,Kediri,Kabupaten,3506170,Purwoasri
3500000,Jawa Timur,3506000,Kediri,Kabupaten,3506180,Papar
3500000,Jawa Timur,3506000,Kediri,Kabupaten,3506190,Pagu
3500000,Jawa Timur,3506000,Kediri,Kabupaten,3506191,Kayen Kidul
3500000,Jawa Timur,3506000,Kediri,Kabupaten,3506200,Gampengrejo
3500000,Jawa Timur,3506000,Kediri,Kabupaten,3506201,Ngasem
3500000,Jawa Timur,3506000,Kediri,Kabupaten,3506210,Banyakan
3500000,Jawa Timur,3506000,Kediri,Kabupaten,3506220,Grogol
3500000,Jawa Timur,3506000,Kediri,Kabupaten,3506230,Tarokan
3500000,Jawa Timur,3507000,Malang,Kabupaten,3507010,Donomulyo
3500000,Jawa Timur,3507000,Malang,Kabupaten,3507020,Kalipare
3500000,Jawa Timur,3507000,Malang,Kabupaten,3507030,Pagak
3500000,Jawa Timur,3507000,Malang,Kabupaten,3507040,Bantur
3500000,Jawa Timur,3507000,Malang,Kabupaten,3507050,Gedangan
3500000,Jawa Timur,3507000,Malang,Kabupaten,3507060,Sumbermanjing Wetan
3500000,Jawa Timur,3507000,Malang,Kabupaten,3507070,Dampit
3500000,Jawa Timur,3507000,Malang,Kabupaten,3507080,Tirtoyudo
3500000,Jawa Timur,3507000,Malang,Kabupaten,3507090,Ampelgading
3500000,Jawa Timur,3507000,Malang,Kabupaten,3507100,Poncokusumo
3500000,Jawa Timur,3507000,Malang,Kabupaten,3507110,Wajak
3500000,Jawa Timur,3507000,Malang,Kabupaten,3507120,Turen
3500000,Jawa Timur,3507000,Malang,Kabupaten,3507130,Bululawang
3500000,Jawa Timur,3507000,Malang,Kabupaten,3507140,Gondanglegi
3500000,Jawa Timur,3507000,Malang,Kabupaten,3507150,Pagelaran
3500000,Jawa Timur,3507000,Malang,Kabupaten,3507160,Kepanjen
3500000,Jawa Timur,3507000,Malang,Kabupaten,3507170,Sumberpucung
3500000,Jawa Timur,3507000,Malang,Kabupaten,3507180,Kromengan
3500000,Jawa Timur,3507000,Malang,Kabupaten,3507190,Ngajum
3500000,Jawa Timur,3507000,Malang,Kabupaten,3507200,Wonosari
3500000,Jawa Timur,3507000,Malang,Kabupaten,3507210,Wagir
3500000,Jawa Timur,3507000,Malang,Kabupaten,3507220,Pakisaji
3500000,Jawa Timur,3507000,Malang,Kabupaten,3507230,Tajinan
3500000,Jawa Timur,3507000,Malang,Kabupaten,3507240,Tumpang
3500000,Jawa Timur,3507000,Malang,Kabupaten,3507250,Pakis
3500000,Jawa Timur,3507000,Malang,Kabupaten,3507260,Jabung
3500000,Jawa Timur,3507000,Malang,Kabupaten,3507270,Lawang
3500000,Jawa Timur,3507000,Malang,Kabupaten,3507280,Singosari
3500000,Jawa Timur,3507000,Malang,Kabupaten,3507290,Karangploso
3500000,Jawa Timur,3507000,Malang,Kabupaten,3507300,Dau
3500000,Jawa Timur,3507000,Malang,Kabupaten,3507310,Pujon
3500000,Jawa Timur,3507000,Malang,Kabupaten,3507320,Ngantang
3500000,Jawa Timur,3507000,Malang,Kabupaten,3507330,Kasembon
3500000,Jawa Timur,3508000,Lumajang,Kabupaten,3508010,Tempursari
3500000,Jawa Timur,3508000,Lumajang,Kabupaten,3508020,Pronojiwo
3500000,Jawa Timur,3508000,Lumajang,Kabupaten,3508030,Candipuro
3500000,Jawa Timur,3508000,Lumajang,Kabupaten,3508040,Pasirian
3500000,Jawa Timur,3508000,Lumajang,Kabupaten,3508050,Tempeh
3500000,Jawa Timur,3508000,Lumajang,Kabupaten,3508060,Lumajang
3500000,Jawa Timur,3508000,Lumajang,Kabupaten,3508061,Sumbersuko
3500000,Jawa Timur,3508000,Lumajang,Kabupaten,3508070,Tekung
3500000,Jawa Timur,3508000,Lumajang,Kabupaten,3508080,Kunir
3500000,Jawa Timur,3508000,Lumajang,Kabupaten,3508090,Yosowilangun
3500000,Jawa Timur,3508000,Lumajang,Kabupaten,3508100,Rowokangkung
3500000,Jawa Timur,3508000,Lumajang,Kabupaten,3508110,Jatiroto
3500000,Jawa Timur,3508000,Lumajang,Kabupaten,3508120,Randuagung
3500000,Jawa Timur,3508000,Lumajang,Kabupaten,3508130,Sukodono
3500000,Jawa Timur,3508000,Lumajang,Kabupaten,3508140,Padang
3500000,Jawa Timur,3508000,Lumajang,Kabupaten,3508150,Pasrujambe
3500000,Jawa Timur,3508000,Lumajang,Kabupaten,3508160,Senduro
3500000,Jawa Timur,3508000,Lumajang,Kabupaten,3508170,Gucialit
3500000,Jawa Timur,3508000,Lumajang,Kabupaten,3508180,Kedungjajang
3500000,Jawa Timur,3508000,Lumajang,Kabupaten,3508190,Klakah
3500000,Jawa Timur,3508000,Lumajang,Kabupaten,3508200,Ranuyoso
3500000,Jawa Timur,3509000,Jember,Kabupaten,3509010,Kencong
3500000,Jawa Timur,3509000,Jember,Kabupaten,3509020,Gumuk Mas
3500000,Jawa Timur,3509000,Jember,Kabupaten,3509030,Puger
3500000,Jawa Timur,3509000,Jember,Kabupaten,3509040,Wuluhan
3500000,Jawa Timur,3509000,Jember,Kabupaten,3509050,Ambulu
3500000,Jawa Timur,3509000,Jember,Kabupaten,3509060,Tempurejo
3500000,Jawa Timur,3509000,Jember,Kabupaten,3509070,Silo
3500000,Jawa Timur,3509000,Jember,Kabupaten,3509080,Mayang
3500000,Jawa Timur,3509000,Jember,Kabupaten,3509090,Mumbulsari
3500000,Jawa Timur,3509000,Jember,Kabupaten,3509100,Jenggawah
3500000,Jawa Timur,3509000,Jember,Kabupaten,3509110,Ajung
3500000,Jawa Timur,3509000,Jember,Kabupaten,3509120,Rambipuji
3500000,Jawa Timur,3509000,Jember,Kabupaten,3509130,Balung
3500000,Jawa Timur,3509000,Jember,Kabupaten,3509140,Umbulsari
3500000,Jawa Timur,3509000,Jember,Kabupaten,3509150,Semboro
3500000,Jawa Timur,3509000,Jember,Kabupaten,3509160,Jombang
3500000,Jawa Timur,3509000,Jember,Kabupaten,3509170,Sumber Baru
3500000,Jawa Timur,3509000,Jember,Kabupaten,3509180,Tanggul
3500000,Jawa Timur,3509000,Jember,Kabupaten,3509190,Bangsalsari
3500000,Jawa Timur,3509000,Jember,Kabupaten,3509200,Panti
3500000,Jawa Timur,3509000,Jember,Kabupaten,3509210,Sukorambi
3500000,Jawa Timur,3509000,Jember,Kabupaten,3509220,Arjasa
3500000,Jawa Timur,3509000,Jember,Kabupaten,3509230,Pakusari
3500000,Jawa Timur,3509000,Jember,Kabupaten,3509240,Kalisat
3500000,Jawa Timur,3509000,Jember,Kabupaten,3509250,Ledokombo
3500000,Jawa Timur,3509000,Jember,Kabupaten,3509260,Sumberjambe
3500000,Jawa Timur,3509000,Jember,Kabupaten,3509270,Sukowono
3500000,Jawa Timur,3509000,Jember,Kabupaten,3509280,Jelbuk
3500000,Jawa Timur,3509000,Jember,Kabupaten,3509710,Kaliwates
3500000,Jawa Timur,3509000,Jember,Kabupaten,3509720,Sumbersari
3500000,Jawa Timur,3509000,Jember,Kabupaten,3509730,Patrang
3500000,Jawa Timur,3510000,Banyuwangi,Kabupaten,3510010,Pesanggaran
3500000,Jawa Timur,3510000,Banyuwangi,Kabupaten,3510011,Siliragung
3500000,Jawa Timur,3510000,Banyuwangi,Kabupaten,3510020,Bangorejo
3500000,Jawa Timur,3510000,Banyuwangi,Kabupaten,3510030,Purwoharjo
3500000,Jawa Timur,3510000,Banyuwangi,Kabupaten,3510040,Tegaldlimo
3500000,Jawa Timur,3510000,Banyuwangi,Kabupaten,3510050,Muncar
3500000,Jawa Timur,3510000,Banyuwangi,Kabupaten,3510060,Cluring
3500000,Jawa Timur,3510000,Banyuwangi,Kabupaten,3510070,Gambiran
3500000,Jawa Timur,3510000,Banyuwangi,Kabupaten,3510071,Tegalsari
3500000,Jawa Timur,3510000,Banyuwangi,Kabupaten,3510080,Glenmore
3500000,Jawa Timur,3510000,Banyuwangi,Kabupaten,3510090,Kalibaru
3500000,Jawa Timur,3510000,Banyuwangi,Kabupaten,3510100,Genteng
3500000,Jawa Timur,3510000,Banyuwangi,Kabupaten,3510110,Srono
3500000,Jawa Timur,3510000,Banyuwangi,Kabupaten,3510120,Rogojampi
3500000,Jawa Timur,3510000,Banyuwangi,Kabupaten,3510121,Blimbingsari
3500000,Jawa Timur,3510000,Banyuwangi,Kabupaten,3510130,Kabat
3500000,Jawa Timur,3510000,Banyuwangi,Kabupaten,3510140,Singojuruh
3500000,Jawa Timur,3510000,Banyuwangi,Kabupaten,3510150,Sempu
3500000,Jawa Timur,3510000,Banyuwangi,Kabupaten,3510160,Songgon
3500000,Jawa Timur,3510000,Banyuwangi,Kabupaten,3510170,Glagah
3500000,Jawa Timur,3510000,Banyuwangi,Kabupaten,3510171,Licin
3500000,Jawa Timur,3510000,Banyuwangi,Kabupaten,3510180,Banyuwangi
3500000,Jawa Timur,3510000,Banyuwangi,Kabupaten,3510190,Giri
3500000,Jawa Timur,3510000,Banyuwangi,Kabupaten,3510200,Kalipuro
3500000,Jawa Timur,3510000,Banyuwangi,Kabupaten,3510210,Wongsorejo
3500000,Jawa Timur,3511000,Bondowoso,Kabupaten,3511010,Maesan
3500000,Jawa Timur,3511000,Bondowoso,Kabupaten,3511020,Grujugan
3500000,Jawa Timur,3511000,Bondowoso,Kabupaten,3511030,Tamanan
3500000,Jawa Timur,3511000,Bondowoso,Kabupaten,3511031,Jambesari Darus Sholah
3500000,Jawa Timur,3511000,Bondowoso,Kabupaten,3511040,Pujer
3500000,Jawa Timur,3511000,Bondowoso,Kabupaten,3511050,Tlogosari
3500000,Jawa Timur,3511000,Bondowoso,Kabupaten,3511060,Sukosari
3500000,Jawa Timur,3511000,Bondowoso,Kabupaten,3511061,Sumber Wringin
3500000,Jawa Timur,3511000,Bondowoso,Kabupaten,3511070,Tapen
3500000,Jawa Timur,3511000,Bondowoso,Kabupaten,3511080,Wonosari
3500000,Jawa Timur,3511000,Bondowoso,Kabupaten,3511090,Tenggarang
3500000,Jawa Timur,3511000,Bondowoso,Kabupaten,3511100,Bondowoso
3500000,Jawa Timur,3511000,Bondowoso,Kabupaten,3511110,Curah Dami
3500000,Jawa Timur,3511000,Bondowoso,Kabupaten,3511111,Binakal
3500000,Jawa Timur,3511000,Bondowoso,Kabupaten,3511120,Pakem
3500000,Jawa Timur,3511000,Bondowoso,Kabupaten,3511130,Wringin
3500000,Jawa Timur,3511000,Bondowoso,Kabupaten,3511140,Tegalampel
3500000,Jawa Timur,3511000,Bondowoso,Kabupaten,3511141,Taman Krocok
3500000,Jawa Timur,3511000,Bondowoso,Kabupaten,3511150,Klabang
3500000,Jawa Timur,3511000,Bondowoso,Kabupaten,3511151,Ijen
3500000,Jawa Timur,3511000,Bondowoso,Kabupaten,3511152,Botolinggo
3500000,Jawa Timur,3511000,Bondowoso,Kabupaten,3511160,Prajekan
3500000,Jawa Timur,3511000,Bondowoso,Kabupaten,3511170,Cermee
3500000,Jawa Timur,3512000,Situbondo,Kabupaten,3512010,Sumbermalang
3500000,Jawa Timur,3512000,Situbondo,Kabupaten,3512020,Jatibanteng
3500000,Jawa Timur,3512000,Situbondo,Kabupaten,3512030,Banyuglugur
3500000,Jawa Timur,3512000,Situbondo,Kabupaten,3512040,Besuki
3500000,Jawa Timur,3512000,Situbondo,Kabupaten,3512050,Suboh
3500000,Jawa Timur,3512000,Situbondo,Kabupaten,3512060,Mlandingan
3500000,Jawa Timur,3512000,Situbondo,Kabupaten,3512070,Bungatan
3500000,Jawa Timur,3512000,Situbondo,Kabupaten,3512080,Kendit
3500000,Jawa Timur,3512000,Situbondo,Kabupaten,3512090,Panarukan
3500000,Jawa Timur,3512000,Situbondo,Kabupaten,3512100,Situbondo
3500000,Jawa Timur,3512000,Situbondo,Kabupaten,3512110,Mangaran
3500000,Jawa Timur,3512000,Situbondo,Kabupaten,3512120,Panji
3500000,Jawa Timur,3512000,Situbondo,Kabupaten,3512130,Kapongan
3500000,Jawa Timur,3512000,Situbondo,Kabupaten,3512140,Arjasa
3500000,Jawa Timur,3512000,Situbondo,Kabupaten,3512150,Jangkar
3500000,Jawa Timur,3512000,Situbondo,Kabupaten,3512160,Asembagus
3500000,Jawa Timur,3512000,Situbondo,Kabupaten,3512170,Banyuputih
3500000,Jawa Timur,3513000,Probolinggo,Kabupaten,3513010,Sukapura
3500000,Jawa Timur,3513000,Probolinggo,Kabupaten,3513020,Sumber
3500000,Jawa Timur,3513000,Probolinggo,Kabupaten,3513030,Kuripan
3500000,Jawa Timur,3513000,Probolinggo,Kabupaten,3513040,Bantaran
3500000,Jawa Timur,3513000,Probolinggo,Kabupaten,3513050,Leces
3500000,Jawa Timur,3513000,Probolinggo,Kabupaten,3513060,Tegalsiwalan
3500000,Jawa Timur,3513000,Probolinggo,Kabupaten,3513070,Banyuanyar
3500000,Jawa Timur,3513000,Probolinggo,Kabupaten,3513080,Tiris
3500000,Jawa Timur,3513000,Probolinggo,Kabupaten,3513090,Krucil
3500000,Jawa Timur,3513000,Probolinggo,Kabupaten,3513100,Gading
3500000,Jawa Timur,3513000,Probolinggo,Kabupaten,3513110,Pakuniran
3500000,Jawa Timur,3513000,Probolinggo,Kabupaten,3513120,Kotaanyar
3500000,Jawa Timur,3513000,Probolinggo,Kabupaten,3513130,Paiton
3500000,Jawa Timur,3513000,Probolinggo,Kabupaten,3513140,Besuk
3500000,Jawa Timur,3513000,Probolinggo,Kabupaten,3513150,Kraksaan
3500000,Jawa Timur,3513000,Probolinggo,Kabupaten,3513160,Krejengan
3500000,Jawa Timur,3513000,Probolinggo,Kabupaten,3513170,Pajarakan
3500000,Jawa Timur,3513000,Probolinggo,Kabupaten,3513180,Maron
3500000,Jawa Timur,3513000,Probolinggo,Kabupaten,3513190,Gending
3500000,Jawa Timur,3513000,Probolinggo,Kabupaten,3513200,Dringu
3500000,Jawa Timur,3513000,Probolinggo,Kabupaten,3513210,Wonomerto
3500000,Jawa Timur,3513000,Probolinggo,Kabupaten,3513220,Lumbang
3500000,Jawa Timur,3513000,Probolinggo,Kabupaten,3513230,Tongas
3500000,Jawa Timur,3513000,Probolinggo,Kabupaten,3513240,Sumberasih
3500000,Jawa Timur,3514000,Pasuruan,Kabupaten,3514010,Purwodadi
3500000,Jawa Timur,3514000,Pasuruan,Kabupaten,3514020,Tutur
3500000,Jawa Timur,3514000,Pasuruan,Kabupaten,3514030,Puspo
3500000,Jawa Timur,3514000,Pasuruan,Kabupaten,3514040,Tosari
3500000,Jawa Timur,3514000,Pasuruan,Kabupaten,3514050,Lumbang
3500000,Jawa Timur,3514000,Pasuruan,Kabupaten,3514060,Pasrepan
3500000,Jawa Timur,3514000,Pasuruan,Kabupaten,3514070,Kejayan
3500000,Jawa Timur,3514000,Pasuruan,Kabupaten,3514080,Wonorejo
3500000,Jawa Timur,3514000,Pasuruan,Kabupaten,3514090,Purwosari
3500000,Jawa Timur,3514000,Pasuruan,Kabupaten,3514100,Prigen
3500000,Jawa Timur,3514000,Pasuruan,Kabupaten,3514110,Sukorejo
3500000,Jawa Timur,3514000,Pasuruan,Kabupaten,3514120,Pandaan
3500000,Jawa Timur,3514000,Pasuruan,Kabupaten,3514130,Gempol
3500000,Jawa Timur,3514000,Pasuruan,Kabupaten,3514140,Beji
3500000,Jawa Timur,3514000,Pasuruan,Kabupaten,3514150,Bangil
3500000,Jawa Timur,3514000,Pasuruan,Kabupaten,3514160,Rembang
3500000,Jawa Timur,3514000,Pasuruan,Kabupaten,3514170,Kraton
3500000,Jawa Timur,3514000,Pasuruan,Kabupaten,3514180,Pohjentrek
3500000,Jawa Timur,3514000,Pasuruan,Kabupaten,3514190,Gondang Wetan
3500000,Jawa Timur,3514000,Pasuruan,Kabupaten,3514200,Rejoso
3500000,Jawa Timur,3514000,Pasuruan,Kabupaten,3514210,Winongan
3500000,Jawa Timur,3514000,Pasuruan,Kabupaten,3514220,Grati
3500000,Jawa Timur,3514000,Pasuruan,Kabupaten,3514230,Lekok
3500000,Jawa Timur,3514000,Pasuruan,Kabupaten,3514240,Nguling
3500000,Jawa Timur,3515000,Sidoarjo,Kabupaten,3515010,Tarik
3500000,Jawa Timur,3515000,Sidoarjo,Kabupaten,3515020,Prambon
3500000,Jawa Timur,3515000,Sidoarjo,Kabupaten,3515030,Krembung
3500000,Jawa Timur,3515000,Sidoarjo,Kabupaten,3515040,Porong
3500000,Jawa Timur,3515000,Sidoarjo,Kabupaten,3515050,Jabon
3500000,Jawa Timur,3515000,Sidoarjo,Kabupaten,3515060,Tanggulangin
3500000,Jawa Timur,3515000,Sidoarjo,Kabupaten,3515070,Candi
3500000,Jawa Timur,3515000,Sidoarjo,Kabupaten,3515080,Tulangan
3500000,Jawa Timur,3515000,Sidoarjo,Kabupaten,3515090,Wonoayu
3500000,Jawa Timur,3515000,Sidoarjo,Kabupaten,3515100,Sukodono
3500000,Jawa Timur,3515000,Sidoarjo,Kabupaten,3515110,Sidoarjo
3500000,Jawa Timur,3515000,Sidoarjo,Kabupaten,3515120,Buduran
3500000,Jawa Timur,3515000,Sidoarjo,Kabupaten,3515130,Sedati
3500000,Jawa Timur,3515000,Sidoarjo,Kabupaten,3515140,Waru
3500000,Jawa Timur,3515000,Sidoarjo,Kabupaten,3515150,Gedangan
3500000,Jawa Timur,3515000,Sidoarjo,Kabupaten,3515160,Taman
3500000,Jawa Timur,3515000,Sidoarjo,Kabupaten,3515170,Krian
3500000,Jawa Timur,3515000,Sidoarjo,Kabupaten,3515180,Balong Bendo
3500000,Jawa Timur,3516000,Mojokerto,Kabupaten,3516010,Jatirejo
3500000,Jawa Timur,3516000,Mojokerto,Kabupaten,3516020,Gondang
3500000,Jawa Timur,3516000,Mojokerto,Kabupaten,3516030,Pacet
3500000,Jawa Timur,3516000,Mojokerto,Kabupaten,3516040,Trawas
3500000,Jawa Timur,3516000,Mojokerto,Kabupaten,3516050,Ngoro
3500000,Jawa Timur,3516000,Mojokerto,Kabupaten,3516060,Pungging
3500000,Jawa Timur,3516000,Mojokerto,Kabupaten,3516070,Kutorejo
3500000,Jawa Timur,3516000,Mojokerto,Kabupaten,3516080,Mojosari
3500000,Jawa Timur,3516000,Mojokerto,Kabupaten,3516090,Bangsal
3500000,Jawa Timur,3516000,Mojokerto,Kabupaten,3516091,Mojoanyar
3500000,Jawa Timur,3516000,Mojokerto,Kabupaten,3516100,Dlanggu
3500000,Jawa Timur,3516000,Mojokerto,Kabupaten,3516110,Puri
3500000,Jawa Timur,3516000,Mojokerto,Kabupaten,3516120,Trowulan
3500000,Jawa Timur,3516000,Mojokerto,Kabupaten,3516130,Sooko
3500000,Jawa Timur,3516000,Mojokerto,Kabupaten,3516140,Gedek
3500000,Jawa Timur,3516000,Mojokerto,Kabupaten,3516150,Kemlagi
3500000,Jawa Timur,3516000,Mojokerto,Kabupaten,3516160,Jetis
3500000,Jawa Timur,3516000,Mojokerto,Kabupaten,3516170,Dawar Blandong
3500000,Jawa Timur,3517000,Jombang,Kabupaten,3517010,Bandar Kedung Mulyo
3500000,Jawa Timur,3517000,Jombang,Kabupaten,3517020,Perak
3500000,Jawa Timur,3517000,Jombang,Kabupaten,3517030,Gudo
3500000,Jawa Timur,3517000,Jombang,Kabupaten,3517040,Diwek
3500000,Jawa Timur,3517000,Jombang,Kabupaten,3517050,Ngoro
3500000,Jawa Timur,3517000,Jombang,Kabupaten,3517060,Mojowarno
3500000,Jawa Timur,3517000,Jombang,Kabupaten,3517070,Bareng
3500000,Jawa Timur,3517000,Jombang,Kabupaten,3517080,Wonosalam
3500000,Jawa Timur,3517000,Jombang,Kabupaten,3517090,Mojoagung
3500000,Jawa Timur,3517000,Jombang,Kabupaten,3517100,Sumobito
3500000,Jawa Timur,3517000,Jombang,Kabupaten,3517110,Jogo Roto
3500000,Jawa Timur,3517000,Jombang,Kabupaten,3517120,Peterongan
3500000,Jawa Timur,3517000,Jombang,Kabupaten,3517130,Jombang
3500000,Jawa Timur,3517000,Jombang,Kabupaten,3517140,Megaluh
3500000,Jawa Timur,3517000,Jombang,Kabupaten,3517150,Tembelang
3500000,Jawa Timur,3517000,Jombang,Kabupaten,3517160,Kesamben
3500000,Jawa Timur,3517000,Jombang,Kabupaten,3517170,Kudu
3500000,Jawa Timur,3517000,Jombang,Kabupaten,3517171,Ngusikan
3500000,Jawa Timur,3517000,Jombang,Kabupaten,3517180,Ploso
3500000,Jawa Timur,3517000,Jombang,Kabupaten,3517190,Kabuh
3500000,Jawa Timur,3517000,Jombang,Kabupaten,3517200,Plandaan
3500000,Jawa Timur,3518000,Nganjuk,Kabupaten,3518010,Sawahan
3500000,Jawa Timur,3518000,Nganjuk,Kabupaten,3518020,Ngetos
3500000,Jawa Timur,3518000,Nganjuk,Kabupaten,3518030,Berbek
3500000,Jawa Timur,3518000,Nganjuk,Kabupaten,3518040,Loceret
3500000,Jawa Timur,3518000,Nganjuk,Kabupaten,3518050,Pace
3500000,Jawa Timur,3518000,Nganjuk,Kabupaten,3518060,Tanjunganom
3500000,Jawa Timur,3518000,Nganjuk,Kabupaten,3518070,Prambon
3500000,Jawa Timur,3518000,Nganjuk,Kabupaten,3518080,Ngronggot
3500000,Jawa Timur,3518000,Nganjuk,Kabupaten,3518090,Kertosono
3500000,Jawa Timur,3518000,Nganjuk,Kabupaten,3518100,Patianrowo
3500000,Jawa Timur,3518000,Nganjuk,Kabupaten,3518110,Baron
3500000,Jawa Timur,3518000,Nganjuk,Kabupaten,3518120,Gondang
3500000,Jawa Timur,3518000,Nganjuk,Kabupaten,3518130,Sukomoro
3500000,Jawa Timur,3518000,Nganjuk,Kabupaten,3518140,Nganjuk
3500000,Jawa Timur,3518000,Nganjuk,Kabupaten,3518150,Bagor
3500000,Jawa Timur,3518000,Nganjuk,Kabupaten,3518160,Wilangan
3500000,Jawa Timur,3518000,Nganjuk,Kabupaten,3518170,Rejoso
3500000,Jawa Timur,3518000,Nganjuk,Kabupaten,3518180,Ngluyu
3500000,Jawa Timur,3518000,Nganjuk,Kabupaten,3518190,Lengkong
3500000,Jawa Timur,3518000,Nganjuk,Kabupaten,3518200,Jatikalen
3500000,Jawa Timur,3519000,Madiun,Kabupaten,3519010,Kebonsari
3500000,Jawa Timur,3519000,Madiun,Kabupaten,3519020,Geger
3500000,Jawa Timur,3519000,Madiun,Kabupaten,3519030,Dolopo
3500000,Jawa Timur,3519000,Madiun,Kabupaten,3519040,Dagangan
3500000,Jawa Timur,3519000,Madiun,Kabupaten,3519050,Wungu
3500000,Jawa Timur,3519000,Madiun,Kabupaten,3519060,Kare
3500000,Jawa Timur,3519000,Madiun,Kabupaten,3519070,Gemarang
3500000,Jawa Timur,3519000,Madiun,Kabupaten,3519080,Saradan
3500000,Jawa Timur,3519000,Madiun,Kabupaten,3519090,Pilangkenceng
3500000,Jawa Timur,3519000,Madiun,Kabupaten,3519100,Mejayan
3500000,Jawa Timur,3519000,Madiun,Kabupaten,3519110,Wonoasri
3500000,Jawa Timur,3519000,Madiun,Kabupaten,3519120,Balerejo
3500000,Jawa Timur,3519000,Madiun,Kabupaten,3519130,Madiun
3500000,Jawa Timur,3519000,Madiun,Kabupaten,3519140,Sawahan
3500000,Jawa Timur,3519000,Madiun,Kabupaten,3519150,Jiwan
3500000,Jawa Timur,3520000,Magetan,Kabupaten,3520010,Poncol
3500000,Jawa Timur,3520000,Magetan,Kabupaten,3520020,Parang
3500000,Jawa Timur,3520000,Magetan,Kabupaten,3520030,Lembeyan
3500000,Jawa Timur,3520000,Magetan,Kabupaten,3520040,Takeran
3500000,Jawa Timur,3520000,Magetan,Kabupaten,3520041,Nguntoronadi
3500000,Jawa Timur,3520000,Magetan,Kabupaten,3520050,Kawedanan
3500000,Jawa Timur,3520000,Magetan,Kabupaten,3520060,Magetan
3500000,Jawa Timur,3520000,Magetan,Kabupaten,3520061,Ngariboyo
3500000,Jawa Timur,3520000,Magetan,Kabupaten,3520070,Plaosan
3500000,Jawa Timur,3520000,Magetan,Kabupaten,3520071,Sidorejo
3500000,Jawa Timur,3520000,Magetan,Kabupaten,3520080,Panekan
3500000,Jawa Timur,3520000,Magetan,Kabupaten,3520090,Sukomoro
3500000,Jawa Timur,3520000,Magetan,Kabupaten,3520100,Bendo
3500000,Jawa Timur,3520000,Magetan,Kabupaten,3520110,Maospati
3500000,Jawa Timur,3520000,Magetan,Kabupaten,3520120,Karangrejo
3500000,Jawa Timur,3520000,Magetan,Kabupaten,3520121,Karas
3500000,Jawa Timur,3520000,Magetan,Kabupaten,3520130,Barat
3500000,Jawa Timur,3520000,Magetan,Kabupaten,3520131,Kartoharjo
3500000,Jawa Timur,3521000,Ngawi,Kabupaten,3521010,Sine
3500000,Jawa Timur,3521000,Ngawi,Kabupaten,3521020,Ngrambe
3500000,Jawa Timur,3521000,Ngawi,Kabupaten,3521030,Jogorogo
3500000,Jawa Timur,3521000,Ngawi,Kabupaten,3521040,Kendal
3500000,Jawa Timur,3521000,Ngawi,Kabupaten,3521050,Geneng
3500000,Jawa Timur,3521000,Ngawi,Kabupaten,3521051,Gerih
3500000,Jawa Timur,3521000,Ngawi,Kabupaten,3521060,Kwadungan
3500000,Jawa Timur,3521000,Ngawi,Kabupaten,3521070,Pangkur
3500000,Jawa Timur,3521000,Ngawi,Kabupaten,3521080,Karangjati
3500000,Jawa Timur,3521000,Ngawi,Kabupaten,3521090,Bringin
3500000,Jawa Timur,3521000,Ngawi,Kabupaten,3521100,Padas
3500000,Jawa Timur,3521000,Ngawi,Kabupaten,3521101,Kasreman
3500000,Jawa Timur,3521000,Ngawi,Kabupaten,3521110,Ngawi
3500000,Jawa Timur,3521000,Ngawi,Kabupaten,3521120,Paron
3500000,Jawa Timur,3521000,Ngawi,Kabupaten,3521130,Kedunggalar
3500000,Jawa Timur,3521000,Ngawi,Kabupaten,3521140,Pitu
3500000,Jawa Timur,3521000,Ngawi,Kabupaten,3521150,Widodaren
3500000,Jawa Timur,3521000,Ngawi,Kabupaten,3521160,Mantingan
3500000,Jawa Timur,3521000,Ngawi,Kabupaten,3521170,Karanganyar
3500000,Jawa Timur,3522000,Bojonegoro,Kabupaten,3522010,Margomulyo
3500000,Jawa Timur,3522000,Bojonegoro,Kabupaten,3522020,Ngraho
3500000,Jawa Timur,3522000,Bojonegoro,Kabupaten,3522030,Tambakrejo
3500000,Jawa Timur,3522000,Bojonegoro,Kabupaten,3522040,Ngambon
3500000,Jawa Timur,3522000,Bojonegoro,Kabupaten,3522041,Sekar
3500000,Jawa Timur,3522000,Bojonegoro,Kabupaten,3522050,Bubulan
3500000,Jawa Timur,3522000,Bojonegoro,Kabupaten,3522051,Gondang
3500000,Jawa Timur,3522000,Bojonegoro,Kabupaten,3522060,Temayang
3500000,Jawa Timur,3522000,Bojonegoro,Kabupaten,3522070,Sugihwaras
3500000,Jawa Timur,3522000,Bojonegoro,Kabupaten,3522080,Kedungadem
3500000,Jawa Timur,3522000,Bojonegoro,Kabupaten,3522090,Kepoh Baru
3500000,Jawa Timur,3522000,Bojonegoro,Kabupaten,3522100,Baureno
3500000,Jawa Timur,3522000,Bojonegoro,Kabupaten,3522110,Kanor
3500000,Jawa Timur,3522000,Bojonegoro,Kabupaten,3522120,Sumberrejo
3500000,Jawa Timur,3522000,Bojonegoro,Kabupaten,3522130,Balen
3500000,Jawa Timur,3522000,Bojonegoro,Kabupaten,3522140,Sukosewu
3500000,Jawa Timur,3522000,Bojonegoro,Kabupaten,3522150,Kapas
3500000,Jawa Timur,3522000,Bojonegoro,Kabupaten,3522160,Bojonegoro
3500000,Jawa Timur,3522000,Bojonegoro,Kabupaten,3522170,Trucuk
3500000,Jawa Timur,3522000,Bojonegoro,Kabupaten,3522180,Dander
3500000,Jawa Timur,3522000,Bojonegoro,Kabupaten,3522190,Ngasem
3500000,Jawa Timur,3522000,Bojonegoro,Kabupaten,3522191,Gayam
3500000,Jawa Timur,3522000,Bojonegoro,Kabupaten,3522200,Kalitidu
3500000,Jawa Timur,3522000,Bojonegoro,Kabupaten,3522210,Malo
3500000,Jawa Timur,3522000,Bojonegoro,Kabupaten,3522220,Purwosari
3500000,Jawa Timur,3522000,Bojonegoro,Kabupaten,3522230,Padangan
3500000,Jawa Timur,3522000,Bojonegoro,Kabupaten,3522240,Kasiman
3500000,Jawa Timur,3522000,Bojonegoro,Kabupaten,3522241,Kedewan
3500000,Jawa Timur,3523000,Tuban,Kabupaten,3523010,Kenduruan
3500000,Jawa Timur,3523000,Tuban,Kabupaten,3523020,Bangilan
3500000,Jawa Timur,3523000,Tuban,Kabupaten,3523030,Senori
3500000,Jawa Timur,3523000,Tuban,Kabupaten,3523040,Singgahan
3500000,Jawa Timur,3523000,Tuban,Kabupaten,3523050,Montong
3500000,Jawa Timur,3523000,Tuban,Kabupaten,3523060,Parengan
3500000,Jawa Timur,3523000,Tuban,Kabupaten,3523070,Soko
3500000,Jawa Timur,3523000,Tuban,Kabupaten,3523080,Rengel
3500000,Jawa Timur,3523000,Tuban,Kabupaten,3523081,Grabagan
3500000,Jawa Timur,3523000,Tuban,Kabupaten,3523090,Plumpang
3500000,Jawa Timur,3523000,Tuban,Kabupaten,3523100,Widang
3500000,Jawa Timur,3523000,Tuban,Kabupaten,3523110,Palang
3500000,Jawa Timur,3523000,Tuban,Kabupaten,3523120,Semanding
3500000,Jawa Timur,3523000,Tuban,Kabupaten,3523130,Tuban
3500000,Jawa Timur,3523000,Tuban,Kabupaten,3523140,Jenu
3500000,Jawa Timur,3523000,Tuban,Kabupaten,3523150,Merakurak
3500000,Jawa Timur,3523000,Tuban,Kabupaten,3523160,Kerek
3500000,Jawa Timur,3523000,Tuban,Kabupaten,3523170,Tambakboyo
3500000,Jawa Timur,3523000,Tuban,Kabupaten,3523180,Jatirogo
3500000,Jawa Timur,3523000,Tuban,Kabupaten,3523190,Bancar
3500000,Jawa Timur,3524000,Lamongan,Kabupaten,3524010,Sukorame
3500000,Jawa Timur,3524000,Lamongan,Kabupaten,3524020,Bluluk
3500000,Jawa Timur,3524000,Lamongan,Kabupaten,3524030,Ngimbang
3500000,Jawa Timur,3524000,Lamongan,Kabupaten,3524040,Sambeng
3500000,Jawa Timur,3524000,Lamongan,Kabupaten,3524050,Mantup
3500000,Jawa Timur,3524000,Lamongan,Kabupaten,3524060,Kembangbahu
3500000,Jawa Timur,3524000,Lamongan,Kabupaten,3524070,Sugio
3500000,Jawa Timur,3524000,Lamongan,Kabupaten,3524080,Kedungpring
3500000,Jawa Timur,3524000,Lamongan,Kabupaten,3524090,Modo
3500000,Jawa Timur,3524000,Lamongan,Kabupaten,3524100,Babat
3500000,Jawa Timur,3524000,Lamongan,Kabupaten,3524110,Pucuk
3500000,Jawa Timur,3524000,Lamongan,Kabupaten,3524120,Sukodadi
3500000,Jawa Timur,3524000,Lamongan,Kabupaten,3524130,Lamongan
3500000,Jawa Timur,3524000,Lamongan,Kabupaten,3524140,Tikung
3500000,Jawa Timur,3524000,Lamongan,Kabupaten,3524141,Sarirejo
3500000,Jawa Timur,3524000,Lamongan,Kabupaten,3524150,Deket
3500000,Jawa Timur,3524000,Lamongan,Kabupaten,3524160,Glagah
3500000,Jawa Timur,3524000,Lamongan,Kabupaten,3524170,Karangbinangun
3500000,Jawa Timur,3524000,Lamongan,Kabupaten,3524180,Turi
3500000,Jawa Timur,3524000,Lamongan,Kabupaten,3524190,Kalitengah
3500000,Jawa Timur,3524000,Lamongan,Kabupaten,3524200,Karang Geneng
3500000,Jawa Timur,3524000,Lamongan,Kabupaten,3524210,Sekaran
3500000,Jawa Timur,3524000,Lamongan,Kabupaten,3524220,Maduran
3500000,Jawa Timur,3524000,Lamongan,Kabupaten,3524230,Laren
3500000,Jawa Timur,3524000,Lamongan,Kabupaten,3524240,Solokuro
3500000,Jawa Timur,3524000,Lamongan,Kabupaten,3524250,Paciran
3500000,Jawa Timur,3524000,Lamongan,Kabupaten,3524260,Brondong
3500000,Jawa Timur,3525000,Gresik,Kabupaten,3525010,Wringinanom
3500000,Jawa Timur,3525000,Gresik,Kabupaten,3525020,Driyorejo
3500000,Jawa Timur,3525000,Gresik,Kabupaten,3525030,Kedamean
3500000,Jawa Timur,3525000,Gresik,Kabupaten,3525040,Menganti
3500000,Jawa Timur,3525000,Gresik,Kabupaten,3525050,Cerme
3500000,Jawa Timur,3525000,Gresik,Kabupaten,3525060,Benjeng
3500000,Jawa Timur,3525000,Gresik,Kabupaten,3525070,Balongpanggang
3500000,Jawa Timur,3525000,Gresik,Kabupaten,3525080,Duduksampeyan
3500000,Jawa Timur,3525000,Gresik,Kabupaten,3525090,Kebomas
3500000,Jawa Timur,3525000,Gresik,Kabupaten,3525100,Gresik
3500000,Jawa Timur,3525000,Gresik,Kabupaten,3525110,Manyar
3500000,Jawa Timur,3525000,Gresik,Kabupaten,3525120,Bungah
3500000,Jawa Timur,3525000,Gresik,Kabupaten,3525130,Sidayu
3500000,Jawa Timur,3525000,Gresik,Kabupaten,3525140,Dukun
3500000,Jawa Timur,3525000,Gresik,Kabupaten,3525150,Panceng
3500000,Jawa Timur,3525000,Gresik,Kabupaten,3525160,Ujungpangkah
3500000,Jawa Timur,3525000,Gresik,Kabupaten,3525170,Sangkapura
3500000,Jawa Timur,3525000,Gresik,Kabupaten,3525180,Tambak
3500000,Jawa Timur,3526000,Bangkalan,Kabupaten,3526010,Kamal
3500000,Jawa Timur,3526000,Bangkalan,Kabupaten,3526020,Labang
3500000,Jawa Timur,3526000,Bangkalan,Kabupaten,3526030,Kwanyar
3500000,Jawa Timur,3526000,Bangkalan,Kabupaten,3526040,Modung
3500000,Jawa Timur,3526000,Bangkalan,Kabupaten,3526050,Blega
3500000,Jawa Timur,3526000,Bangkalan,Kabupaten,3526060,Konang
3500000,Jawa Timur,3526000,Bangkalan,Kabupaten,3526070,Galis
3500000,Jawa Timur,3526000,Bangkalan,Kabupaten,3526080,Tanah Merah
3500000,Jawa Timur,3526000,Bangkalan,Kabupaten,3526090,Tragah
3500000,Jawa Timur,3526000,Bangkalan,Kabupaten,3526100,Socah
3500000,Jawa Timur,3526000,Bangkalan,Kabupaten,3526110,Bangkalan
3500000,Jawa Timur,3526000,Bangkalan,Kabupaten,3526120,Burneh
3500000,Jawa Timur,3526000,Bangkalan,Kabupaten,3526130,Arosbaya
3500000,Jawa Timur,3526000,Bangkalan,Kabupaten,3526140,Geger
3500000,Jawa Timur,3526000,Bangkalan,Kabupaten,3526150,Kokop
3500000,Jawa Timur,3526000,Bangkalan,Kabupaten,3526160,Tanjungbumi
3500000,Jawa Timur,3526000,Bangkalan,Kabupaten,3526170,Sepulu
3500000,Jawa Timur,3526000,Bangkalan,Kabupaten,3526180,Klampis
3500000,Jawa Timur,3527000,Sampang,Kabupaten,3527010,Sreseh
3500000,Jawa Timur,3527000,Sampang,Kabupaten,3527020,Torjun
3500000,Jawa Timur,3527000,Sampang,Kabupaten,3527021,Pangarengan
3500000,Jawa Timur,3527000,Sampang,Kabupaten,3527030,Sampang
3500000,Jawa Timur,3527000,Sampang,Kabupaten,3527040,Camplong
3500000,Jawa Timur,3527000,Sampang,Kabupaten,3527050,Omben
3500000,Jawa Timur,3527000,Sampang,Kabupaten,3527060,Kedungdung
3500000,Jawa Timur,3527000,Sampang,Kabupaten,3527070,Jrengik
3500000,Jawa Timur,3527000,Sampang,Kabupaten,3527080,Tambelangan
3500000,Jawa Timur,3527000,Sampang,Kabupaten,3527090,Banyuates
3500000,Jawa Timur,3527000,Sampang,Kabupaten,3527100,Robatal
3500000,Jawa Timur,3527000,Sampang,Kabupaten,3527101,Karang Penang
3500000,Jawa Timur,3527000,Sampang,Kabupaten,3527110,Ketapang
3500000,Jawa Timur,3527000,Sampang,Kabupaten,3527120,Sokobanah
3500000,Jawa Timur,3528000,Pamekasan,Kabupaten,3528010,Tlanakan
3500000,Jawa Timur,3528000,Pamekasan,Kabupaten,3528020,Pademawu
3500000,Jawa Timur,3528000,Pamekasan,Kabupaten,3528030,Galis
3500000,Jawa Timur,3528000,Pamekasan,Kabupaten,3528040,Larangan
3500000,Jawa Timur,3528000,Pamekasan,Kabupaten,3528050,Pamekasan
3500000,Jawa Timur,3528000,Pamekasan,Kabupaten,3528060,Proppo
3500000,Jawa Timur,3528000,Pamekasan,Kabupaten,3528070,Palengaan
3500000,Jawa Timur,3528000,Pamekasan,Kabupaten,3528080,Pegantenan
3500000,Jawa Timur,3528000,Pamekasan,Kabupaten,3528090,Kadur
3500000,Jawa Timur,3528000,Pamekasan,Kabupaten,3528100,Pakong
3500000,Jawa Timur,3528000,Pamekasan,Kabupaten,3528110,Waru
3500000,Jawa Timur,3528000,Pamekasan,Kabupaten,3528120,Batu Marmar
3500000,Jawa Timur,3528000,Pamekasan,Kabupaten,3528130,Pasean
3500000,Jawa Timur,3529000,Sumenep,Kabupaten,3529010,Pragaan
3500000,Jawa Timur,3529000,Sumenep,Kabupaten,3529020,Bluto
3500000,Jawa Timur,3529000,Sumenep,Kabupaten,3529030,Saronggi
3500000,Jawa Timur,3529000,Sumenep,Kabupaten,3529040,Giligenteng
3500000,Jawa Timur,3529000,Sumenep,Kabupaten,3529050,Talango
3500000,Jawa Timur,3529000,Sumenep,Kabupaten,3529060,Kalianget
3500000,Jawa Timur,3529000,Sumenep,Kabupaten,3529070,Kota Sumenep
3500000,Jawa Timur,3529000,Sumenep,Kabupaten,3529071,Batuan
3500000,Jawa Timur,3529000,Sumenep,Kabupaten,3529080,Lenteng
3500000,Jawa Timur,3529000,Sumenep,Kabupaten,3529090,Ganding
3500000,Jawa Timur,3529000,Sumenep,Kabupaten,3529100,Guluk Guluk
3500000,Jawa Timur,3529000,Sumenep,Kabupaten,3529110,Pasongsongan
3500000,Jawa Timur,3529000,Sumenep,Kabupaten,3529120,Ambunten
3500000,Jawa Timur,3529000,Sumenep,Kabupaten,3529130,Rubaru
3500000,Jawa Timur,3529000,Sumenep,Kabupaten,3529140,Dasuk
3500000,Jawa Timur,3529000,Sumenep,Kabupaten,3529150,Manding
3500000,Jawa Timur,3529000,Sumenep,Kabupaten,3529160,Batuputih
3500000,Jawa Timur,3529000,Sumenep,Kabupaten,3529170,Gapura
3500000,Jawa Timur,3529000,Sumenep,Kabupaten,3529180,Batang Batang
3500000,Jawa Timur,3529000,Sumenep,Kabupaten,3529190,Dungkek
3500000,Jawa Timur,3529000,Sumenep,Kabupaten,3529200,Nonggunong
3500000,Jawa Timur,3529000,Sumenep,Kabupaten,3529210,Gayam
3500000,Jawa Timur,3529000,Sumenep,Kabupaten,3529220,Raas
3500000,Jawa Timur,3529000,Sumenep,Kabupaten,3529230,Sapeken
3500000,Jawa Timur,3529000,Sumenep,Kabupaten,3529240,Arjasa
3500000,Jawa Timur,3529000,Sumenep,Kabupaten,3529241,Kangayan
3500000,Jawa Timur,3529000,Sumenep,Kabupaten,3529250,Masalembu
3500000,Jawa Timur,3571000,Kediri,Kota,3571010,Mojoroto
3500000,Jawa Timur,3571000,Kediri,Kota,3571020,Kota
3500000,Jawa Timur,3571000,Kediri,Kota,3571030,Pesantren
3500000,Jawa Timur,3572000,Blitar,Kota,3572010,Sukorejo
3500000,Jawa Timur,3572000,Blitar,Kota,3572020,Kepanjenkidul
3500000,Jawa Timur,3572000,Blitar,Kota,3572030,Sananwetan
3500000,Jawa Timur,3573000,Malang,Kota,3573010,Kedungkandang
3500000,Jawa Timur,3573000,Malang,Kota,3573020,Sukun
3500000,Jawa Timur,3573000,Malang,Kota,3573030,Klojen
3500000,Jawa Timur,3573000,Malang,Kota,3573040,Blimbing
3500000,Jawa Timur,3573000,Malang,Kota,3573050,Lowokwaru
3500000,Jawa Timur,3574000,Probolinggo,Kota,3574010,Kademangan
3500000,Jawa Timur,3574000,Probolinggo,Kota,3574011,Kedopok
3500000,Jawa Timur,3574000,Probolinggo,Kota,3574020,Wonoasih
3500000,Jawa Timur,3574000,Probolinggo,Kota,3574030,Mayangan
3500000,Jawa Timur,3574000,Probolinggo,Kota,3574031,Kanigaran
3500000,Jawa Timur,3575000,Pasuruan,Kota,3575010,Gadingrejo
3500000,Jawa Timur,3575000,Pasuruan,Kota,3575020,Purworejo
3500000,Jawa Timur,3575000,Pasuruan,Kota,3575030,Bugulkidul
3500000,Jawa Timur,3575000,Pasuruan,Kota,3575031,Panggungrejo
3500000,Jawa Timur,3576000,Mojokerto,Kota,3576010,Prajurit Kulon
3500000,Jawa Timur,3576000,Mojokerto,Kota,3576020,Magersari
3500000,Jawa Timur,3576000,Mojokerto,Kota,3576021,Kranggan
3500000,Jawa Timur,3577000,Madiun,Kota,3577010,Mangu Harjo
3500000,Jawa Timur,3577000,Madiun,Kota,3577020,Taman
3500000,Jawa Timur,3577000,Madiun,Kota,3577030,Kartoharjo
3500000,Jawa Timur,3578000,Surabaya,Kota,3578010,Karang Pilang
3500000,Jawa Timur,3578000,Surabaya,Kota,3578020,Jambangan
3500000,Jawa Timur,3578000,Surabaya,Kota,3578030,Gayungan
3500000,Jawa Timur,3578000,Surabaya,Kota,3578040,Wonocolo
3500000,Jawa Timur,3578000,Surabaya,Kota,3578050,Tenggilis Mejoyo
3500000,Jawa Timur,3578000,Surabaya,Kota,3578060,Gunung Anyar
3500000,Jawa Timur,3578000,Surabaya,Kota,3578070,Rungkut
3500000,Jawa Timur,3578000,Surabaya,Kota,3578080,Sukolilo
3500000,Jawa Timur,3578000,Surabaya,Kota,3578090,Mulyorejo
3500000,Jawa Timur,3578000,Surabaya,Kota,3578100,Gubeng
3500000,Jawa Timur,3578000,Surabaya,Kota,3578110,Wonokromo
3500000,Jawa Timur,3578000,Surabaya,Kota,3578120,Dukuh Pakis
3500000,Jawa Timur,3578000,Surabaya,Kota,3578130,Wiyung
3500000,Jawa Timur,3578000,Surabaya,Kota,3578140,Lakarsantri
3500000,Jawa Timur,3578000,Surabaya,Kota,3578141,Sambikerep
3500000,Jawa Timur,3578000,Surabaya,Kota,3578150,Tandes
3500000,Jawa Timur,3578000,Surabaya,Kota,3578160,Suko Manunggal
3500000,Jawa Timur,3578000,Surabaya,Kota,3578170,Sawahan
3500000,Jawa Timur,3578000,Surabaya,Kota,3578180,Tegalsari
3500000,Jawa Timur,3578000,Surabaya,Kota,3578190,Genteng
3500000,Jawa Timur,3578000,Surabaya,Kota,3578200,Tambaksari
3500000,Jawa Timur,3578000,Surabaya,Kota,3578210,Kenjeran
3500000,Jawa Timur,3578000,Surabaya,Kota,3578211,Bulak
3500000,Jawa Timur,3578000,Surabaya,Kota,3578220,Simokerto
3500000,Jawa Timur,3578000,Surabaya,Kota,3578230,Semampir
3500000,Jawa Timur,3578000,Surabaya,Kota,3578240,Pabean Cantian
3500000,Jawa Timur,3578000,Surabaya,Kota,3578250,Bubutan
3500000,Jawa Timur,3578000,Surabaya,Kota,3578260,Krembangan
3500000,Jawa Timur,3578000,Surabaya,Kota,3578270,Asemrowo
3500000,Jawa Timur,3578000,Surabaya,Kota,3578280,Benowo
3500000,Jawa Timur,3578000,Surabaya,Kota,3578281,Pakal
3500000,Jawa Timur,3579000,Batu,Kota,3579010,Batu
3500000,Jawa Timur,3579000,Batu,Kota,3579020,Junrejo
3500000,Jawa Timur,3579000,Batu,Kota,3579030,Bumiaji
3600000,Banten,3601000,Pandeglang,Kabupaten,3601010,Sumur
3600000,Banten,3601000,Pandeglang,Kabupaten,3601020,Cimanggu
3600000,Banten,3601000,Pandeglang,Kabupaten,3601030,Cibaliung
3600000,Banten,3601000,Pandeglang,Kabupaten,3601031,Cibitung
3600000,Banten,3601000,Pandeglang,Kabupaten,3601040,Cikeusik
3600000,Banten,3601000,Pandeglang,Kabupaten,3601050,Cigeulis
3600000,Banten,3601000,Pandeglang,Kabupaten,3601060,Panimbang
3600000,Banten,3601000,Pandeglang,Kabupaten,3601061,Sobang
3600000,Banten,3601000,Pandeglang,Kabupaten,3601070,Munjul
3600000,Banten,3601000,Pandeglang,Kabupaten,3601071,Angsana
3600000,Banten,3601000,Pandeglang,Kabupaten,3601072,Sindangresmi
3600000,Banten,3601000,Pandeglang,Kabupaten,3601080,Picung
3600000,Banten,3601000,Pandeglang,Kabupaten,3601090,Bojong
3600000,Banten,3601000,Pandeglang,Kabupaten,3601100,Saketi
3600000,Banten,3601000,Pandeglang,Kabupaten,3601101,Cisata
3600000,Banten,3601000,Pandeglang,Kabupaten,3601110,Pagelaran
3600000,Banten,3601000,Pandeglang,Kabupaten,3601111,Patia
3600000,Banten,3601000,Pandeglang,Kabupaten,3601112,Sukaresmi
3600000,Banten,3601000,Pandeglang,Kabupaten,3601120,Labuan
3600000,Banten,3601000,Pandeglang,Kabupaten,3601121,Carita
3600000,Banten,3601000,Pandeglang,Kabupaten,3601130,Jiput
3600000,Banten,3601000,Pandeglang,Kabupaten,3601131,Cikedal
3600000,Banten,3601000,Pandeglang,Kabupaten,3601140,Menes
3600000,Banten,3601000,Pandeglang,Kabupaten,3601141,Pulosari
3600000,Banten,3601000,Pandeglang,Kabupaten,3601150,Mandalawangi
3600000,Banten,3601000,Pandeglang,Kabupaten,3601160,Cimanuk
3600000,Banten,3601000,Pandeglang,Kabupaten,3601161,Cipeucang
3600000,Banten,3601000,Pandeglang,Kabupaten,3601170,Banjar
3600000,Banten,3601000,Pandeglang,Kabupaten,3601171,Kaduhejo
3600000,Banten,3601000,Pandeglang,Kabupaten,3601172,Mekarjaya
3600000,Banten,3601000,Pandeglang,Kabupaten,3601180,Pandeglang
3600000,Banten,3601000,Pandeglang,Kabupaten,3601181,Majasari
3600000,Banten,3601000,Pandeglang,Kabupaten,3601190,Cadasari
3600000,Banten,3601000,Pandeglang,Kabupaten,3601191,Karangtanjung
3600000,Banten,3601000,Pandeglang,Kabupaten,3601192,Koroncong
3600000,Banten,3602000,Lebak,Kabupaten,3602010,Malingping
3600000,Banten,3602000,Lebak,Kabupaten,3602011,Wanasalam
3600000,Banten,3602000,Lebak,Kabupaten,3602020,Panggarangan
3600000,Banten,3602000,Lebak,Kabupaten,3602021,Cihara
3600000,Banten,3602000,Lebak,Kabupaten,3602030,Bayah
3600000,Banten,3602000,Lebak,Kabupaten,3602031,Cilograng
3600000,Banten,3602000,Lebak,Kabupaten,3602040,Cibeber
3600000,Banten,3602000,Lebak,Kabupaten,3602050,Cijaku
3600000,Banten,3602000,Lebak,Kabupaten,3602051,Cigemblong
3600000,Banten,3602000,Lebak,Kabupaten,3602060,Banjarsari
3600000,Banten,3602000,Lebak,Kabupaten,3602070,Cileles
3600000,Banten,3602000,Lebak,Kabupaten,3602080,Gunung Kencana
3600000,Banten,3602000,Lebak,Kabupaten,3602090,Bojongmanik
3600000,Banten,3602000,Lebak,Kabupaten,3602091,Cirinten
3600000,Banten,3602000,Lebak,Kabupaten,3602100,Leuwidamar
3600000,Banten,3602000,Lebak,Kabupaten,3602110,Muncang
3600000,Banten,3602000,Lebak,Kabupaten,3602111,Sobang
3600000,Banten,3602000,Lebak,Kabupaten,3602120,Cipanas
3600000,Banten,3602000,Lebak,Kabupaten,3602121,Lebakgedong
3600000,Banten,3602000,Lebak,Kabupaten,3602130,Sajira
3600000,Banten,3602000,Lebak,Kabupaten,3602140,Cimarga
3600000,Banten,3602000,Lebak,Kabupaten,3602150,Cikulur
3600000,Banten,3602000,Lebak,Kabupaten,3602160,Warunggunung
3600000,Banten,3602000,Lebak,Kabupaten,3602170,Cibadak
3600000,Banten,3602000,Lebak,Kabupaten,3602180,Rangkasbitung
3600000,Banten,3602000,Lebak,Kabupaten,3602181,Kalanganyar
3600000,Banten,3602000,Lebak,Kabupaten,3602190,Maja
3600000,Banten,3602000,Lebak,Kabupaten,3602191,Curugbitung
3600000,Banten,3603000,Tangerang,Kabupaten,3603010,Cisoka
3600000,Banten,3603000,Tangerang,Kabupaten,3603011,Solear
3600000,Banten,3603000,Tangerang,Kabupaten,3603020,Tigaraksa
3600000,Banten,3603000,Tangerang,Kabupaten,3603021,Jambe
3600000,Banten,3603000,Tangerang,Kabupaten,3603030,Cikupa
3600000,Banten,3603000,Tangerang,Kabupaten,3603040,Panongan
3600000,Banten,3603000,Tangerang,Kabupaten,3603050,Curug
3600000,Banten,3603000,Tangerang,Kabupaten,3603051,Kelapa Dua
3600000,Banten,3603000,Tangerang,Kabupaten,3603060,Legok
3600000,Banten,3603000,Tangerang,Kabupaten,3603070,Pagedangan
3600000,Banten,3603000,Tangerang,Kabupaten,3603081,Cisauk
3600000,Banten,3603000,Tangerang,Kabupaten,3603120,Pasarkemis
3600000,Banten,3603000,Tangerang,Kabupaten,3603121,Sindang Jaya
3600000,Banten,3603000,Tangerang,Kabupaten,3603130,Balaraja
3600000,Banten,3603000,Tangerang,Kabupaten,3603131,Jayanti
3600000,Banten,3603000,Tangerang,Kabupaten,3603132,Sukamulya
3600000,Banten,3603000,Tangerang,Kabupaten,3603140,Kresek
3600000,Banten,3603000,Tangerang,Kabupaten,3603141,Gunung Kaler
3600000,Banten,3603000,Tangerang,Kabupaten,3603150,Kronjo
3600000,Banten,3603000,Tangerang,Kabupaten,3603151,Mekar Baru
3600000,Banten,3603000,Tangerang,Kabupaten,3603160,Mauk
3600000,Banten,3603000,Tangerang,Kabupaten,3603161,Kemiri
3600000,Banten,3603000,Tangerang,Kabupaten,3603162,Sukadiri
3600000,Banten,3603000,Tangerang,Kabupaten,3603170,Rajeg
3600000,Banten,3603000,Tangerang,Kabupaten,3603180,Sepatan
3600000,Banten,3603000,Tangerang,Kabupaten,3603181,Sepatan Timur
3600000,Banten,3603000,Tangerang,Kabupaten,3603190,Pakuhaji
3600000,Banten,3603000,Tangerang,Kabupaten,3603200,Teluknaga
3600000,Banten,3603000,Tangerang,Kabupaten,3603210,Kosambi
3600000,Banten,3604000,Serang,Kabupaten,3604010,Cinangka
3600000,Banten,3604000,Serang,Kabupaten,3604020,Padarincang
3600000,Banten,3604000,Serang,Kabupaten,3604030,Ciomas
3600000,Banten,3604000,Serang,Kabupaten,3604040,Pabuaran
3600000,Banten,3604000,Serang,Kabupaten,3604041,Gunung Sari
3600000,Banten,3604000,Serang,Kabupaten,3604050,Baros
3600000,Banten,3604000,Serang,Kabupaten,3604060,Petir
3600000,Banten,3604000,Serang,Kabupaten,3604061,Tunjung Teja
3600000,Banten,3604000,Serang,Kabupaten,3604080,Cikeusal
3600000,Banten,3604000,Serang,Kabupaten,3604090,Pamarayan
3600000,Banten,3604000,Serang,Kabupaten,3604091,Bandung
3600000,Banten,3604000,Serang,Kabupaten,3604100,Jawilan
3600000,Banten,3604000,Serang,Kabupaten,3604110,Kopo
3600000,Banten,3604000,Serang,Kabupaten,3604120,Cikande
3600000,Banten,3604000,Serang,Kabupaten,3604121,Kibin
3600000,Banten,3604000,Serang,Kabupaten,3604130,Kragilan
3600000,Banten,3604000,Serang,Kabupaten,3604180,Waringinkurung
3600000,Banten,3604000,Serang,Kabupaten,3604190,Mancak
3600000,Banten,3604000,Serang,Kabupaten,3604200,Anyar
3600000,Banten,3604000,Serang,Kabupaten,3604210,Bojonegara
3600000,Banten,3604000,Serang,Kabupaten,3604211,Pulo Ampel
3600000,Banten,3604000,Serang,Kabupaten,3604220,Kramatwatu
3600000,Banten,3604000,Serang,Kabupaten,3604240,Ciruas
3600000,Banten,3604000,Serang,Kabupaten,3604250,Pontang
3600000,Banten,3604000,Serang,Kabupaten,3604251,Lebak Wangi
3600000,Banten,3604000,Serang,Kabupaten,3604260,Carenang
3600000,Banten,3604000,Serang,Kabupaten,3604261,Binuang
3600000,Banten,3604000,Serang,Kabupaten,3604270,Tirtayasa
3600000,Banten,3604000,Serang,Kabupaten,3604271,Tanara
3600000,Banten,3671000,Tangerang,Kota,3671010,Ciledug
3600000,Banten,3671000,Tangerang,Kota,3671011,Larangan
3600000,Banten,3671000,Tangerang,Kota,3671012,Karang Tengah
3600000,Banten,3671000,Tangerang,Kota,3671020,Cipondoh
3600000,Banten,3671000,Tangerang,Kota,3671021,Pinang
3600000,Banten,3671000,Tangerang,Kota,3671030,Tangerang
3600000,Banten,3671000,Tangerang,Kota,3671031,Karawaci
3600000,Banten,3671000,Tangerang,Kota,3671040,Jati Uwung
3600000,Banten,3671000,Tangerang,Kota,3671041,Cibodas
3600000,Banten,3671000,Tangerang,Kota,3671042,Periuk
3600000,Banten,3671000,Tangerang,Kota,3671050,Batuceper
3600000,Banten,3671000,Tangerang,Kota,3671051,Neglasari
3600000,Banten,3671000,Tangerang,Kota,3671060,Benda
3600000,Banten,3672000,Cilegon,Kota,3672010,Ciwandan
3600000,Banten,3672000,Cilegon,Kota,3672011,Citangkil
3600000,Banten,3672000,Cilegon,Kota,3672020,Pulomerak
3600000,Banten,3672000,Cilegon,Kota,3672021,Purwakarta
3600000,Banten,3672000,Cilegon,Kota,3672022,Grogol
3600000,Banten,3672000,Cilegon,Kota,3672030,Cilegon
3600000,Banten,3672000,Cilegon,Kota,3672031,Jombang
3600000,Banten,3672000,Cilegon,Kota,3672040,Cibeber
3600000,Banten,3673000,Serang,Kota,3673010,Curug
3600000,Banten,3673000,Serang,Kota,3673020,Walantaka
3600000,Banten,3673000,Serang,Kota,3673030,Cipocok Jaya
3600000,Banten,3673000,Serang,Kota,3673040,Serang
3600000,Banten,3673000,Serang,Kota,3673050,Taktakan
3600000,Banten,3673000,Serang,Kota,3673060,Kasemen
3600000,Banten,3674000,Tangerang Selatan,Kota,3674010,Setu
3600000,Banten,3674000,Tangerang Selatan,Kota,3674020,Serpong
3600000,Banten,3674000,Tangerang Selatan,Kota,3674030,Pamulang
3600000,Banten,3674000,Tangerang Selatan,Kota,3674040,Ciputat
3600000,Banten,3674000,Tangerang Selatan,Kota,3674050,Ciputat Timur
3600000,Banten,3674000,Tangerang Selatan,Kota,3674060,Pondok Aren
3600000,Banten,3674000,Tangerang Selatan,Kota,3674070,Serpong Utara
5100000,Bali,5101000,Jembrana,Kabupaten,5101010,Melaya
5100000,Bali,5101000,Jembrana,Kabupaten,5101020,Negara
5100000,Bali,5101000,Jembrana,Kabupaten,5101021,Jembrana
5100000,Bali,5101000,Jembrana,Kabupaten,5101030,Mendoyo
5100000,Bali,5101000,Jembrana,Kabupaten,5101040,Pekutatan
5100000,Bali,5102000,Tabanan,Kabupaten,5102010,Selemadeg
5100000,Bali,5102000,Tabanan,Kabupaten,5102011,Selemadeg Timur
5100000,Bali,5102000,Tabanan,Kabupaten,5102012,Selemadeg Barat
5100000,Bali,5102000,Tabanan,Kabupaten,5102020,Kerambitan
5100000,Bali,5102000,Tabanan,Kabupaten,5102030,Tabanan
5100000,Bali,5102000,Tabanan,Kabupaten,5102040,Kediri
5100000,Bali,5102000,Tabanan,Kabupaten,5102050,Marga
5100000,Bali,5102000,Tabanan,Kabupaten,5102060,Baturiti
5100000,Bali,5102000,Tabanan,Kabupaten,5102070,Penebel
5100000,Bali,5102000,Tabanan,Kabupaten,5102080,Pupuan
5100000,Bali,5103000,Badung,Kabupaten,5103010,Kuta Selatan
5100000,Bali,5103000,Badung,Kabupaten,5103020,Kuta
5100000,Bali,5103000,Badung,Kabupaten,5103030,Kuta Utara
5100000,Bali,5103000,Badung,Kabupaten,5103040,Mengwi
5100000,Bali,5103000,Badung,Kabupaten,5103050,Abiansemal
5100000,Bali,5103000,Badung,Kabupaten,5103060,Petang
5100000,Bali,5104000,Gianyar,Kabupaten,5104010,Sukawati
5100000,Bali,5104000,Gianyar,Kabupaten,5104020,Blahbatuh
5100000,Bali,5104000,Gianyar,Kabupaten,5104030,Gianyar
5100000,Bali,5104000,Gianyar,Kabupaten,5104040,Tampaksiring
5100000,Bali,5104000,Gianyar,Kabupaten,5104050,Ubud
5100000,Bali,5104000,Gianyar,Kabupaten,5104060,Tegallalang
5100000,Bali,5104000,Gianyar,Kabupaten,5104070,Payangan
5100000,Bali,5105000,Klungkung,Kabupaten,5105010,Nusapenida
5100000,Bali,5105000,Klungkung,Kabupaten,5105020,Banjarangkan
5100000,Bali,5105000,Klungkung,Kabupaten,5105030,Klungkung
5100000,Bali,5105000,Klungkung,Kabupaten,5105040,Dawan
5100000,Bali,5106000,Bangli,Kabupaten,5106010,Susut
5100000,Bali,5106000,Bangli,Kabupaten,5106020,Bangli
5100000,Bali,5106000,Bangli,Kabupaten,5106030,Tembuku
5100000,Bali,5106000,Bangli,Kabupaten,5106040,Kintamani
5100000,Bali,5107000,Karang Asem,Kabupaten,5107010,Rendang
5100000,Bali,5107000,Karang Asem,Kabupaten,5107020,Sidemen
5100000,Bali,5107000,Karang Asem,Kabupaten,5107030,Manggis
5100000,Bali,5107000,Karang Asem,Kabupaten,5107040,Karangasem
5100000,Bali,5107000,Karang Asem,Kabupaten,5107050,Abang
5100000,Bali,5107000,Karang Asem,Kabupaten,5107060,Bebandem
5100000,Bali,5107000,Karang Asem,Kabupaten,5107070,Selat
5100000,Bali,5107000,Karang Asem,Kabupaten,5107080,Kubu
5100000,Bali,5108000,Buleleng,Kabupaten,5108010,Gerokgak
5100000,Bali,5108000,Buleleng,Kabupaten,5108020,Seririt
5100000,Bali,5108000,Buleleng,Kabupaten,5108030,Busungbiu
5100000,Bali,5108000,Buleleng,Kabupaten,5108040,Banjar
5100000,Bali,5108000,Buleleng,Kabupaten,5108050,Sukasada
5100000,Bali,5108000,Buleleng,Kabupaten,5108060,Buleleng
5100000,Bali,5108000,Buleleng,Kabupaten,5108070,Sawan
5100000,Bali,5108000,Buleleng,Kabupaten,5108080,Kubutambahan
5100000,Bali,5108000,Buleleng,Kabupaten,5108090,Tejakula
5100000,Bali,5171000,Denpasar,Kota,5171010,Denpasar Selatan
5100000,Bali,5171000,Denpasar,Kota,5171020,Denpasar Timur
5100000,Bali,5171000,Denpasar,Kota,5171030,Denpasar Barat
5100000,Bali,5171000,Denpasar,Kota,5171031,Denpasar Utara
5200000,Nusa Tenggara Barat,5201000,Lombok Barat,Kabupaten,5201010,Sekotong
5200000,Nusa Tenggara Barat,5201000,Lombok Barat,Kabupaten,5201011,Lembar
5200000,Nusa Tenggara Barat,5201000,Lombok Barat,Kabupaten,5201020,Gerung
5200000,Nusa Tenggara Barat,5201000,Lombok Barat,Kabupaten,5201030,Labu Api
5200000,Nusa Tenggara Barat,5201000,Lombok Barat,Kabupaten,5201040,Kediri
5200000,Nusa Tenggara Barat,5201000,Lombok Barat,Kabupaten,5201041,Kuripan
5200000,Nusa Tenggara Barat,5201000,Lombok Barat,Kabupaten,5201050,Narmada
5200000,Nusa Tenggara Barat,5201000,Lombok Barat,Kabupaten,5201051,Lingsar
5200000,Nusa Tenggara Barat,5201000,Lombok Barat,Kabupaten,5201060,Gunung Sari
5200000,Nusa Tenggara Barat,5201000,Lombok Barat,Kabupaten,5201061,Batu Layar
5200000,Nusa Tenggara Barat,5202000,Lombok Tengah,Kabupaten,5202010,Praya Barat
5200000,Nusa Tenggara Barat,5202000,Lombok Tengah,Kabupaten,5202011,Praya Barat Daya
5200000,Nusa Tenggara Barat,5202000,Lombok Tengah,Kabupaten,5202020,Pujut
5200000,Nusa Tenggara Barat,5202000,Lombok Tengah,Kabupaten,5202030,Praya Timur
5200000,Nusa Tenggara Barat,5202000,Lombok Tengah,Kabupaten,5202040,Janapria
5200000,Nusa Tenggara Barat,5202000,Lombok Tengah,Kabupaten,5202050,Kopang
5200000,Nusa Tenggara Barat,5202000,Lombok Tengah,Kabupaten,5202060,Praya
5200000,Nusa Tenggara Barat,5202000,Lombok Tengah,Kabupaten,5202061,Praya Tengah
5200000,Nusa Tenggara Barat,5202000,Lombok Tengah,Kabupaten,5202070,Jonggat
5200000,Nusa Tenggara Barat,5202000,Lombok Tengah,Kabupaten,5202080,Pringgarata
5200000,Nusa Tenggara Barat,5202000,Lombok Tengah,Kabupaten,5202090,Batukliang
5200000,Nusa Tenggara Barat,5202000,Lombok Tengah,Kabupaten,5202091,Batukliang Utara
5200000,Nusa Tenggara Barat,5203000,Lombok Timur,Kabupaten,5203010,Keruak
5200000,Nusa Tenggara Barat,5203000,Lombok Timur,Kabupaten,5203011,Jerowaru
5200000,Nusa Tenggara Barat,5203000,Lombok Timur,Kabupaten,5203020,Sakra
5200000,Nusa Tenggara Barat,5203000,Lombok Timur,Kabupaten,5203021,Sakra Barat
5200000,Nusa Tenggara Barat,5203000,Lombok Timur,Kabupaten,5203022,Sakra Timur
5200000,Nusa Tenggara Barat,5203000,Lombok Timur,Kabupaten,5203030,Terara
5200000,Nusa Tenggara Barat,5203000,Lombok Timur,Kabupaten,5203031,Montong Gading
5200000,Nusa Tenggara Barat,5203000,Lombok Timur,Kabupaten,5203040,Sikur
5200000,Nusa Tenggara Barat,5203000,Lombok Timur,Kabupaten,5203050,Masbagik
5200000,Nusa Tenggara Barat,5203000,Lombok Timur,Kabupaten,5203051,Pringgasela
5200000,Nusa Tenggara Barat,5203000,Lombok Timur,Kabupaten,5203060,Sukamulia
5200000,Nusa Tenggara Barat,5203000,Lombok Timur,Kabupaten,5203061,Suralaga
5200000,Nusa Tenggara Barat,5203000,Lombok Timur,Kabupaten,5203070,Selong
5200000,Nusa Tenggara Barat,5203000,Lombok Timur,Kabupaten,5203071,Labuhan Haji
5200000,Nusa Tenggara Barat,5203000,Lombok Timur,Kabupaten,5203080,Pringgabaya
5200000,Nusa Tenggara Barat,5203000,Lombok Timur,Kabupaten,5203081,Suela
5200000,Nusa Tenggara Barat,5203000,Lombok Timur,Kabupaten,5203090,Aikmel
5200000,Nusa Tenggara Barat,5203000,Lombok Timur,Kabupaten,5203091,Wanasaba
5200000,Nusa Tenggara Barat,5203000,Lombok Timur,Kabupaten,5203092,Sembalun
5200000,Nusa Tenggara Barat,5203000,Lombok Timur,Kabupaten,5203093,Lenek
5200000,Nusa Tenggara Barat,5203000,Lombok Timur,Kabupaten,5203100,Sambelia
5200000,Nusa Tenggara Barat,5204000,Sumbawa,Kabupaten,5204020,Lunyuk
5200000,Nusa Tenggara Barat,5204000,Sumbawa,Kabupaten,5204021,Orong Telu
5200000,Nusa Tenggara Barat,5204000,Sumbawa,Kabupaten,5204050,Alas
5200000,Nusa Tenggara Barat,5204000,Sumbawa,Kabupaten,5204051,Alas Barat
5200000,Nusa Tenggara Barat,5204000,Sumbawa,Kabupaten,5204052,Buer
5200000,Nusa Tenggara Barat,5204000,Sumbawa,Kabupaten,5204061,Utan
5200000,Nusa Tenggara Barat,5204000,Sumbawa,Kabupaten,5204062,Rhee
5200000,Nusa Tenggara Barat,5204000,Sumbawa,Kabupaten,5204070,Batulanteh
5200000,Nusa Tenggara Barat,5204000,Sumbawa,Kabupaten,5204080,Sumbawa
5200000,Nusa Tenggara Barat,5204000,Sumbawa,Kabupaten,5204081,Labuhan Badas
5200000,Nusa Tenggara Barat,5204000,Sumbawa,Kabupaten,5204082,Unter Iwes
5200000,Nusa Tenggara Barat,5204000,Sumbawa,Kabupaten,5204090,Moyo Hilir
5200000,Nusa Tenggara Barat,5204000,Sumbawa,Kabupaten,5204091,Moyo Utara
5200000,Nusa Tenggara Barat,5204000,Sumbawa,Kabupaten,5204100,Moyo Hulu
5200000,Nusa Tenggara Barat,5204000,Sumbawa,Kabupaten,5204110,Ropang
5200000,Nusa Tenggara Barat,5204000,Sumbawa,Kabupaten,5204111,Lenangguar
5200000,Nusa Tenggara Barat,5204000,Sumbawa,Kabupaten,5204112,Lantung
5200000,Nusa Tenggara Barat,5204000,Sumbawa,Kabupaten,5204121,Lape
5200000,Nusa Tenggara Barat,5204000,Sumbawa,Kabupaten,5204122,Lopok
5200000,Nusa Tenggara Barat,5204000,Sumbawa,Kabupaten,5204130,Plampang
5200000,Nusa Tenggara Barat,5204000,Sumbawa,Kabupaten,5204131,Labangka
5200000,Nusa Tenggara Barat,5204000,Sumbawa,Kabupaten,5204132,Maronge
5200000,Nusa Tenggara Barat,5204000,Sumbawa,Kabupaten,5204140,Empang
5200000,Nusa Tenggara Barat,5204000,Sumbawa,Kabupaten,5204141,Tarano
5200000,Nusa Tenggara Barat,5205000,Dompu,Kabupaten,5205010,Hu'u
5200000,Nusa Tenggara Barat,5205000,Dompu,Kabupaten,5205011,Pajo
5200000,Nusa Tenggara Barat,5205000,Dompu,Kabupaten,5205020,Dompu
5200000,Nusa Tenggara Barat,5205000,Dompu,Kabupaten,5205030,Woja
5200000,Nusa Tenggara Barat,5205000,Dompu,Kabupaten,5205040,Kilo
5200000,Nusa Tenggara Barat,5205000,Dompu,Kabupaten,5205050,Kempo
5200000,Nusa Tenggara Barat,5205000,Dompu,Kabupaten,5205051,Manggalewa
5200000,Nusa Tenggara Barat,5205000,Dompu,Kabupaten,5205060,Pekat
5200000,Nusa Tenggara Barat,5206000,Bima,Kabupaten,5206010,Monta
5200000,Nusa Tenggara Barat,5206000,Bima,Kabupaten,5206011,Parado
5200000,Nusa Tenggara Barat,5206000,Bima,Kabupaten,5206020,Bolo
5200000,Nusa Tenggara Barat,5206000,Bima,Kabupaten,5206021,Mada Pangga
5200000,Nusa Tenggara Barat,5206000,Bima,Kabupaten,5206030,Woha
5200000,Nusa Tenggara Barat,5206000,Bima,Kabupaten,5206040,Belo
5200000,Nusa Tenggara Barat,5206000,Bima,Kabupaten,5206041,Palibelo
5200000,Nusa Tenggara Barat,5206000,Bima,Kabupaten,5206050,Wawo
5200000,Nusa Tenggara Barat,5206000,Bima,Kabupaten,5206051,Langgudu
5200000,Nusa Tenggara Barat,5206000,Bima,Kabupaten,5206052,Lambitu
5200000,Nusa Tenggara Barat,5206000,Bima,Kabupaten,5206060,Sape
5200000,Nusa Tenggara Barat,5206000,Bima,Kabupaten,5206061,Lambu
5200000,Nusa Tenggara Barat,5206000,Bima,Kabupaten,5206070,Wera
5200000,Nusa Tenggara Barat,5206000,Bima,Kabupaten,5206071,Ambalawi
5200000,Nusa Tenggara Barat,5206000,Bima,Kabupaten,5206080,Donggo
5200000,Nusa Tenggara Barat,5206000,Bima,Kabupaten,5206081,Soromandi
5200000,Nusa Tenggara Barat,5206000,Bima,Kabupaten,5206090,Sanggar
5200000,Nusa Tenggara Barat,5206000,Bima,Kabupaten,5206091,Tambora
5200000,Nusa Tenggara Barat,5207000,Sumbawa Barat,Kabupaten,5207010,Sekongkang
5200000,Nusa Tenggara Barat,5207000,Sumbawa Barat,Kabupaten,5207020,Jereweh
5200000,Nusa Tenggara Barat,5207000,Sumbawa Barat,Kabupaten,5207021,Maluk
5200000,Nusa Tenggara Barat,5207000,Sumbawa Barat,Kabupaten,5207030,Taliwang
5200000,Nusa Tenggara Barat,5207000,Sumbawa Barat,Kabupaten,5207031,Brang Ene
5200000,Nusa Tenggara Barat,5207000,Sumbawa Barat,Kabupaten,5207040,Brang Rea
5200000,Nusa Tenggara Barat,5207000,Sumbawa Barat,Kabupaten,5207050,Seteluk
5200000,Nusa Tenggara Barat,5207000,Sumbawa Barat,Kabupaten,5207051,Poto Tano
5200000,Nusa Tenggara Barat,5208000,Lombok Utara,Kabupaten,5208010,Pemenang
5200000,Nusa Tenggara Barat,5208000,Lombok Utara,Kabupaten,5208020,Tanjung
5200000,Nusa Tenggara Barat,5208000,Lombok Utara,Kabupaten,5208030,Gangga
5200000,Nusa Tenggara Barat,5208000,Lombok Utara,Kabupaten,5208040,Kayangan
5200000,Nusa Tenggara Barat,5208000,Lombok Utara,Kabupaten,5208050,Bayan
5200000,Nusa Tenggara Barat,5271000,Mataram,Kota,5271010,Ampenan
5200000,Nusa Tenggara Barat,5271000,Mataram,Kota,5271011,Sekarbela
5200000,Nusa Tenggara Barat,5271000,Mataram,Kota,5271020,Mataram
5200000,Nusa Tenggara Barat,5271000,Mataram,Kota,5271021,Selaparang
5200000,Nusa Tenggara Barat,5271000,Mataram,Kota,5271030,Cakranegara
5200000,Nusa Tenggara Barat,5271000,Mataram,Kota,5271031,Sandubaya
5200000,Nusa Tenggara Barat,5272000,Bima,Kota,5272010,Rasanae Barat
5200000,Nusa Tenggara Barat,5272000,Bima,Kota,5272011,Mpunda
5200000,Nusa Tenggara Barat,5272000,Bima,Kota,5272020,Rasanae Timur
5200000,Nusa Tenggara Barat,5272000,Bima,Kota,5272021,Raba
5200000,Nusa Tenggara Barat,5272000,Bima,Kota,5272030,Asakota
5300000,Nusa Tenggara Timur,5301000,Sumba Barat,Kabupaten,5301021,Lamboya
5300000,Nusa Tenggara Timur,5301000,Sumba Barat,Kabupaten,5301022,Wanokaka
5300000,Nusa Tenggara Timur,5301000,Sumba Barat,Kabupaten,5301023,Laboya Barat
5300000,Nusa Tenggara Timur,5301000,Sumba Barat,Kabupaten,5301050,Loli
5300000,Nusa Tenggara Timur,5301000,Sumba Barat,Kabupaten,5301060,Kota Waikabubak
5300000,Nusa Tenggara Timur,5301000,Sumba Barat,Kabupaten,5301072,Tana Righu
5300000,Nusa Tenggara Timur,5302000,Sumba Timur,Kabupaten,5302010,Lewa
5300000,Nusa Tenggara Timur,5302000,Sumba Timur,Kabupaten,5302011,Nggaha Oriangu
5300000,Nusa Tenggara Timur,5302000,Sumba Timur,Kabupaten,5302012,Lewa Tidahu
5300000,Nusa Tenggara Timur,5302000,Sumba Timur,Kabupaten,5302013,Katala Hamu Lingu
5300000,Nusa Tenggara Timur,5302000,Sumba Timur,Kabupaten,5302020,Tabundung
5300000,Nusa Tenggara Timur,5302000,Sumba Timur,Kabupaten,5302021,Pinupahar
5300000,Nusa Tenggara Timur,5302000,Sumba Timur,Kabupaten,5302030,Paberiwai
5300000,Nusa Tenggara Timur,5302000,Sumba Timur,Kabupaten,5302031,Karera
5300000,Nusa Tenggara Timur,5302000,Sumba Timur,Kabupaten,5302032,Matawai La Pawu
5300000,Nusa Tenggara Timur,5302000,Sumba Timur,Kabupaten,5302033,Kahaungu Eti
5300000,Nusa Tenggara Timur,5302000,Sumba Timur,Kabupaten,5302034,Mahu
5300000,Nusa Tenggara Timur,5302000,Sumba Timur,Kabupaten,5302035,Ngadu Ngala
5300000,Nusa Tenggara Timur,5302000,Sumba Timur,Kabupaten,5302040,Pahunga Lodu
5300000,Nusa Tenggara Timur,5302000,Sumba Timur,Kabupaten,5302041,Wula Waijelu
5300000,Nusa Tenggara Timur,5302000,Sumba Timur,Kabupaten,5302051,Rindi
5300000,Nusa Tenggara Timur,5302000,Sumba Timur,Kabupaten,5302052,Umalulu
5300000,Nusa Tenggara Timur,5302000,Sumba Timur,Kabupaten,5302060,Pandawai
5300000,Nusa Tenggara Timur,5302000,Sumba Timur,Kabupaten,5302061,Kambata Mapambuhang
5300000,Nusa Tenggara Timur,5302000,Sumba Timur,Kabupaten,5302070,Kota Waingapu
5300000,Nusa Tenggara Timur,5302000,Sumba Timur,Kabupaten,5302071,Kambera
5300000,Nusa Tenggara Timur,5302000,Sumba Timur,Kabupaten,5302080,Haharu
5300000,Nusa Tenggara Timur,5302000,Sumba Timur,Kabupaten,5302081,Kanatang
5300000,Nusa Tenggara Timur,5303000,Kupang,Kabupaten,5303100,Semau
5300000,Nusa Tenggara Timur,5303000,Kupang,Kabupaten,5303101,Semau Selatan
5300000,Nusa Tenggara Timur,5303000,Kupang,Kabupaten,5303110,Kupang Barat
5300000,Nusa Tenggara Timur,5303000,Kupang,Kabupaten,5303111,Nekamese
5300000,Nusa Tenggara Timur,5303000,Kupang,Kabupaten,5303120,Kupang Tengah
5300000,Nusa Tenggara Timur,5303000,Kupang,Kabupaten,5303121,Taebenu
5300000,Nusa Tenggara Timur,5303000,Kupang,Kabupaten,5303130,Amarasi
5300000,Nusa Tenggara Timur,5303000,Kupang,Kabupaten,5303131,Amarasi Barat
5300000,Nusa Tenggara Timur,5303000,Kupang,Kabupaten,5303132,Amarasi Selatan
5300000,Nusa Tenggara Timur,5303000,Kupang,Kabupaten,5303133,Amarasi Timur
5300000,Nusa Tenggara Timur,5303000,Kupang,Kabupaten,5303140,Kupang Timur
5300000,Nusa Tenggara Timur,5303000,Kupang,Kabupaten,5303141,Amabi Oefeto Timur
5300000,Nusa Tenggara Timur,5303000,Kupang,Kabupaten,5303142,Amabi Oefeto
5300000,Nusa Tenggara Timur,5303000,Kupang,Kabupaten,5303150,Sulamu
5300000,Nusa Tenggara Timur,5303000,Kupang,Kabupaten,5303160,Fatuleu
5300000,Nusa Tenggara Timur,5303000,Kupang,Kabupaten,5303161,Fatuleu Tengah
5300000,Nusa Tenggara Timur,5303000,Kupang,Kabupaten,5303162,Fatuleu Barat
5300000,Nusa Tenggara Timur,5303000,Kupang,Kabupaten,5303170,Takari
5300000,Nusa Tenggara Timur,5303000,Kupang,Kabupaten,5303180,Amfoang Selatan
5300000,Nusa Tenggara Timur,5303000,Kupang,Kabupaten,5303181,Amfoang Barat Daya
5300000,Nusa Tenggara Timur,5303000,Kupang,Kabupaten,5303182,Amfoang Tengah
5300000,Nusa Tenggara Timur,5303000,Kupang,Kabupaten,5303190,Amfoang Utara
5300000,Nusa Tenggara Timur,5303000,Kupang,Kabupaten,5303191,Amfoang Barat Laut
5300000,Nusa Tenggara Timur,5303000,Kupang,Kabupaten,5303192,Amfoang Timur
5300000,Nusa Tenggara Timur,5304000,Timor Tengah Selatan,Kabupaten,5304010,Mollo Utara
5300000,Nusa Tenggara Timur,5304000,Timor Tengah Selatan,Kabupaten,5304011,Fatumnasi
5300000,Nusa Tenggara Timur,5304000,Timor Tengah Selatan,Kabupaten,5304012,Tobu
5300000,Nusa Tenggara Timur,5304000,Timor Tengah Selatan,Kabupaten,5304013,Nunbena
5300000,Nusa Tenggara Timur,5304000,Timor Tengah Selatan,Kabupaten,5304020,Mollo Selatan
5300000,Nusa Tenggara Timur,5304000,Timor Tengah Selatan,Kabupaten,5304021,Polen
5300000,Nusa Tenggara Timur,5304000,Timor Tengah Selatan,Kabupaten,5304022,Mollo Barat
5300000,Nusa Tenggara Timur,5304000,Timor Tengah Selatan,Kabupaten,5304023,Mollo Tengah
5300000,Nusa Tenggara Timur,5304000,Timor Tengah Selatan,Kabupaten,5304030,Kota Soe
5300000,Nusa Tenggara Timur,5304000,Timor Tengah Selatan,Kabupaten,5304040,Amanuban Barat
5300000,Nusa Tenggara Timur,5304000,Timor Tengah Selatan,Kabupaten,5304041,Batu Putih
5300000,Nusa Tenggara Timur,5304000,Timor Tengah Selatan,Kabupaten,5304042,Kuatnana
5300000,Nusa Tenggara Timur,5304000,Timor Tengah Selatan,Kabupaten,5304050,Amanuban Selatan
5300000,Nusa Tenggara Timur,5304000,Timor Tengah Selatan,Kabupaten,5304051,Noebeba
5300000,Nusa Tenggara Timur,5304000,Timor Tengah Selatan,Kabupaten,5304060,Kuan Fatu
5300000,Nusa Tenggara Timur,5304000,Timor Tengah Selatan,Kabupaten,5304061,Kualin
5300000,Nusa Tenggara Timur,5304000,Timor Tengah Selatan,Kabupaten,5304070,Amanuban Tengah
5300000,Nusa Tenggara Timur,5304000,Timor Tengah Selatan,Kabupaten,5304071,Kolbano
5300000,Nusa Tenggara Timur,5304000,Timor Tengah Selatan,Kabupaten,5304072,Oenino
5300000,Nusa Tenggara Timur,5304000,Timor Tengah Selatan,Kabupaten,5304080,Amanuban Timur
5300000,Nusa Tenggara Timur,5304000,Timor Tengah Selatan,Kabupaten,5304081,Fautmolo
5300000,Nusa Tenggara Timur,5304000,Timor Tengah Selatan,Kabupaten,5304082,Fatukopa
5300000,Nusa Tenggara Timur,5304000,Timor Tengah Selatan,Kabupaten,5304090,Kie
5300000,Nusa Tenggara Timur,5304000,Timor Tengah Selatan,Kabupaten,5304091,Kot'olin
5300000,Nusa Tenggara Timur,5304000,Timor Tengah Selatan,Kabupaten,5304100,Amanatun Selatan
5300000,Nusa Tenggara Timur,5304000,Timor Tengah Selatan,Kabupaten,5304101,Boking
5300000,Nusa Tenggara Timur,5304000,Timor Tengah Selatan,Kabupaten,5304102,Nunkolo
5300000,Nusa Tenggara Timur,5304000,Timor Tengah Selatan,Kabupaten,5304103,Noebana
5300000,Nusa Tenggara Timur,5304000,Timor Tengah Selatan,Kabupaten,5304104,Santian
5300000,Nusa Tenggara Timur,5304000,Timor Tengah Selatan,Kabupaten,5304110,Amanatun Utara
5300000,Nusa Tenggara Timur,5304000,Timor Tengah Selatan,Kabupaten,5304111,Toianas
5300000,Nusa Tenggara Timur,5304000,Timor Tengah Selatan,Kabupaten,5304112,Kokbaun
5300000,Nusa Tenggara Timur,5305000,Timor Tengah Utara,Kabupaten,5305010,Miomaffo Barat
5300000,Nusa Tenggara Timur,5305000,Timor Tengah Utara,Kabupaten,5305011,Miomaffo Tengah
5300000,Nusa Tenggara Timur,5305000,Timor Tengah Utara,Kabupaten,5305012,Musi
5300000,Nusa Tenggara Timur,5305000,Timor Tengah Utara,Kabupaten,5305013,Mutis
5300000,Nusa Tenggara Timur,5305000,Timor Tengah Utara,Kabupaten,5305020,Miomaffo Timur
5300000,Nusa Tenggara Timur,5305000,Timor Tengah Utara,Kabupaten,5305021,Noemuti
5300000,Nusa Tenggara Timur,5305000,Timor Tengah Utara,Kabupaten,5305022,Bikomi Selatan
5300000,Nusa Tenggara Timur,5305000,Timor Tengah Utara,Kabupaten,5305023,Bikomi Tengah
5300000,Nusa Tenggara Timur,5305000,Timor Tengah Utara,Kabupaten,5305024,Bikomi Nilulat
5300000,Nusa Tenggara Timur,5305000,Timor Tengah Utara,Kabupaten,5305025,Bikomi Utara
5300000,Nusa Tenggara Timur,5305000,Timor Tengah Utara,Kabupaten,5305026,Naibenu
5300000,Nusa Tenggara Timur,5305000,Timor Tengah Utara,Kabupaten,5305027,Noemuti Timur
5300000,Nusa Tenggara Timur,5305000,Timor Tengah Utara,Kabupaten,5305030,Kota Kefamenanu
5300000,Nusa Tenggara Timur,5305000,Timor Tengah Utara,Kabupaten,5305040,Insana
5300000,Nusa Tenggara Timur,5305000,Timor Tengah Utara,Kabupaten,5305041,Insana Utara
5300000,Nusa Tenggara Timur,5305000,Timor Tengah Utara,Kabupaten,5305042,Insana Barat
5300000,Nusa Tenggara Timur,5305000,Timor Tengah Utara,Kabupaten,5305043,Insana Tengah
5300000,Nusa Tenggara Timur,5305000,Timor Tengah Utara,Kabupaten,5305044,Insana Fafinesu
5300000,Nusa Tenggara Timur,5305000,Timor Tengah Utara,Kabupaten,5305050,Biboki Selatan
5300000,Nusa Tenggara Timur,5305000,Timor Tengah Utara,Kabupaten,5305051,Biboki Tanpah
5300000,Nusa Tenggara Timur,5305000,Timor Tengah Utara,Kabupaten,5305052,Biboki Moenleu
5300000,Nusa Tenggara Timur,5305000,Timor Tengah Utara,Kabupaten,5305060,Biboki Utara
5300000,Nusa Tenggara Timur,5305000,Timor Tengah Utara,Kabupaten,5305061,Biboki Anleu
5300000,Nusa Tenggara Timur,5305000,Timor Tengah Utara,Kabupaten,5305062,Biboki Feotleu
5300000,Nusa Tenggara Timur,5306000,Belu,Kabupaten,5306032,Rai Manuk
5300000,Nusa Tenggara Timur,5306000,Belu,Kabupaten,5306050,Tasifeto Barat
5300000,Nusa Tenggara Timur,5306000,Belu,Kabupaten,5306051,Kakuluk Mesak
5300000,Nusa Tenggara Timur,5306000,Belu,Kabupaten,5306052,Nanaet Duabesi
5300000,Nusa Tenggara Timur,5306000,Belu,Kabupaten,5306060,Atambua
5300000,Nusa Tenggara Timur,5306000,Belu,Kabupaten,5306061,Atambua Barat
5300000,Nusa Tenggara Timur,5306000,Belu,Kabupaten,5306062,Atambua Selatan
5300000,Nusa Tenggara Timur,5306000,Belu,Kabupaten,5306070,Tasifeto Timur
5300000,Nusa Tenggara Timur,5306000,Belu,Kabupaten,5306071,Raihat
5300000,Nusa Tenggara Timur,5306000,Belu,Kabupaten,5306072,Lasiolat
5300000,Nusa Tenggara Timur,5306000,Belu,Kabupaten,5306080,Lamaknen
5300000,Nusa Tenggara Timur,5306000,Belu,Kabupaten,5306081,Lamaknen Selatan
5300000,Nusa Tenggara Timur,5307000,Alor,Kabupaten,5307010,Pantar
5300000,Nusa Tenggara Timur,5307000,Alor,Kabupaten,5307011,Pantar Barat
5300000,Nusa Tenggara Timur,5307000,Alor,Kabupaten,5307012,Pantar Timur
5300000,Nusa Tenggara Timur,5307000,Alor,Kabupaten,5307013,Pantar Barat Laut
5300000,Nusa Tenggara Timur,5307000,Alor,Kabupaten,5307014,Pantar Tengah
5300000,Nusa Tenggara Timur,5307000,Alor,Kabupaten,5307020,Alor Barat Daya
5300000,Nusa Tenggara Timur,5307000,Alor,Kabupaten,5307021,Mataru
5300000,Nusa Tenggara Timur,5307000,Alor,Kabupaten,5307022,Abad Selatan
5300000,Nusa Tenggara Timur,5307000,Alor,Kabupaten,5307030,Alor Selatan
5300000,Nusa Tenggara Timur,5307000,Alor,Kabupaten,5307040,Alor Timur
5300000,Nusa Tenggara Timur,5307000,Alor,Kabupaten,5307041,Alor Timur Laut
5300000,Nusa Tenggara Timur,5307000,Alor,Kabupaten,5307042,Pureman
5300000,Nusa Tenggara Timur,5307000,Alor,Kabupaten,5307050,Teluk Mutiara
5300000,Nusa Tenggara Timur,5307000,Alor,Kabupaten,5307051,Kabola
5300000,Nusa Tenggara Timur,5307000,Alor,Kabupaten,5307060,Alor Barat Laut
5300000,Nusa Tenggara Timur,5307000,Alor,Kabupaten,5307061,Alor Tengah Utara
5300000,Nusa Tenggara Timur,5307000,Alor,Kabupaten,5307062,Pulau Pura
5300000,Nusa Tenggara Timur,5307000,Alor,Kabupaten,5307063,Lembur
5300000,Nusa Tenggara Timur,5308000,Lembata,Kabupaten,5308010,Nagawutung
5300000,Nusa Tenggara Timur,5308000,Lembata,Kabupaten,5308011,Wulandoni
5300000,Nusa Tenggara Timur,5308000,Lembata,Kabupaten,5308020,Atadei
5300000,Nusa Tenggara Timur,5308000,Lembata,Kabupaten,5308030,Ile Ape
5300000,Nusa Tenggara Timur,5308000,Lembata,Kabupaten,5308031,Ile Ape Timur
5300000,Nusa Tenggara Timur,5308000,Lembata,Kabupaten,5308040,Lebatukan
5300000,Nusa Tenggara Timur,5308000,Lembata,Kabupaten,5308050,Nubatukan
5300000,Nusa Tenggara Timur,5308000,Lembata,Kabupaten,5308060,Omesuri
5300000,Nusa Tenggara Timur,5308000,Lembata,Kabupaten,5308070,Buyasari
5300000,Nusa Tenggara Timur,5309000,Flores Timur,Kabupaten,5309010,Wulanggitang
5300000,Nusa Tenggara Timur,5309000,Flores Timur,Kabupaten,5309011,Titehena
5300000,Nusa Tenggara Timur,5309000,Flores Timur,Kabupaten,5309012,Ilebura
5300000,Nusa Tenggara Timur,5309000,Flores Timur,Kabupaten,5309020,Tanjung Bunga
5300000,Nusa Tenggara Timur,5309000,Flores Timur,Kabupaten,5309021,Lewo Lema
5300000,Nusa Tenggara Timur,5309000,Flores Timur,Kabupaten,5309030,Larantuka
5300000,Nusa Tenggara Timur,5309000,Flores Timur,Kabupaten,5309031,Ile Mandiri
5300000,Nusa Tenggara Timur,5309000,Flores Timur,Kabupaten,5309032,Demon Pagong
5300000,Nusa Tenggara Timur,5309000,Flores Timur,Kabupaten,5309040,Solor Barat
5300000,Nusa Tenggara Timur,5309000,Flores Timur,Kabupaten,5309041,Solor Selatan
5300000,Nusa Tenggara Timur,5309000,Flores Timur,Kabupaten,5309050,Solor Timur
5300000,Nusa Tenggara Timur,5309000,Flores Timur,Kabupaten,5309060,Adonara Barat
5300000,Nusa Tenggara Timur,5309000,Flores Timur,Kabupaten,5309061,Wotan Ulu Mado
5300000,Nusa Tenggara Timur,5309000,Flores Timur,Kabupaten,5309062,Adonara Tengah
5300000,Nusa Tenggara Timur,5309000,Flores Timur,Kabupaten,5309070,Adonara Timur
5300000,Nusa Tenggara Timur,5309000,Flores Timur,Kabupaten,5309071,Ile Boleng
5300000,Nusa Tenggara Timur,5309000,Flores Timur,Kabupaten,5309072,Witihama
5300000,Nusa Tenggara Timur,5309000,Flores Timur,Kabupaten,5309073,Kelubagolit
5300000,Nusa Tenggara Timur,5309000,Flores Timur,Kabupaten,5309074,Adonara
5300000,Nusa Tenggara Timur,5310000,Sikka,Kabupaten,5310010,Paga
5300000,Nusa Tenggara Timur,5310000,Sikka,Kabupaten,5310011,Mego
5300000,Nusa Tenggara Timur,5310000,Sikka,Kabupaten,5310012,Tana Wawo
5300000,Nusa Tenggara Timur,5310000,Sikka,Kabupaten,5310020,Lela
5300000,Nusa Tenggara Timur,5310000,Sikka,Kabupaten,5310030,Bola
5300000,Nusa Tenggara Timur,5310000,Sikka,Kabupaten,5310031,Doreng
5300000,Nusa Tenggara Timur,5310000,Sikka,Kabupaten,5310032,Mapitara
5300000,Nusa Tenggara Timur,5310000,Sikka,Kabupaten,5310040,Talibura
5300000,Nusa Tenggara Timur,5310000,Sikka,Kabupaten,5310041,Waigete
5300000,Nusa Tenggara Timur,5310000,Sikka,Kabupaten,5310042,Waiblama
5300000,Nusa Tenggara Timur,5310000,Sikka,Kabupaten,5310050,Kewapante
5300000,Nusa Tenggara Timur,5310000,Sikka,Kabupaten,5310051,Hewokloang
5300000,Nusa Tenggara Timur,5310000,Sikka,Kabupaten,5310052,Kangae
5300000,Nusa Tenggara Timur,5310000,Sikka,Kabupaten,5310061,Palue
5300000,Nusa Tenggara Timur,5310000,Sikka,Kabupaten,5310062,Koting
5300000,Nusa Tenggara Timur,5310000,Sikka,Kabupaten,5310063,Nelle
5300000,Nusa Tenggara Timur,5310000,Sikka,Kabupaten,5310070,Nita
5300000,Nusa Tenggara Timur,5310000,Sikka,Kabupaten,5310071,Magepanda
5300000,Nusa Tenggara Timur,5310000,Sikka,Kabupaten,5310080,Alok
5300000,Nusa Tenggara Timur,5310000,Sikka,Kabupaten,5310081,Alok Barat
5300000,Nusa Tenggara Timur,5310000,Sikka,Kabupaten,5310082,Alok Timur
5300000,Nusa Tenggara Timur,5311000,Ende,Kabupaten,5311010,Nangapanda
5300000,Nusa Tenggara Timur,5311000,Ende,Kabupaten,5311011,Pulau Ende
5300000,Nusa Tenggara Timur,5311000,Ende,Kabupaten,5311012,Maukaro
5300000,Nusa Tenggara Timur,5311000,Ende,Kabupaten,5311020,Ende
5300000,Nusa Tenggara Timur,5311000,Ende,Kabupaten,5311030,Ende Selatan
5300000,Nusa Tenggara Timur,5311000,Ende,Kabupaten,5311031,Ende Timur
5300000,Nusa Tenggara Timur,5311000,Ende,Kabupaten,5311032,Ende Tengah
5300000,Nusa Tenggara Timur,5311000,Ende,Kabupaten,5311033,Ende Utara
5300000,Nusa Tenggara Timur,5311000,Ende,Kabupaten,5311040,Ndona
5300000,Nusa Tenggara Timur,5311000,Ende,Kabupaten,5311041,Ndona Timur
5300000,Nusa Tenggara Timur,5311000,Ende,Kabupaten,5311050,Wolowaru
5300000,Nusa Tenggara Timur,5311000,Ende,Kabupaten,5311051,Wolojita
5300000,Nusa Tenggara Timur,5311000,Ende,Kabupaten,5311052,Lio Timur
5300000,Nusa Tenggara Timur,5311000,Ende,Kabupaten,5311053,Kelimutu
5300000,Nusa Tenggara Timur,5311000,Ende,Kabupaten,5311054,Ndori
5300000,Nusa Tenggara Timur,5311000,Ende,Kabupaten,5311060,Maurole
5300000,Nusa Tenggara Timur,5311000,Ende,Kabupaten,5311061,Kotabaru
5300000,Nusa Tenggara Timur,5311000,Ende,Kabupaten,5311062,Detukeli
5300000,Nusa Tenggara Timur,5311000,Ende,Kabupaten,5311063,Lepembusu Kelisoke
5300000,Nusa Tenggara Timur,5311000,Ende,Kabupaten,5311070,Detusoko
5300000,Nusa Tenggara Timur,5311000,Ende,Kabupaten,5311071,Wewaria
5300000,Nusa Tenggara Timur,5312000,Ngada,Kabupaten,5312010,Aimere
5300000,Nusa Tenggara Timur,5312000,Ngada,Kabupaten,5312011,Jerebuu
5300000,Nusa Tenggara Timur,5312000,Ngada,Kabupaten,5312012,Inerie
5300000,Nusa Tenggara Timur,5312000,Ngada,Kabupaten,5312020,Bajawa
5300000,Nusa Tenggara Timur,5312000,Ngada,Kabupaten,5312030,Golewa
5300000,Nusa Tenggara Timur,5312000,Ngada,Kabupaten,5312031,Golewa Selatan
5300000,Nusa Tenggara Timur,5312000,Ngada,Kabupaten,5312032,Golewa Barat
5300000,Nusa Tenggara Timur,5312000,Ngada,Kabupaten,5312070,Bajawa Utara
5300000,Nusa Tenggara Timur,5312000,Ngada,Kabupaten,5312071,Soa
5300000,Nusa Tenggara Timur,5312000,Ngada,Kabupaten,5312080,Riung
5300000,Nusa Tenggara Timur,5312000,Ngada,Kabupaten,5312081,Riung Barat
5300000,Nusa Tenggara Timur,5312000,Ngada,Kabupaten,5312082,Wolomeze
5300000,Nusa Tenggara Timur,5313000,Manggarai,Kabupaten,5313040,Satar Mese
5300000,Nusa Tenggara Timur,5313000,Manggarai,Kabupaten,5313041,Satar Mese Barat
5300000,Nusa Tenggara Timur,5313000,Manggarai,Kabupaten,5313042,Satar Mese Utara
5300000,Nusa Tenggara Timur,5313000,Manggarai,Kabupaten,5313110,Langke Rembong
5300000,Nusa Tenggara Timur,5313000,Manggarai,Kabupaten,5313120,Ruteng
5300000,Nusa Tenggara Timur,5313000,Manggarai,Kabupaten,5313121,Wae Rii
5300000,Nusa Tenggara Timur,5313000,Manggarai,Kabupaten,5313122,Lelak
5300000,Nusa Tenggara Timur,5313000,Manggarai,Kabupaten,5313123,Rahong Utara
5300000,Nusa Tenggara Timur,5313000,Manggarai,Kabupaten,5313130,Cibal
5300000,Nusa Tenggara Timur,5313000,Manggarai,Kabupaten,5313131,Cibal Barat
5300000,Nusa Tenggara Timur,5313000,Manggarai,Kabupaten,5313140,Reok
5300000,Nusa Tenggara Timur,5313000,Manggarai,Kabupaten,5313141,Reok Barat
5300000,Nusa Tenggara Timur,5314000,Rote Ndao,Kabupaten,5314010,Rote Barat Daya
5300000,Nusa Tenggara Timur,5314000,Rote Ndao,Kabupaten,5314020,Rote Barat Laut
5300000,Nusa Tenggara Timur,5314000,Rote Ndao,Kabupaten,5314021,Loaholu
5300000,Nusa Tenggara Timur,5314000,Rote Ndao,Kabupaten,5314030,Lobalain
5300000,Nusa Tenggara Timur,5314000,Rote Ndao,Kabupaten,5314040,Rote Tengah
5300000,Nusa Tenggara Timur,5314000,Rote Ndao,Kabupaten,5314041,Rote Selatan
5300000,Nusa Tenggara Timur,5314000,Rote Ndao,Kabupaten,5314050,Pantai Baru
5300000,Nusa Tenggara Timur,5314000,Rote Ndao,Kabupaten,5314060,Rote Timur
5300000,Nusa Tenggara Timur,5314000,Rote Ndao,Kabupaten,5314061,Landu Leko
5300000,Nusa Tenggara Timur,5314000,Rote Ndao,Kabupaten,5314070,Rote Barat
5300000,Nusa Tenggara Timur,5314000,Rote Ndao,Kabupaten,5314071,Ndao Nuse
5300000,Nusa Tenggara Timur,5315000,Manggarai Barat,Kabupaten,5315010,Komodo
5300000,Nusa Tenggara Timur,5315000,Manggarai Barat,Kabupaten,5315011,Boleng
5300000,Nusa Tenggara Timur,5315000,Manggarai Barat,Kabupaten,5315020,Sano Nggoang
5300000,Nusa Tenggara Timur,5315000,Manggarai Barat,Kabupaten,5315021,Mbeliling
5300000,Nusa Tenggara Timur,5315000,Manggarai Barat,Kabupaten,5315030,Lembor
5300000,Nusa Tenggara Timur,5315000,Manggarai Barat,Kabupaten,5315031,Welak
5300000,Nusa Tenggara Timur,5315000,Manggarai Barat,Kabupaten,5315032,Lembor Selatan
5300000,Nusa Tenggara Timur,5315000,Manggarai Barat,Kabupaten,5315040,Kuwus
5300000,Nusa Tenggara Timur,5315000,Manggarai Barat,Kabupaten,5315041,Ndoso
5300000,Nusa Tenggara Timur,5315000,Manggarai Barat,Kabupaten,5315042,Kuwus Barat
5300000,Nusa Tenggara Timur,5315000,Manggarai Barat,Kabupaten,5315050,Macang Pacar
5300000,Nusa Tenggara Timur,5315000,Manggarai Barat,Kabupaten,5315051,Pacar
5300000,Nusa Tenggara Timur,5316000,Sumba Tengah,Kabupaten,5316010,Katikutana
5300000,Nusa Tenggara Timur,5316000,Sumba Tengah,Kabupaten,5316011,Katikutana Selatan
5300000,Nusa Tenggara Timur,5316000,Sumba Tengah,Kabupaten,5316020,Umbu Ratu Nggay Barat
5300000,Nusa Tenggara Timur,5316000,Sumba Tengah,Kabupaten,5316030,Umbu Ratu Nggay
5300000,Nusa Tenggara Timur,5316000,Sumba Tengah,Kabupaten,5316031,Umbu Ratu Nggay Tengah
5300000,Nusa Tenggara Timur,5316000,Sumba Tengah,Kabupaten,5316040,Mamboro
5300000,Nusa Tenggara Timur,5317000,Sumba Barat Daya,Kabupaten,5317010,Kodi Bangedo
5300000,Nusa Tenggara Timur,5317000,Sumba Barat Daya,Kabupaten,5317011,Kodi Balaghar
5300000,Nusa Tenggara Timur,5317000,Sumba Barat Daya,Kabupaten,5317020,Kodi
5300000,Nusa Tenggara Timur,5317000,Sumba Barat Daya,Kabupaten,5317030,Kodi Utara
5300000,Nusa Tenggara Timur,5317000,Sumba Barat Daya,Kabupaten,5317040,Wewewa Selatan
5300000,Nusa Tenggara Timur,5317000,Sumba Barat Daya,Kabupaten,5317050,Wewewa Barat
5300000,Nusa Tenggara Timur,5317000,Sumba Barat Daya,Kabupaten,5317060,Wewewa Timur
5300000,Nusa Tenggara Timur,5317000,Sumba Barat Daya,Kabupaten,5317061,Wewewa Tengah
5300000,Nusa Tenggara Timur,5317000,Sumba Barat Daya,Kabupaten,5317070,Wewewa Utara
5300000,Nusa Tenggara Timur,5317000,Sumba Barat Daya,Kabupaten,5317080,Loura
5300000,Nusa Tenggara Timur,5317000,Sumba Barat Daya,Kabupaten,5317081,Kota Tambolaka
5300000,Nusa Tenggara Timur,5318000,Nagekeo,Kabupaten,5318010,Mauponggo
5300000,Nusa Tenggara Timur,5318000,Nagekeo,Kabupaten,5318020,Keo Tengah
5300000,Nusa Tenggara Timur,5318000,Nagekeo,Kabupaten,5318030,Nangaroro
5300000,Nusa Tenggara Timur,5318000,Nagekeo,Kabupaten,5318040,Boawae
5300000,Nusa Tenggara Timur,5318000,Nagekeo,Kabupaten,5318050,Aesesa Selatan
5300000,Nusa Tenggara Timur,5318000,Nagekeo,Kabupaten,5318060,Aesesa
5300000,Nusa Tenggara Timur,5318000,Nagekeo,Kabupaten,5318070,Wolowae
5300000,Nusa Tenggara Timur,5319000,Manggarai Timur,Kabupaten,5319010,Borong
5300000,Nusa Tenggara Timur,5319000,Manggarai Timur,Kabupaten,5319011,Rana Mese
5300000,Nusa Tenggara Timur,5319000,Manggarai Timur,Kabupaten,5319020,Kota Komba
5300000,Nusa Tenggara Timur,5319000,Manggarai Timur,Kabupaten,5319021,Kota Komba Utara
5300000,Nusa Tenggara Timur,5319000,Manggarai Timur,Kabupaten,5319030,Elar
5300000,Nusa Tenggara Timur,5319000,Manggarai Timur,Kabupaten,5319031,Elar Selatan
5300000,Nusa Tenggara Timur,5319000,Manggarai Timur,Kabupaten,5319040,Sambi Rampas
5300000,Nusa Tenggara Timur,5319000,Manggarai Timur,Kabupaten,5319041,Congkar
5300000,Nusa Tenggara Timur,5319000,Manggarai Timur,Kabupaten,5319050,Lamba Leda Selatan
5300000,Nusa Tenggara Timur,5319000,Manggarai Timur,Kabupaten,5319051,Lamba Leda Timur
5300000,Nusa Tenggara Timur,5319000,Manggarai Timur,Kabupaten,5319060,Lamba Leda
5300000,Nusa Tenggara Timur,5319000,Manggarai Timur,Kabupaten,5319061,Lamba Leda Utara
5300000,Nusa Tenggara Timur,5320000,Sabu Raijua,Kabupaten,5320010,Raijua
5300000,Nusa Tenggara Timur,5320000,Sabu Raijua,Kabupaten,5320020,Hawu Mehara
5300000,Nusa Tenggara Timur,5320000,Sabu Raijua,Kabupaten,5320030,Sabu Liae
5300000,Nusa Tenggara Timur,5320000,Sabu Raijua,Kabupaten,5320040,Sabu Barat
5300000,Nusa Tenggara Timur,5320000,Sabu Raijua,Kabupaten,5320050,Sabu Tengah
5300000,Nusa Tenggara Timur,5320000,Sabu Raijua,Kabupaten,5320060,Sabu Timur
5300000,Nusa Tenggara Timur,5321000,Malaka,Kabupaten,5321010,Wewiku
5300000,Nusa Tenggara Timur,5321000,Malaka,Kabupaten,5321020,Malaka Barat
5300000,Nusa Tenggara Timur,5321000,Malaka,Kabupaten,5321030,Weliman
5300000,Nusa Tenggara Timur,5321000,Malaka,Kabupaten,5321040,Rinhat
5300000,Nusa Tenggara Timur,5321000,Malaka,Kabupaten,5321050,Io Kufeu
5300000,Nusa Tenggara Timur,5321000,Malaka,Kabupaten,5321060,Sasita Mean
5300000,Nusa Tenggara Timur,5321000,Malaka,Kabupaten,5321070,Malaka Tengah
5300000,Nusa Tenggara Timur,5321000,Malaka,Kabupaten,5321080,Botin Leobele
5300000,Nusa Tenggara Timur,5321000,Malaka,Kabupaten,5321090,Laen Manen
5300000,Nusa Tenggara Timur,5321000,Malaka,Kabupaten,5321100,Malaka Timur
5300000,Nusa Tenggara Timur,5321000,Malaka,Kabupaten,5321110,Kobalima
5300000,Nusa Tenggara Timur,5321000,Malaka,Kabupaten,5321120,Kobalima Timur
5300000,Nusa Tenggara Timur,5371000,Kupang,Kota,5371010,Alak
5300000,Nusa Tenggara Timur,5371000,Kupang,Kota,5371020,Maulafa
5300000,Nusa Tenggara Timur,5371000,Kupang,Kota,5371030,Oebobo
5300000,Nusa Tenggara Timur,5371000,Kupang,Kota,5371031,Kota Raja
5300000,Nusa Tenggara Timur,5371000,Kupang,Kota,5371040,Kelapa Lima
5300000,Nusa Tenggara Timur,5371000,Kupang,Kota,5371041,Kota Lama
6100000,Kalimantan Barat,6101000,Sambas,Kabupaten,6101010,Selakau
6100000,Kalimantan Barat,6101000,Sambas,Kabupaten,6101011,Selakau Timur
6100000,Kalimantan Barat,6101000,Sambas,Kabupaten,6101020,Pemangkat
6100000,Kalimantan Barat,6101000,Sambas,Kabupaten,6101021,Semparuk
6100000,Kalimantan Barat,6101000,Sambas,Kabupaten,6101022,Salatiga
6100000,Kalimantan Barat,6101000,Sambas,Kabupaten,6101030,Tebas
6100000,Kalimantan Barat,6101000,Sambas,Kabupaten,6101031,Tekarang
6100000,Kalimantan Barat,6101000,Sambas,Kabupaten,6101040,Sambas
6100000,Kalimantan Barat,6101000,Sambas,Kabupaten,6101041,Subah
6100000,Kalimantan Barat,6101000,Sambas,Kabupaten,6101042,Sebawi
6100000,Kalimantan Barat,6101000,Sambas,Kabupaten,6101043,Sajad
6100000,Kalimantan Barat,6101000,Sambas,Kabupaten,6101050,Jawai
6100000,Kalimantan Barat,6101000,Sambas,Kabupaten,6101051,Jawai Selatan
6100000,Kalimantan Barat,6101000,Sambas,Kabupaten,6101060,Teluk Keramat
6100000,Kalimantan Barat,6101000,Sambas,Kabupaten,6101061,Galing
6100000,Kalimantan Barat,6101000,Sambas,Kabupaten,6101062,Tangaran
6100000,Kalimantan Barat,6101000,Sambas,Kabupaten,6101070,Sejangkung
6100000,Kalimantan Barat,6101000,Sambas,Kabupaten,6101080,Sajingan Besar
6100000,Kalimantan Barat,6101000,Sambas,Kabupaten,6101090,Paloh
6100000,Kalimantan Barat,6102000,Bengkayang,Kabupaten,6102010,Sungai Raya
6100000,Kalimantan Barat,6102000,Bengkayang,Kabupaten,6102011,Capkala
6100000,Kalimantan Barat,6102000,Bengkayang,Kabupaten,6102012,Sungai Raya Kepulauan
6100000,Kalimantan Barat,6102000,Bengkayang,Kabupaten,6102030,Samalantan
6100000,Kalimantan Barat,6102000,Bengkayang,Kabupaten,6102031,Monterado
6100000,Kalimantan Barat,6102000,Bengkayang,Kabupaten,6102032,Lembah Bawang
6100000,Kalimantan Barat,6102000,Bengkayang,Kabupaten,6102040,Bengkayang
6100000,Kalimantan Barat,6102000,Bengkayang,Kabupaten,6102041,Teriak
6100000,Kalimantan Barat,6102000,Bengkayang,Kabupaten,6102042,Sungai Betung
6100000,Kalimantan Barat,6102000,Bengkayang,Kabupaten,6102050,Ledo
6100000,Kalimantan Barat,6102000,Bengkayang,Kabupaten,6102051,Suti Semarang
6100000,Kalimantan Barat,6102000,Bengkayang,Kabupaten,6102052,Lumar
6100000,Kalimantan Barat,6102000,Bengkayang,Kabupaten,6102060,Sanggau Ledo
6100000,Kalimantan Barat,6102000,Bengkayang,Kabupaten,6102061,Tujuh Belas
6100000,Kalimantan Barat,6102000,Bengkayang,Kabupaten,6102070,Seluas
6100000,Kalimantan Barat,6102000,Bengkayang,Kabupaten,6102080,Jagoi Babang
6100000,Kalimantan Barat,6102000,Bengkayang,Kabupaten,6102081,Siding
6100000,Kalimantan Barat,6103000,Landak,Kabupaten,6103020,Sebangki
6100000,Kalimantan Barat,6103000,Landak,Kabupaten,6103030,Ngabang
6100000,Kalimantan Barat,6103000,Landak,Kabupaten,6103031,Jelimpo
6100000,Kalimantan Barat,6103000,Landak,Kabupaten,6103040,Sengah Temila
6100000,Kalimantan Barat,6103000,Landak,Kabupaten,6103050,Mandor
6100000,Kalimantan Barat,6103000,Landak,Kabupaten,6103060,Menjalin
6100000,Kalimantan Barat,6103000,Landak,Kabupaten,6103070,Mempawah Hulu
6100000,Kalimantan Barat,6103000,Landak,Kabupaten,6103071,Sompak
6100000,Kalimantan Barat,6103000,Landak,Kabupaten,6103080,Menyuke
6100000,Kalimantan Barat,6103000,Landak,Kabupaten,6103081,Banyuke Hulu
6100000,Kalimantan Barat,6103000,Landak,Kabupaten,6103090,Meranti
6100000,Kalimantan Barat,6103000,Landak,Kabupaten,6103100,Kuala Behe
6100000,Kalimantan Barat,6103000,Landak,Kabupaten,6103110,Air Besar
6100000,Kalimantan Barat,6104000,Mempawah,Kabupaten,6104080,Jongkat
6100000,Kalimantan Barat,6104000,Mempawah,Kabupaten,6104081,Segedong
6100000,Kalimantan Barat,6104000,Mempawah,Kabupaten,6104090,Sungai Pinyuh
6100000,Kalimantan Barat,6104000,Mempawah,Kabupaten,6104091,Anjongan
6100000,Kalimantan Barat,6104000,Mempawah,Kabupaten,6104100,Mempawah Hilir
6100000,Kalimantan Barat,6104000,Mempawah,Kabupaten,6104101,Mempawah Timur
6100000,Kalimantan Barat,6104000,Mempawah,Kabupaten,6104110,Sungai Kunyit
6100000,Kalimantan Barat,6104000,Mempawah,Kabupaten,6104120,Toho
6100000,Kalimantan Barat,6104000,Mempawah,Kabupaten,6104121,Sadaniang
6100000,Kalimantan Barat,6105000,Sanggau,Kabupaten,6105010,Toba
6100000,Kalimantan Barat,6105000,Sanggau,Kabupaten,6105020,Meliau
6100000,Kalimantan Barat,6105000,Sanggau,Kabupaten,6105060,Kapuas
6100000,Kalimantan Barat,6105000,Sanggau,Kabupaten,6105070,Mukok
6100000,Kalimantan Barat,6105000,Sanggau,Kabupaten,6105120,Jangkang
6100000,Kalimantan Barat,6105000,Sanggau,Kabupaten,6105130,Bonti
6100000,Kalimantan Barat,6105000,Sanggau,Kabupaten,6105140,Parindu
6100000,Kalimantan Barat,6105000,Sanggau,Kabupaten,6105150,Tayan Hilir
6100000,Kalimantan Barat,6105000,Sanggau,Kabupaten,6105160,Balai
6100000,Kalimantan Barat,6105000,Sanggau,Kabupaten,6105170,Tayan Hulu
6100000,Kalimantan Barat,6105000,Sanggau,Kabupaten,6105180,Kembayan
6100000,Kalimantan Barat,6105000,Sanggau,Kabupaten,6105190,Beduai
6100000,Kalimantan Barat,6105000,Sanggau,Kabupaten,6105200,Noyan
6100000,Kalimantan Barat,6105000,Sanggau,Kabupaten,6105210,Sekayam
6100000,Kalimantan Barat,6105000,Sanggau,Kabupaten,6105220,Entikong
6100000,Kalimantan Barat,6106000,Ketapang,Kabupaten,6106010,Kendawangan
6100000,Kalimantan Barat,6106000,Ketapang,Kabupaten,6106020,Manis Mata
6100000,Kalimantan Barat,6106000,Ketapang,Kabupaten,6106030,Marau
6100000,Kalimantan Barat,6106000,Ketapang,Kabupaten,6106031,Singkup
6100000,Kalimantan Barat,6106000,Ketapang,Kabupaten,6106032,Air Upas
6100000,Kalimantan Barat,6106000,Ketapang,Kabupaten,6106040,Jelai Hulu
6100000,Kalimantan Barat,6106000,Ketapang,Kabupaten,6106050,Tumbang Titi
6100000,Kalimantan Barat,6106000,Ketapang,Kabupaten,6106051,Pemahan
6100000,Kalimantan Barat,6106000,Ketapang,Kabupaten,6106052,Sungai Melayu Rayak
6100000,Kalimantan Barat,6106000,Ketapang,Kabupaten,6106060,Matan Hilir Selatan
6100000,Kalimantan Barat,6106000,Ketapang,Kabupaten,6106061,Benua Kayong
6100000,Kalimantan Barat,6106000,Ketapang,Kabupaten,6106070,Matan Hilir Utara
6100000,Kalimantan Barat,6106000,Ketapang,Kabupaten,6106071,Delta Pawan
6100000,Kalimantan Barat,6106000,Ketapang,Kabupaten,6106072,Muara Pawan
6100000,Kalimantan Barat,6106000,Ketapang,Kabupaten,6106090,Nanga Tayap
6100000,Kalimantan Barat,6106000,Ketapang,Kabupaten,6106100,Sandai
6100000,Kalimantan Barat,6106000,Ketapang,Kabupaten,6106101,Hulu Sungai
6100000,Kalimantan Barat,6106000,Ketapang,Kabupaten,6106110,Sungai Laur
6100000,Kalimantan Barat,6106000,Ketapang,Kabupaten,6106120,Simpang Hulu
6100000,Kalimantan Barat,6106000,Ketapang,Kabupaten,6106121,Simpang Dua
6100000,Kalimantan Barat,6107000,Sintang,Kabupaten,6107060,Serawai
6100000,Kalimantan Barat,6107000,Sintang,Kabupaten,6107070,Ambalau
6100000,Kalimantan Barat,6107000,Sintang,Kabupaten,6107080,Kayan Hulu
6100000,Kalimantan Barat,6107000,Sintang,Kabupaten,6107110,Sepauk
6100000,Kalimantan Barat,6107000,Sintang,Kabupaten,6107120,Tempunak
6100000,Kalimantan Barat,6107000,Sintang,Kabupaten,6107130,Sungai Tebelian
6100000,Kalimantan Barat,6107000,Sintang,Kabupaten,6107140,Sintang
6100000,Kalimantan Barat,6107000,Sintang,Kabupaten,6107150,Dedai
6100000,Kalimantan Barat,6107000,Sintang,Kabupaten,6107160,Kayan Hilir
6100000,Kalimantan Barat,6107000,Sintang,Kabupaten,6107170,Kelam Permai
6100000,Kalimantan Barat,6107000,Sintang,Kabupaten,6107180,Binjai Hulu
6100000,Kalimantan Barat,6107000,Sintang,Kabupaten,6107190,Ketungau Hilir
6100000,Kalimantan Barat,6107000,Sintang,Kabupaten,6107200,Ketungau Tengah
6100000,Kalimantan Barat,6107000,Sintang,Kabupaten,6107210,Ketungau Hulu
6100000,Kalimantan Barat,6108000,Kapuas Hulu,Kabupaten,6108010,Silat Hilir
6100000,Kalimantan Barat,6108000,Kapuas Hulu,Kabupaten,6108020,Silat Hulu
6100000,Kalimantan Barat,6108000,Kapuas Hulu,Kabupaten,6108030,Hulu Gurung
6100000,Kalimantan Barat,6108000,Kapuas Hulu,Kabupaten,6108040,Bunut Hulu
6100000,Kalimantan Barat,6108000,Kapuas Hulu,Kabupaten,6108050,Mentebah
6100000,Kalimantan Barat,6108000,Kapuas Hulu,Kabupaten,6108060,Bika
6100000,Kalimantan Barat,6108000,Kapuas Hulu,Kabupaten,6108070,Kalis
6100000,Kalimantan Barat,6108000,Kapuas Hulu,Kabupaten,6108080,Putussibau Selatan
6100000,Kalimantan Barat,6108000,Kapuas Hulu,Kabupaten,6108090,Embaloh Hilir
6100000,Kalimantan Barat,6108000,Kapuas Hulu,Kabupaten,6108100,Bunut Hilir
6100000,Kalimantan Barat,6108000,Kapuas Hulu,Kabupaten,6108110,Boyan Tanjung
6100000,Kalimantan Barat,6108000,Kapuas Hulu,Kabupaten,6108120,Pengkadan
6100000,Kalimantan Barat,6108000,Kapuas Hulu,Kabupaten,6108130,Jongkong
6100000,Kalimantan Barat,6108000,Kapuas Hulu,Kabupaten,6108140,Selimbau
6100000,Kalimantan Barat,6108000,Kapuas Hulu,Kabupaten,6108150,Suhaid
6100000,Kalimantan Barat,6108000,Kapuas Hulu,Kabupaten,6108160,Seberuang
6100000,Kalimantan Barat,6108000,Kapuas Hulu,Kabupaten,6108170,Semitau
6100000,Kalimantan Barat,6108000,Kapuas Hulu,Kabupaten,6108180,Empanang
6100000,Kalimantan Barat,6108000,Kapuas Hulu,Kabupaten,6108190,Puring Kencana
6100000,Kalimantan Barat,6108000,Kapuas Hulu,Kabupaten,6108200,Badau
6100000,Kalimantan Barat,6108000,Kapuas Hulu,Kabupaten,6108210,Batang Lupar
6100000,Kalimantan Barat,6108000,Kapuas Hulu,Kabupaten,6108220,Embaloh Hulu
6100000,Kalimantan Barat,6108000,Kapuas Hulu,Kabupaten,6108230,Putussibau Utara
6100000,Kalimantan Barat,6109000,Sekadau,Kabupaten,6109010,Nanga Mahap
6100000,Kalimantan Barat,6109000,Sekadau,Kabupaten,6109020,Nanga Taman
6100000,Kalimantan Barat,6109000,Sekadau,Kabupaten,6109030,Sekadau Hulu
6100000,Kalimantan Barat,6109000,Sekadau,Kabupaten,6109040,Sekadau Hilir
6100000,Kalimantan Barat,6109000,Sekadau,Kabupaten,6109050,Belitang Hilir
6100000,Kalimantan Barat,6109000,Sekadau,Kabupaten,6109060,Belitang
6100000,Kalimantan Barat,6109000,Sekadau,Kabupaten,6109070,Belitang Hulu
6100000,Kalimantan Barat,6110000,Melawi,Kabupaten,6110010,Sokan
6100000,Kalimantan Barat,6110000,Melawi,Kabupaten,6110020,Tanah Pinoh
6100000,Kalimantan Barat,6110000,Melawi,Kabupaten,6110021,Tanah Pinoh Barat
6100000,Kalimantan Barat,6110000,Melawi,Kabupaten,6110030,Sayan
6100000,Kalimantan Barat,6110000,Melawi,Kabupaten,6110040,Belimbing
6100000,Kalimantan Barat,6110000,Melawi,Kabupaten,6110041,Belimbing Hulu
6100000,Kalimantan Barat,6110000,Melawi,Kabupaten,6110050,Nanga Pinoh
6100000,Kalimantan Barat,6110000,Melawi,Kabupaten,6110051,Pinoh Selatan
6100000,Kalimantan Barat,6110000,Melawi,Kabupaten,6110052,Pinoh Utara
6100000,Kalimantan Barat,6110000,Melawi,Kabupaten,6110060,Ella Hilir
6100000,Kalimantan Barat,6110000,Melawi,Kabupaten,6110070,Menukung
6100000,Kalimantan Barat,6111000,Kayong Utara,Kabupaten,6111010,Pulau Maya
6100000,Kalimantan Barat,6111000,Kayong Utara,Kabupaten,6111011,Kepulauan Karimata
6100000,Kalimantan Barat,6111000,Kayong Utara,Kabupaten,6111020,Sukadana
6100000,Kalimantan Barat,6111000,Kayong Utara,Kabupaten,6111030,Simpang Hilir
6100000,Kalimantan Barat,6111000,Kayong Utara,Kabupaten,6111040,Teluk Batang
6100000,Kalimantan Barat,6111000,Kayong Utara,Kabupaten,6111050,Seponti
6100000,Kalimantan Barat,6112000,Kubu Raya,Kabupaten,6112010,Batu Ampar
6100000,Kalimantan Barat,6112000,Kubu Raya,Kabupaten,6112020,Terentang
6100000,Kalimantan Barat,6112000,Kubu Raya,Kabupaten,6112030,Kubu
6100000,Kalimantan Barat,6112000,Kubu Raya,Kabupaten,6112040,Teluk Pakedai
6100000,Kalimantan Barat,6112000,Kubu Raya,Kabupaten,6112050,Sungai Kakap
6100000,Kalimantan Barat,6112000,Kubu Raya,Kabupaten,6112060,Rasau Jaya
6100000,Kalimantan Barat,6112000,Kubu Raya,Kabupaten,6112070,Sungai Raya
6100000,Kalimantan Barat,6112000,Kubu Raya,Kabupaten,6112080,Sungai Ambawang
6100000,Kalimantan Barat,6112000,Kubu Raya,Kabupaten,6112090,Kuala Mandor B
6100000,Kalimantan Barat,6171000,Pontianak,Kota,6171010,Pontianak Selatan
6100000,Kalimantan Barat,6171000,Pontianak,Kota,6171011,Pontianak Tenggara
6100000,Kalimantan Barat,6171000,Pontianak,Kota,6171020,Pontianak Timur
6100000,Kalimantan Barat,6171000,Pontianak,Kota,6171030,Pontianak Barat
6100000,Kalimantan Barat,6171000,Pontianak,Kota,6171031,Pontianak Kota
6100000,Kalimantan Barat,6171000,Pontianak,Kota,6171040,Pontianak Utara
6100000,Kalimantan Barat,6172000,Singkawang,Kota,6172010,Singkawang Selatan
6100000,Kalimantan Barat,6172000,Singkawang,Kota,6172020,Singkawang Timur
6100000,Kalimantan Barat,6172000,Singkawang,Kota,6172030,Singkawang Utara
6100000,Kalimantan Barat,6172000,Singkawang,Kota,6172040,Singkawang Barat
6100000,Kalimantan Barat,6172000,Singkawang,Kota,6172050,Singkawang Tengah
6200000,Kalimantan Tengah,6201000,Kotawaringin Barat,Kabupaten,6201040,Kotawaringin Lama
6200000,Kalimantan Tengah,6201000,Kotawaringin Barat,Kabupaten,6201050,Arut Selatan
6200000,Kalimantan Tengah,6201000,Kotawaringin Barat,Kabupaten,6201060,Kumai
6200000,Kalimantan Tengah,6201000,Kotawaringin Barat,Kabupaten,6201061,Pangkalan Banteng
6200000,Kalimantan Tengah,6201000,Kotawaringin Barat,Kabupaten,6201062,Pangkalan Lada
6200000,Kalimantan Tengah,6201000,Kotawaringin Barat,Kabupaten,6201070,Arut Utara
6200000,Kalimantan Tengah,6202000,Kotawaringin Timur,Kabupaten,6202020,Mentaya Hilir Selatan
6200000,Kalimantan Tengah,6202000,Kotawaringin Timur,Kabupaten,6202021,Teluk Sampit
6200000,Kalimantan Tengah,6202000,Kotawaringin Timur,Kabupaten,6202050,Pulau Hanaut
6200000,Kalimantan Tengah,6202000,Kotawaringin Timur,Kabupaten,6202060,Mentawa Baru/Ketapang
6200000,Kalimantan Tengah,6202000,Kotawaringin Timur,Kabupaten,6202061,Seranau
6200000,Kalimantan Tengah,6202000,Kotawaringin Timur,Kabupaten,6202070,Mentaya Hilir Utara
6200000,Kalimantan Tengah,6202000,Kotawaringin Timur,Kabupaten,6202110,Kota Besi
6200000,Kalimantan Tengah,6202000,Kotawaringin Timur,Kabupaten,6202111,Telawang
6200000,Kalimantan Tengah,6202000,Kotawaringin Timur,Kabupaten,6202120,Baamang
6200000,Kalimantan Tengah,6202000,Kotawaringin Timur,Kabupaten,6202190,Cempaga
6200000,Kalimantan Tengah,6202000,Kotawaringin Timur,Kabupaten,6202191,Cempaga Hulu
6200000,Kalimantan Tengah,6202000,Kotawaringin Timur,Kabupaten,6202200,Parenggean
6200000,Kalimantan Tengah,6202000,Kotawaringin Timur,Kabupaten,6202201,Tualan Hulu
6200000,Kalimantan Tengah,6202000,Kotawaringin Timur,Kabupaten,6202210,Mentaya Hulu
6200000,Kalimantan Tengah,6202000,Kotawaringin Timur,Kabupaten,6202211,Bukit Santuai
6200000,Kalimantan Tengah,6202000,Kotawaringin Timur,Kabupaten,6202230,Antang Kalang
6200000,Kalimantan Tengah,6202000,Kotawaringin Timur,Kabupaten,6202231,Telaga Antang
6200000,Kalimantan Tengah,6203000,Kapuas,Kabupaten,6203020,Kapuas Kuala
6200000,Kalimantan Tengah,6203000,Kapuas,Kabupaten,6203021,Tamban Catur
6200000,Kalimantan Tengah,6203000,Kapuas,Kabupaten,6203030,Kapuas Timur
6200000,Kalimantan Tengah,6203000,Kapuas,Kabupaten,6203040,Selat
6200000,Kalimantan Tengah,6203000,Kapuas,Kabupaten,6203041,Bataguh
6200000,Kalimantan Tengah,6203000,Kapuas,Kabupaten,6203070,Basarang
6200000,Kalimantan Tengah,6203000,Kapuas,Kabupaten,6203080,Kapuas Hilir
6200000,Kalimantan Tengah,6203000,Kapuas,Kabupaten,6203090,Pulau Petak
6200000,Kalimantan Tengah,6203000,Kapuas,Kabupaten,6203100,Kapuas Murung
6200000,Kalimantan Tengah,6203000,Kapuas,Kabupaten,6203101,Dadahup
6200000,Kalimantan Tengah,6203000,Kapuas,Kabupaten,6203110,Kapuas Barat
6200000,Kalimantan Tengah,6203000,Kapuas,Kabupaten,6203150,Mantangai
6200000,Kalimantan Tengah,6203000,Kapuas,Kabupaten,6203160,Timpah
6200000,Kalimantan Tengah,6203000,Kapuas,Kabupaten,6203170,Kapuas Tengah
6200000,Kalimantan Tengah,6203000,Kapuas,Kabupaten,6203171,Pasak Talawang
6200000,Kalimantan Tengah,6203000,Kapuas,Kabupaten,6203180,Kapuas Hulu
6200000,Kalimantan Tengah,6203000,Kapuas,Kabupaten,6203181,Mandau Talawang
6200000,Kalimantan Tengah,6204000,Barito Selatan,Kabupaten,6204010,Jenamas
6200000,Kalimantan Tengah,6204000,Barito Selatan,Kabupaten,6204020,Dusun Hilir
6200000,Kalimantan Tengah,6204000,Barito Selatan,Kabupaten,6204030,Karau Kuala
6200000,Kalimantan Tengah,6204000,Barito Selatan,Kabupaten,6204040,Dusun Selatan
6200000,Kalimantan Tengah,6204000,Barito Selatan,Kabupaten,6204050,Dusun Utara
6200000,Kalimantan Tengah,6204000,Barito Selatan,Kabupaten,6204060,Gunung Bintang Awai
6200000,Kalimantan Tengah,6205000,Barito Utara,Kabupaten,6205010,Montallat
6200000,Kalimantan Tengah,6205000,Barito Utara,Kabupaten,6205020,Gunung Timang
6200000,Kalimantan Tengah,6205000,Barito Utara,Kabupaten,6205030,Gunung Purei
6200000,Kalimantan Tengah,6205000,Barito Utara,Kabupaten,6205040,Teweh Timur
6200000,Kalimantan Tengah,6205000,Barito Utara,Kabupaten,6205050,Teweh Tengah
6200000,Kalimantan Tengah,6205000,Barito Utara,Kabupaten,6205051,Teweh Baru
6200000,Kalimantan Tengah,6205000,Barito Utara,Kabupaten,6205052,Teweh Selatan
6200000,Kalimantan Tengah,6205000,Barito Utara,Kabupaten,6205060,Lahei
6200000,Kalimantan Tengah,6205000,Barito Utara,Kabupaten,6205061,Lahei Barat
6200000,Kalimantan Tengah,6206000,Sukamara,Kabupaten,6206010,Jelai
6200000,Kalimantan Tengah,6206000,Sukamara,Kabupaten,6206011,Pantai Lunci
6200000,Kalimantan Tengah,6206000,Sukamara,Kabupaten,6206020,Sukamara
6200000,Kalimantan Tengah,6206000,Sukamara,Kabupaten,6206030,Balai Riam
6200000,Kalimantan Tengah,6206000,Sukamara,Kabupaten,6206031,Permata Kecubung
6200000,Kalimantan Tengah,6207000,Lamandau,Kabupaten,6207010,Bulik
6200000,Kalimantan Tengah,6207000,Lamandau,Kabupaten,6207011,Sematu Jaya
6200000,Kalimantan Tengah,6207000,Lamandau,Kabupaten,6207012,Menthobi Raya
6200000,Kalimantan Tengah,6207000,Lamandau,Kabupaten,6207013,Bulik Timur
6200000,Kalimantan Tengah,6207000,Lamandau,Kabupaten,6207020,Lamandau
6200000,Kalimantan Tengah,6207000,Lamandau,Kabupaten,6207021,Belantikan Raya
6200000,Kalimantan Tengah,6207000,Lamandau,Kabupaten,6207030,Delang
6200000,Kalimantan Tengah,6207000,Lamandau,Kabupaten,6207031,Batangkawa
6200000,Kalimantan Tengah,6208000,Seruyan,Kabupaten,6208010,Seruyan Hilir
6200000,Kalimantan Tengah,6208000,Seruyan,Kabupaten,6208011,Seruyan Hilir Timur
6200000,Kalimantan Tengah,6208000,Seruyan,Kabupaten,6208020,Danau Sembuluh
6200000,Kalimantan Tengah,6208000,Seruyan,Kabupaten,6208021,Seruyan Raya
6200000,Kalimantan Tengah,6208000,Seruyan,Kabupaten,6208030,Hanau
6200000,Kalimantan Tengah,6208000,Seruyan,Kabupaten,6208031,Danau Seluluk
6200000,Kalimantan Tengah,6208000,Seruyan,Kabupaten,6208040,Seruyan Tengah
6200000,Kalimantan Tengah,6208000,Seruyan,Kabupaten,6208041,Batu Ampar
6200000,Kalimantan Tengah,6208000,Seruyan,Kabupaten,6208050,Seruyan Hulu
6200000,Kalimantan Tengah,6208000,Seruyan,Kabupaten,6208051,Suling Tambun
6200000,Kalimantan Tengah,6209000,Katingan,Kabupaten,6209010,Katingan Kuala
6200000,Kalimantan Tengah,6209000,Katingan,Kabupaten,6209020,Mendawai
6200000,Kalimantan Tengah,6209000,Katingan,Kabupaten,6209030,Kamipang
6200000,Kalimantan Tengah,6209000,Katingan,Kabupaten,6209040,Tasik Payawan
6200000,Kalimantan Tengah,6209000,Katingan,Kabupaten,6209050,Katingan Hilir
6200000,Kalimantan Tengah,6209000,Katingan,Kabupaten,6209060,Tewang Sangalang Garing
6200000,Kalimantan Tengah,6209000,Katingan,Kabupaten,6209070,Pulau Malan
6200000,Kalimantan Tengah,6209000,Katingan,Kabupaten,6209080,Katingan Tengah
6200000,Kalimantan Tengah,6209000,Katingan,Kabupaten,6209090,Sanaman Mantikei
6200000,Kalimantan Tengah,6209000,Katingan,Kabupaten,6209091,Petak Malai
6200000,Kalimantan Tengah,6209000,Katingan,Kabupaten,6209100,Marikit
6200000,Kalimantan Tengah,6209000,Katingan,Kabupaten,6209110,Katingan Hulu
6200000,Kalimantan Tengah,6209000,Katingan,Kabupaten,6209111,Bukit Raya
6200000,Kalimantan Tengah,6210000,Pulang Pisau,Kabupaten,6210010,Kahayan Kuala
6200000,Kalimantan Tengah,6210000,Pulang Pisau,Kabupaten,6210011,Sebangau Kuala
6200000,Kalimantan Tengah,6210000,Pulang Pisau,Kabupaten,6210020,Pandih Batu
6200000,Kalimantan Tengah,6210000,Pulang Pisau,Kabupaten,6210030,Maliku
6200000,Kalimantan Tengah,6210000,Pulang Pisau,Kabupaten,6210040,Kahayan Hilir
6200000,Kalimantan Tengah,6210000,Pulang Pisau,Kabupaten,6210041,Jabiren Raya
6200000,Kalimantan Tengah,6210000,Pulang Pisau,Kabupaten,6210050,Kahayan Tengah
6200000,Kalimantan Tengah,6210000,Pulang Pisau,Kabupaten,6210060,Banama Tingang
6200000,Kalimantan Tengah,6211000,Gunung Mas,Kabupaten,6211010,Manuhing
6200000,Kalimantan Tengah,6211000,Gunung Mas,Kabupaten,6211011,Manuhing Raya
6200000,Kalimantan Tengah,6211000,Gunung Mas,Kabupaten,6211020,Rungan
6200000,Kalimantan Tengah,6211000,Gunung Mas,Kabupaten,6211021,Rungan Hulu
6200000,Kalimantan Tengah,6211000,Gunung Mas,Kabupaten,6211022,Rungan Barat
6200000,Kalimantan Tengah,6211000,Gunung Mas,Kabupaten,6211030,Sepang
6200000,Kalimantan Tengah,6211000,Gunung Mas,Kabupaten,6211031,Mihing Raya
6200000,Kalimantan Tengah,6211000,Gunung Mas,Kabupaten,6211040,Kurun
6200000,Kalimantan Tengah,6211000,Gunung Mas,Kabupaten,6211050,Tewah
6200000,Kalimantan Tengah,6211000,Gunung Mas,Kabupaten,6211060,Kahayan Hulu Utara
6200000,Kalimantan Tengah,6211000,Gunung Mas,Kabupaten,6211061,Damang Batu
6200000,Kalimantan Tengah,6211000,Gunung Mas,Kabupaten,6211062,Miri Manasa
6200000,Kalimantan Tengah,6212000,Barito Timur,Kabupaten,6212010,Benua Lima
6200000,Kalimantan Tengah,6212000,Barito Timur,Kabupaten,6212020,Dusun Timur
6200000,Kalimantan Tengah,6212000,Barito Timur,Kabupaten,6212021,Paju Epat
6200000,Kalimantan Tengah,6212000,Barito Timur,Kabupaten,6212030,Awang
6200000,Kalimantan Tengah,6212000,Barito Timur,Kabupaten,6212040,Patangkep Tutui
6200000,Kalimantan Tengah,6212000,Barito Timur,Kabupaten,6212050,Dusun Tengah
6200000,Kalimantan Tengah,6212000,Barito Timur,Kabupaten,6212051,Raren Batuah
6200000,Kalimantan Tengah,6212000,Barito Timur,Kabupaten,6212052,Paku
6200000,Kalimantan Tengah,6212000,Barito Timur,Kabupaten,6212053,Karusen Janang
6200000,Kalimantan Tengah,6212000,Barito Timur,Kabupaten,6212060,Pematang Karau
6200000,Kalimantan Tengah,6213000,Murung Raya,Kabupaten,6213010,Permata Intan
6200000,Kalimantan Tengah,6213000,Murung Raya,Kabupaten,6213011,Sungai Babuat
6200000,Kalimantan Tengah,6213000,Murung Raya,Kabupaten,6213020,Murung
6200000,Kalimantan Tengah,6213000,Murung Raya,Kabupaten,6213030,Laung Tuhup
6200000,Kalimantan Tengah,6213000,Murung Raya,Kabupaten,6213031,Barito Tuhup Raya
6200000,Kalimantan Tengah,6213000,Murung Raya,Kabupaten,6213040,Tanah Siang
6200000,Kalimantan Tengah,6213000,Murung Raya,Kabupaten,6213041,Tanah Siang Selatan
6200000,Kalimantan Tengah,6213000,Murung Raya,Kabupaten,6213050,Sumber Barito
6200000,Kalimantan Tengah,6213000,Murung Raya,Kabupaten,6213051,Seribu Riam
6200000,Kalimantan Tengah,6213000,Murung Raya,Kabupaten,6213052,Uut Murung
6200000,Kalimantan Tengah,6271000,Palangka Raya,Kota,6271010,Pahandut
6200000,Kalimantan Tengah,6271000,Palangka Raya,Kota,6271011,Sabangau
6200000,Kalimantan Tengah,6271000,Palangka Raya,Kota,6271012,Jekan Raya
6200000,Kalimantan Tengah,6271000,Palangka Raya,Kota,6271020,Bukit Batu
6200000,Kalimantan Tengah,6271000,Palangka Raya,Kota,6271021,Rakumpit
6300000,Kalimantan Selatan,6301000,Tanah Laut,Kabupaten,6301010,Panyipatan
6300000,Kalimantan Selatan,6301000,Tanah Laut,Kabupaten,6301020,Takisung
6300000,Kalimantan Selatan,6301000,Tanah Laut,Kabupaten,6301030,Kurau
6300000,Kalimantan Selatan,6301000,Tanah Laut,Kabupaten,6301031,Bumi Makmur
6300000,Kalimantan Selatan,6301000,Tanah Laut,Kabupaten,6301040,Bati-Bati
6300000,Kalimantan Selatan,6301000,Tanah Laut,Kabupaten,6301050,Tambang Ulang
6300000,Kalimantan Selatan,6301000,Tanah Laut,Kabupaten,6301060,Pelaihari
6300000,Kalimantan Selatan,6301000,Tanah Laut,Kabupaten,6301061,Bajuin
6300000,Kalimantan Selatan,6301000,Tanah Laut,Kabupaten,6301070,Batu Ampar
6300000,Kalimantan Selatan,6301000,Tanah Laut,Kabupaten,6301080,Jorong
6300000,Kalimantan Selatan,6301000,Tanah Laut,Kabupaten,6301090,Kintap
6300000,Kalimantan Selatan,6302000,Kota Baru,Kabupaten,6302010,Pulau Sembilan
6300000,Kalimantan Selatan,6302000,Kota Baru,Kabupaten,6302020,Pulau Laut Barat
6300000,Kalimantan Selatan,6302000,Kota Baru,Kabupaten,6302021,Pulau Laut Tanjung Selayar
6300000,Kalimantan Selatan,6302000,Kota Baru,Kabupaten,6302030,Pulau Laut Selatan
6300000,Kalimantan Selatan,6302000,Kota Baru,Kabupaten,6302031,Pulau Laut Kepulauan
6300000,Kalimantan Selatan,6302000,Kota Baru,Kabupaten,6302040,Pulau Laut Timur
6300000,Kalimantan Selatan,6302000,Kota Baru,Kabupaten,6302050,Pulau Sebuku
6300000,Kalimantan Selatan,6302000,Kota Baru,Kabupaten,6302060,Pulau Laut Utara
6300000,Kalimantan Selatan,6302000,Kota Baru,Kabupaten,6302061,Pulau Laut Tengah
6300000,Kalimantan Selatan,6302000,Kota Baru,Kabupaten,6302062,Pulau Laut Sigam
6300000,Kalimantan Selatan,6302000,Kota Baru,Kabupaten,6302120,Kelumpang Selatan
6300000,Kalimantan Selatan,6302000,Kota Baru,Kabupaten,6302121,Kelumpang Hilir
6300000,Kalimantan Selatan,6302000,Kota Baru,Kabupaten,6302130,Kelumpang Hulu
6300000,Kalimantan Selatan,6302000,Kota Baru,Kabupaten,6302140,Hampang
6300000,Kalimantan Selatan,6302000,Kota Baru,Kabupaten,6302150,Sungai Durian
6300000,Kalimantan Selatan,6302000,Kota Baru,Kabupaten,6302160,Kelumpang Tengah
6300000,Kalimantan Selatan,6302000,Kota Baru,Kabupaten,6302161,Kelumpang Barat
6300000,Kalimantan Selatan,6302000,Kota Baru,Kabupaten,6302170,Kelumpang Utara
6300000,Kalimantan Selatan,6302000,Kota Baru,Kabupaten,6302180,Pamukan Selatan
6300000,Kalimantan Selatan,6302000,Kota Baru,Kabupaten,6302190,Sampanahan
6300000,Kalimantan Selatan,6302000,Kota Baru,Kabupaten,6302200,Pamukan Utara
6300000,Kalimantan Selatan,6302000,Kota Baru,Kabupaten,6302201,Pamukan Barat
6300000,Kalimantan Selatan,6303000,Banjar,Kabupaten,6303010,Aluh - Aluh
6300000,Kalimantan Selatan,6303000,Banjar,Kabupaten,6303011,Beruntung Baru
6300000,Kalimantan Selatan,6303000,Banjar,Kabupaten,6303020,Gambut
6300000,Kalimantan Selatan,6303000,Banjar,Kabupaten,6303030,Kertak Hanyar
6300000,Kalimantan Selatan,6303000,Banjar,Kabupaten,6303031,Tatah Makmur
6300000,Kalimantan Selatan,6303000,Banjar,Kabupaten,6303040,Sungai Tabuk
6300000,Kalimantan Selatan,6303000,Banjar,Kabupaten,6303050,Martapura
6300000,Kalimantan Selatan,6303000,Banjar,Kabupaten,6303051,Martapura Timur
6300000,Kalimantan Selatan,6303000,Banjar,Kabupaten,6303052,Martapura Barat
6300000,Kalimantan Selatan,6303000,Banjar,Kabupaten,6303060,Astambul
6300000,Kalimantan Selatan,6303000,Banjar,Kabupaten,6303070,Karang Intan
6300000,Kalimantan Selatan,6303000,Banjar,Kabupaten,6303080,Aranio
6300000,Kalimantan Selatan,6303000,Banjar,Kabupaten,6303090,Sungai Pinang
6300000,Kalimantan Selatan,6303000,Banjar,Kabupaten,6303091,Paramasan
6300000,Kalimantan Selatan,6303000,Banjar,Kabupaten,6303100,Pengaron
6300000,Kalimantan Selatan,6303000,Banjar,Kabupaten,6303101,Sambung Makmur
6300000,Kalimantan Selatan,6303000,Banjar,Kabupaten,6303110,Mataraman
6300000,Kalimantan Selatan,6303000,Banjar,Kabupaten,6303120,Simpang Empat
6300000,Kalimantan Selatan,6303000,Banjar,Kabupaten,6303121,Telaga Bauntung
6300000,Kalimantan Selatan,6303000,Banjar,Kabupaten,6303122,Cintapuri Darussalam
6300000,Kalimantan Selatan,6304000,Barito Kuala,Kabupaten,6304010,Tabunganen
6300000,Kalimantan Selatan,6304000,Barito Kuala,Kabupaten,6304020,Tamban
6300000,Kalimantan Selatan,6304000,Barito Kuala,Kabupaten,6304030,Mekarsari
6300000,Kalimantan Selatan,6304000,Barito Kuala,Kabupaten,6304040,Anjir Pasar
6300000,Kalimantan Selatan,6304000,Barito Kuala,Kabupaten,6304050,Anjir Muara
6300000,Kalimantan Selatan,6304000,Barito Kuala,Kabupaten,6304060,Alalak
6300000,Kalimantan Selatan,6304000,Barito Kuala,Kabupaten,6304070,Mandastana
6300000,Kalimantan Selatan,6304000,Barito Kuala,Kabupaten,6304071,Jejangkit
6300000,Kalimantan Selatan,6304000,Barito Kuala,Kabupaten,6304080,Belawang
6300000,Kalimantan Selatan,6304000,Barito Kuala,Kabupaten,6304090,Wanaraya
6300000,Kalimantan Selatan,6304000,Barito Kuala,Kabupaten,6304100,Barambai
6300000,Kalimantan Selatan,6304000,Barito Kuala,Kabupaten,6304110,Rantau Badauh
6300000,Kalimantan Selatan,6304000,Barito Kuala,Kabupaten,6304120,Cerbon
6300000,Kalimantan Selatan,6304000,Barito Kuala,Kabupaten,6304130,Bakumpai
6300000,Kalimantan Selatan,6304000,Barito Kuala,Kabupaten,6304140,Marabahan
6300000,Kalimantan Selatan,6304000,Barito Kuala,Kabupaten,6304150,Tabukan
6300000,Kalimantan Selatan,6304000,Barito Kuala,Kabupaten,6304160,Kuripan
6300000,Kalimantan Selatan,6305000,Tapin,Kabupaten,6305010,Binuang
6300000,Kalimantan Selatan,6305000,Tapin,Kabupaten,6305011,Hatungun
6300000,Kalimantan Selatan,6305000,Tapin,Kabupaten,6305020,Tapin Selatan
6300000,Kalimantan Selatan,6305000,Tapin,Kabupaten,6305021,Salam Babaris
6300000,Kalimantan Selatan,6305000,Tapin,Kabupaten,6305030,Tapin Tengah
6300000,Kalimantan Selatan,6305000,Tapin,Kabupaten,6305040,Bungur
6300000,Kalimantan Selatan,6305000,Tapin,Kabupaten,6305050,Piani
6300000,Kalimantan Selatan,6305000,Tapin,Kabupaten,6305060,Lokpaikat
6300000,Kalimantan Selatan,6305000,Tapin,Kabupaten,6305070,Tapin Utara
6300000,Kalimantan Selatan,6305000,Tapin,Kabupaten,6305080,Bakarangan
6300000,Kalimantan Selatan,6305000,Tapin,Kabupaten,6305090,Candi Laras Selatan
6300000,Kalimantan Selatan,6305000,Tapin,Kabupaten,6305100,Candi Laras Utara
6300000,Kalimantan Selatan,6306000,Hulu Sungai Selatan,Kabupaten,6306010,Padang Batung
6300000,Kalimantan Selatan,6306000,Hulu Sungai Selatan,Kabupaten,6306020,Loksado
6300000,Kalimantan Selatan,6306000,Hulu Sungai Selatan,Kabupaten,6306030,Telaga Langsat
6300000,Kalimantan Selatan,6306000,Hulu Sungai Selatan,Kabupaten,6306040,Angkinang
6300000,Kalimantan Selatan,6306000,Hulu Sungai Selatan,Kabupaten,6306050,Kandangan
6300000,Kalimantan Selatan,6306000,Hulu Sungai Selatan,Kabupaten,6306060,Sungai Raya
6300000,Kalimantan Selatan,6306000,Hulu Sungai Selatan,Kabupaten,6306070,Simpur
6300000,Kalimantan Selatan,6306000,Hulu Sungai Selatan,Kabupaten,6306080,Kalumpang
6300000,Kalimantan Selatan,6306000,Hulu Sungai Selatan,Kabupaten,6306090,Daha Selatan
6300000,Kalimantan Selatan,6306000,Hulu Sungai Selatan,Kabupaten,6306091,Daha Barat
6300000,Kalimantan Selatan,6306000,Hulu Sungai Selatan,Kabupaten,6306100,Daha Utara
6300000,Kalimantan Selatan,6307000,Hulu Sungai Tengah,Kabupaten,6307010,Haruyan
6300000,Kalimantan Selatan,6307000,Hulu Sungai Tengah,Kabupaten,6307020,Batu Benawa
6300000,Kalimantan Selatan,6307000,Hulu Sungai Tengah,Kabupaten,6307030,Hantakan
6300000,Kalimantan Selatan,6307000,Hulu Sungai Tengah,Kabupaten,6307040,Batang Alai Selatan
6300000,Kalimantan Selatan,6307000,Hulu Sungai Tengah,Kabupaten,6307041,Batang Alai Timur
6300000,Kalimantan Selatan,6307000,Hulu Sungai Tengah,Kabupaten,6307050,Barabai
6300000,Kalimantan Selatan,6307000,Hulu Sungai Tengah,Kabupaten,6307060,Labuan Amas Selatan
6300000,Kalimantan Selatan,6307000,Hulu Sungai Tengah,Kabupaten,6307070,Labuan Amas Utara
6300000,Kalimantan Selatan,6307000,Hulu Sungai Tengah,Kabupaten,6307080,Pandawan
6300000,Kalimantan Selatan,6307000,Hulu Sungai Tengah,Kabupaten,6307090,Batang Alai Utara
6300000,Kalimantan Selatan,6307000,Hulu Sungai Tengah,Kabupaten,6307091,Limpasu
6300000,Kalimantan Selatan,6308000,Hulu Sungai Utara,Kabupaten,6308010,Danau Panggang
6300000,Kalimantan Selatan,6308000,Hulu Sungai Utara,Kabupaten,6308011,Paminggir
6300000,Kalimantan Selatan,6308000,Hulu Sungai Utara,Kabupaten,6308020,Babirik
6300000,Kalimantan Selatan,6308000,Hulu Sungai Utara,Kabupaten,6308030,Sungai Pandan
6300000,Kalimantan Selatan,6308000,Hulu Sungai Utara,Kabupaten,6308031,Sungai Tabukan
6300000,Kalimantan Selatan,6308000,Hulu Sungai Utara,Kabupaten,6308040,Amuntai Selatan
6300000,Kalimantan Selatan,6308000,Hulu Sungai Utara,Kabupaten,6308050,Amuntai Tengah
6300000,Kalimantan Selatan,6308000,Hulu Sungai Utara,Kabupaten,6308060,Banjang
6300000,Kalimantan Selatan,6308000,Hulu Sungai Utara,Kabupaten,6308070,Amuntai Utara
6300000,Kalimantan Selatan,6308000,Hulu Sungai Utara,Kabupaten,6308071,Haur Gading
6300000,Kalimantan Selatan,6309000,Tabalong,Kabupaten,6309010,Banua Lawas
6300000,Kalimantan Selatan,6309000,Tabalong,Kabupaten,6309020,Pugaan
6300000,Kalimantan Selatan,6309000,Tabalong,Kabupaten,6309030,Kelua
6300000,Kalimantan Selatan,6309000,Tabalong,Kabupaten,6309040,Muara Harus
6300000,Kalimantan Selatan,6309000,Tabalong,Kabupaten,6309050,Tanta
6300000,Kalimantan Selatan,6309000,Tabalong,Kabupaten,6309060,Tanjung
6300000,Kalimantan Selatan,6309000,Tabalong,Kabupaten,6309070,Murung Pudak
6300000,Kalimantan Selatan,6309000,Tabalong,Kabupaten,6309080,Haruai
6300000,Kalimantan Selatan,6309000,Tabalong,Kabupaten,6309081,Bintang Ara
6300000,Kalimantan Selatan,6309000,Tabalong,Kabupaten,6309090,Upau
6300000,Kalimantan Selatan,6309000,Tabalong,Kabupaten,6309100,Muara Uya
6300000,Kalimantan Selatan,6309000,Tabalong,Kabupaten,6309110,Jaro
6300000,Kalimantan Selatan,6310000,Tanah Bumbu,Kabupaten,6310010,Kusan Hilir
6300000,Kalimantan Selatan,6310000,Tanah Bumbu,Kabupaten,6310011,Kusan Tengah
6300000,Kalimantan Selatan,6310000,Tanah Bumbu,Kabupaten,6310020,Sungai Loban
6300000,Kalimantan Selatan,6310000,Tanah Bumbu,Kabupaten,6310030,Satui
6300000,Kalimantan Selatan,6310000,Tanah Bumbu,Kabupaten,6310031,Angsana
6300000,Kalimantan Selatan,6310000,Tanah Bumbu,Kabupaten,6310040,Kusan Hulu
6300000,Kalimantan Selatan,6310000,Tanah Bumbu,Kabupaten,6310041,Kuranji
6300000,Kalimantan Selatan,6310000,Tanah Bumbu,Kabupaten,6310042,Teluk Kepayang
6300000,Kalimantan Selatan,6310000,Tanah Bumbu,Kabupaten,6310050,Batu Licin
6300000,Kalimantan Selatan,6310000,Tanah Bumbu,Kabupaten,6310051,Karang Bintang
6300000,Kalimantan Selatan,6310000,Tanah Bumbu,Kabupaten,6310052,Simpang Empat
6300000,Kalimantan Selatan,6310000,Tanah Bumbu,Kabupaten,6310053,Mantewe
6300000,Kalimantan Selatan,6311000,Balangan,Kabupaten,6311010,Lampihong
6300000,Kalimantan Selatan,6311000,Balangan,Kabupaten,6311020,Batu Mandi
6300000,Kalimantan Selatan,6311000,Balangan,Kabupaten,6311030,Awayan
6300000,Kalimantan Selatan,6311000,Balangan,Kabupaten,6311031,Tebing Tinggi
6300000,Kalimantan Selatan,6311000,Balangan,Kabupaten,6311040,Paringin
6300000,Kalimantan Selatan,6311000,Balangan,Kabupaten,6311041,Paringin Selatan
6300000,Kalimantan Selatan,6311000,Balangan,Kabupaten,6311050,Juai
6300000,Kalimantan Selatan,6311000,Balangan,Kabupaten,6311060,Halong
6300000,Kalimantan Selatan,6371000,Banjarmasin,Kota,6371010,Banjarmasin Selatan
6300000,Kalimantan Selatan,6371000,Banjarmasin,Kota,6371020,Banjarmasin Timur
6300000,Kalimantan Selatan,6371000,Banjarmasin,Kota,6371030,Banjarmasin Barat
6300000,Kalimantan Selatan,6371000,Banjarmasin,Kota,6371031,Banjarmasin Tengah
6300000,Kalimantan Selatan,6371000,Banjarmasin,Kota,6371040,Banjarmasin Utara
6300000,Kalimantan Selatan,6372000,Banjar Baru,Kota,6372010,Landasan Ulin
6300000,Kalimantan Selatan,6372000,Banjar Baru,Kota,6372011,Liang Anggang
6300000,Kalimantan Selatan,6372000,Banjar Baru,Kota,6372020,Cempaka
6300000,Kalimantan Selatan,6372000,Banjar Baru,Kota,6372031,Banjarbaru Utara
6300000,Kalimantan Selatan,6372000,Banjar Baru,Kota,6372032,Banjarbaru Selatan
6400000,Kalimantan Timur,6401000,Paser,Kabupaten,6401010,Batu Sopang
6400000,Kalimantan Timur,6401000,Paser,Kabupaten,6401011,Muara Samu
6400000,Kalimantan Timur,6401000,Paser,Kabupaten,6401021,Batu Engau
6400000,Kalimantan Timur,6401000,Paser,Kabupaten,6401022,Tanjung Harapan
6400000,Kalimantan Timur,6401000,Paser,Kabupaten,6401030,Pasir Belengkong
6400000,Kalimantan Timur,6401000,Paser,Kabupaten,6401040,Tanah Grogot
6400000,Kalimantan Timur,6401000,Paser,Kabupaten,6401050,Kuaro
6400000,Kalimantan Timur,6401000,Paser,Kabupaten,6401060,Long Ikis
6400000,Kalimantan Timur,6401000,Paser,Kabupaten,6401070,Muara Komam
6400000,Kalimantan Timur,6401000,Paser,Kabupaten,6401080,Long Kali
6400000,Kalimantan Timur,6402000,Kutai Barat,Kabupaten,6402010,Bongan
6400000,Kalimantan Timur,6402000,Kutai Barat,Kabupaten,6402020,Jempang
6400000,Kalimantan Timur,6402000,Kutai Barat,Kabupaten,6402030,Penyinggahan
6400000,Kalimantan Timur,6402000,Kutai Barat,Kabupaten,6402040,Muara Pahu
6400000,Kalimantan Timur,6402000,Kutai Barat,Kabupaten,6402041,Siluq Ngurai
6400000,Kalimantan Timur,6402000,Kutai Barat,Kabupaten,6402050,Muara Lawa
6400000,Kalimantan Timur,6402000,Kutai Barat,Kabupaten,6402051,Bentian Besar
6400000,Kalimantan Timur,6402000,Kutai Barat,Kabupaten,6402060,Damai
6400000,Kalimantan Timur,6402000,Kutai Barat,Kabupaten,6402061,Nyuatan
6400000,Kalimantan Timur,6402000,Kutai Barat,Kabupaten,6402070,Barong Tongkok
6400000,Kalimantan Timur,6402000,Kutai Barat,Kabupaten,6402071,Linggang Bigung
6400000,Kalimantan Timur,6402000,Kutai Barat,Kabupaten,6402080,Melak
6400000,Kalimantan Timur,6402000,Kutai Barat,Kabupaten,6402081,Sekolaq Darat
6400000,Kalimantan Timur,6402000,Kutai Barat,Kabupaten,6402082,Mook Manaar Bulatn
6400000,Kalimantan Timur,6402000,Kutai Barat,Kabupaten,6402090,Long Iram
6400000,Kalimantan Timur,6402000,Kutai Barat,Kabupaten,6402091,Tering
6400000,Kalimantan Timur,6403000,Kutai Kartanegara,Kabupaten,6403010,Samboja
6400000,Kalimantan Timur,6403000,Kutai Kartanegara,Kabupaten,6403011,Samboja Barat
6400000,Kalimantan Timur,6403000,Kutai Kartanegara,Kabupaten,6403020,Muara Jawa
6400000,Kalimantan Timur,6403000,Kutai Kartanegara,Kabupaten,6403030,Sanga-Sanga
6400000,Kalimantan Timur,6403000,Kutai Kartanegara,Kabupaten,6403040,Loa Janan
6400000,Kalimantan Timur,6403000,Kutai Kartanegara,Kabupaten,6403050,Loa Kulu
6400000,Kalimantan Timur,6403000,Kutai Kartanegara,Kabupaten,6403060,Muara Muntai
6400000,Kalimantan Timur,6403000,Kutai Kartanegara,Kabupaten,6403070,Muara Wis
6400000,Kalimantan Timur,6403000,Kutai Kartanegara,Kabupaten,6403080,Kota Bangun
6400000,Kalimantan Timur,6403000,Kutai Kartanegara,Kabupaten,6403081,Kota Bangun Darat
6400000,Kalimantan Timur,6403000,Kutai Kartanegara,Kabupaten,6403090,Tenggarong
6400000,Kalimantan Timur,6403000,Kutai Kartanegara,Kabupaten,6403100,Sebulu
6400000,Kalimantan Timur,6403000,Kutai Kartanegara,Kabupaten,6403110,Tenggarong Seberang
6400000,Kalimantan Timur,6403000,Kutai Kartanegara,Kabupaten,6403120,Anggana
6400000,Kalimantan Timur,6403000,Kutai Kartanegara,Kabupaten,6403130,Muara Badak
6400000,Kalimantan Timur,6403000,Kutai Kartanegara,Kabupaten,6403140,Marang Kayu
6400000,Kalimantan Timur,6403000,Kutai Kartanegara,Kabupaten,6403150,Muara Kaman
6400000,Kalimantan Timur,6403000,Kutai Kartanegara,Kabupaten,6403160,Kenohan
6400000,Kalimantan Timur,6403000,Kutai Kartanegara,Kabupaten,6403170,Kembang Janggut
6400000,Kalimantan Timur,6403000,Kutai Kartanegara,Kabupaten,6403180,Tabang
6400000,Kalimantan Timur,6404000,Kutai Timur,Kabupaten,6404010,Muara Ancalong
6400000,Kalimantan Timur,6404000,Kutai Timur,Kabupaten,6404011,Busang
6400000,Kalimantan Timur,6404000,Kutai Timur,Kabupaten,6404012,Long Mesangat
6400000,Kalimantan Timur,6404000,Kutai Timur,Kabupaten,6404020,Muara Wahau
6400000,Kalimantan Timur,6404000,Kutai Timur,Kabupaten,6404021,Telen
6400000,Kalimantan Timur,6404000,Kutai Timur,Kabupaten,6404022,Kongbeng
6400000,Kalimantan Timur,6404000,Kutai Timur,Kabupaten,6404030,Muara Bengkal
6400000,Kalimantan Timur,6404000,Kutai Timur,Kabupaten,6404031,Batu Ampar
6400000,Kalimantan Timur,6404000,Kutai Timur,Kabupaten,6404040,Sangatta Utara
6400000,Kalimantan Timur,6404000,Kutai Timur,Kabupaten,6404041,Bengalon
6400000,Kalimantan Timur,6404000,Kutai Timur,Kabupaten,6404042,Teluk Pandan
6400000,Kalimantan Timur,6404000,Kutai Timur,Kabupaten,6404043,Sangatta Selatan
6400000,Kalimantan Timur,6404000,Kutai Timur,Kabupaten,6404044,Rantau Pulung
6400000,Kalimantan Timur,6404000,Kutai Timur,Kabupaten,6404050,Sangkulirang
6400000,Kalimantan Timur,6404000,Kutai Timur,Kabupaten,6404051,Kaliorang
6400000,Kalimantan Timur,6404000,Kutai Timur,Kabupaten,6404052,Sandaran
6400000,Kalimantan Timur,6404000,Kutai Timur,Kabupaten,6404053,Kaubun
6400000,Kalimantan Timur,6404000,Kutai Timur,Kabupaten,6404054,Karangan
6400000,Kalimantan Timur,6405000,Berau,Kabupaten,6405010,Kelay
6400000,Kalimantan Timur,6405000,Berau,Kabupaten,6405020,Talisayan
6400000,Kalimantan Timur,6405000,Berau,Kabupaten,6405021,Tabalar
6400000,Kalimantan Timur,6405000,Berau,Kabupaten,6405030,Biduk Biduk
6400000,Kalimantan Timur,6405000,Berau,Kabupaten,6405040,Pulau Derawan
6400000,Kalimantan Timur,6405000,Berau,Kabupaten,6405041,Maratua
6400000,Kalimantan Timur,6405000,Berau,Kabupaten,6405050,Sambaliung
6400000,Kalimantan Timur,6405000,Berau,Kabupaten,6405060,Tanjung Redeb
6400000,Kalimantan Timur,6405000,Berau,Kabupaten,6405070,Gunung Tabur
6400000,Kalimantan Timur,6405000,Berau,Kabupaten,6405080,Segah
6400000,Kalimantan Timur,6405000,Berau,Kabupaten,6405090,Teluk Bayur
6400000,Kalimantan Timur,6405000,Berau,Kabupaten,6405100,Batu Putih
6400000,Kalimantan Timur,6405000,Berau,Kabupaten,6405110,Biatan
6400000,Kalimantan Timur,6409000,Penajam Paser Utara,Kabupaten,6409010,Babulu
6400000,Kalimantan Timur,6409000,Penajam Paser Utara,Kabupaten,6409020,Waru
6400000,Kalimantan Timur,6409000,Penajam Paser Utara,Kabupaten,6409030,Penajam
6400000,Kalimantan Timur,6409000,Penajam Paser Utara,Kabupaten,6409040,Sepaku
6400000,Kalimantan Timur,6411000,Mahakam Ulu,Kabupaten,6411010,Laham
6400000,Kalimantan Timur,6411000,Mahakam Ulu,Kabupaten,6411020,Long Hubung
6400000,Kalimantan Timur,6411000,Mahakam Ulu,Kabupaten,6411030,Long Bagun
6400000,Kalimantan Timur,6411000,Mahakam Ulu,Kabupaten,6411040,Long Pahangai
6400000,Kalimantan Timur,6411000,Mahakam Ulu,Kabupaten,6411050,Long Apari
6400000,Kalimantan Timur,6471000,Balikpapan,Kota,6471010,Balikpapan Selatan
6400000,Kalimantan Timur,6471000,Balikpapan,Kota,6471011,Balikpapan Kota
6400000,Kalimantan Timur,6471000,Balikpapan,Kota,6471020,Balikpapan Timur
6400000,Kalimantan Timur,6471000,Balikpapan,Kota,6471030,Balikpapan Utara
6400000,Kalimantan Timur,6471000,Balikpapan,Kota,6471040,Balikpapan Tengah
6400000,Kalimantan Timur,6471000,Balikpapan,Kota,6471050,Balikpapan Barat
6400000,Kalimantan Timur,6472000,Samarinda,Kota,6472010,Palaran
6400000,Kalimantan Timur,6472000,Samarinda,Kota,6472020,Samarinda Ilir
6400000,Kalimantan Timur,6472000,Samarinda,Kota,6472021,Samarinda Kota
6400000,Kalimantan Timur,6472000,Samarinda,Kota,6472022,Sambutan
6400000,Kalimantan Timur,6472000,Samarinda,Kota,6472030,Samarinda Seberang
6400000,Kalimantan Timur,6472000,Samarinda,Kota,6472031,Loa Janan Ilir
6400000,Kalimantan Timur,6472000,Samarinda,Kota,6472040,Sungai Kunjang
6400000,Kalimantan Timur,6472000,Samarinda,Kota,6472050,Samarinda Ulu
6400000,Kalimantan Timur,6472000,Samarinda,Kota,6472060,Samarinda Utara
6400000,Kalimantan Timur,6472000,Samarinda,Kota,6472061,Sungai Pinang
6400000,Kalimantan Timur,6474000,Bontang,Kota,6474010,Bontang Selatan
6400000,Kalimantan Timur,6474000,Bontang,Kota,6474020,Bontang Utara
6400000,Kalimantan Timur,6474000,Bontang,Kota,6474030,Bontang Barat
6500000,Kalimantan Utara,6501000,Malinau,Kabupaten,6501010,Sungai Boh
6500000,Kalimantan Utara,6501000,Malinau,Kabupaten,6501020,Kayan Selatan
6500000,Kalimantan Utara,6501000,Malinau,Kabupaten,6501030,Kayan Hulu
6500000,Kalimantan Utara,6501000,Malinau,Kabupaten,6501040,Kayan Hilir
6500000,Kalimantan Utara,6501000,Malinau,Kabupaten,6501050,Pujungan
6500000,Kalimantan Utara,6501000,Malinau,Kabupaten,6501060,Bahau Hulu
6500000,Kalimantan Utara,6501000,Malinau,Kabupaten,6501070,Sungai Tubu
6500000,Kalimantan Utara,6501000,Malinau,Kabupaten,6501080,Malinau Selatan Hulu
6500000,Kalimantan Utara,6501000,Malinau,Kabupaten,6501090,Malinau Selatan
6500000,Kalimantan Utara,6501000,Malinau,Kabupaten,6501100,Malinau Selatan Hilir
6500000,Kalimantan Utara,6501000,Malinau,Kabupaten,6501110,Mentarang
6500000,Kalimantan Utara,6501000,Malinau,Kabupaten,6501120,Mentarang Hulu
6500000,Kalimantan Utara,6501000,Malinau,Kabupaten,6501130,Malinau Utara
6500000,Kalimantan Utara,6501000,Malinau,Kabupaten,6501140,Malinau Barat
6500000,Kalimantan Utara,6501000,Malinau,Kabupaten,6501150,Malinau Kota
6500000,Kalimantan Utara,6502000,Bulungan,Kabupaten,6502010,Peso
6500000,Kalimantan Utara,6502000,Bulungan,Kabupaten,6502020,Peso Hilir
6500000,Kalimantan Utara,6502000,Bulungan,Kabupaten,6502030,Tanjung Palas Barat
6500000,Kalimantan Utara,6502000,Bulungan,Kabupaten,6502040,Tanjung Palas
6500000,Kalimantan Utara,6502000,Bulungan,Kabupaten,6502050,Tanjung Selor
6500000,Kalimantan Utara,6502000,Bulungan,Kabupaten,6502060,Tanjung Palas Timur
6500000,Kalimantan Utara,6502000,Bulungan,Kabupaten,6502070,Tanjung Palas Tengah
6500000,Kalimantan Utara,6502000,Bulungan,Kabupaten,6502080,Tanjung Palas Utara
6500000,Kalimantan Utara,6502000,Bulungan,Kabupaten,6502090,Sekatak
6500000,Kalimantan Utara,6502000,Bulungan,Kabupaten,6502100,Bunyu
6500000,Kalimantan Utara,6503000,Tana Tidung,Kabupaten,6503010,Muruk Rian
6500000,Kalimantan Utara,6503000,Tana Tidung,Kabupaten,6503020,Sesayap
6500000,Kalimantan Utara,6503000,Tana Tidung,Kabupaten,6503030,Betayau
6500000,Kalimantan Utara,6503000,Tana Tidung,Kabupaten,6503040,Sesayap Hilir
6500000,Kalimantan Utara,6503000,Tana Tidung,Kabupaten,6503050,Tana Lia
6500000,Kalimantan Utara,6504000,Nunukan,Kabupaten,6504010,Krayan Selatan
6500000,Kalimantan Utara,6504000,Nunukan,Kabupaten,6504011,Krayan Tengah
6500000,Kalimantan Utara,6504000,Nunukan,Kabupaten,6504020,Krayan
6500000,Kalimantan Utara,6504000,Nunukan,Kabupaten,6504021,Krayan Timur
6500000,Kalimantan Utara,6504000,Nunukan,Kabupaten,6504022,Krayan Barat
6500000,Kalimantan Utara,6504000,Nunukan,Kabupaten,6504030,Lumbis Ogong
6500000,Kalimantan Utara,6504000,Nunukan,Kabupaten,6504031,Lumbis Pansiangan
6500000,Kalimantan Utara,6504000,Nunukan,Kabupaten,6504032,Lumbis Hulu
6500000,Kalimantan Utara,6504000,Nunukan,Kabupaten,6504040,Lumbis
6500000,Kalimantan Utara,6504000,Nunukan,Kabupaten,6504050,Sembakung Atulai
6500000,Kalimantan Utara,6504000,Nunukan,Kabupaten,6504060,Sembakung
6500000,Kalimantan Utara,6504000,Nunukan,Kabupaten,6504070,Sebuku
6500000,Kalimantan Utara,6504000,Nunukan,Kabupaten,6504080,Tulin Onsoi
6500000,Kalimantan Utara,6504000,Nunukan,Kabupaten,6504090,Sei Menggaris
6500000,Kalimantan Utara,6504000,Nunukan,Kabupaten,6504100,Nunukan
6500000,Kalimantan Utara,6504000,Nunukan,Kabupaten,6504110,Nunukan Selatan
6500000,Kalimantan Utara,6504000,Nunukan,Kabupaten,6504120,Sebatik Barat
6500000,Kalimantan Utara,6504000,Nunukan,Kabupaten,6504130,Sebatik
6500000,Kalimantan Utara,6504000,Nunukan,Kabupaten,6504140,Sebatik Timur
6500000,Kalimantan Utara,6504000,Nunukan,Kabupaten,6504150,Sebatik Tengah
6500000,Kalimantan Utara,6504000,Nunukan,Kabupaten,6504160,Sebatik Utara
6500000,Kalimantan Utara,6571000,Tarakan,Kota,6571010,Tarakan Timur
6500000,Kalimantan Utara,6571000,Tarakan,Kota,6571020,Tarakan Tengah
6500000,Kalimantan Utara,6571000,Tarakan,Kota,6571030,Tarakan Barat
6500000,Kalimantan Utara,6571000,Tarakan,Kota,6571040,Tarakan Utara
7100000,Sulawesi Utara,7101000,Bolaang Mongondow,Kabupaten,7101021,Dumoga Barat
7100000,Sulawesi Utara,7101000,Bolaang Mongondow,Kabupaten,7101022,Dumoga Utara
7100000,Sulawesi Utara,7101000,Bolaang Mongondow,Kabupaten,7101023,Dumoga Timur
7100000,Sulawesi Utara,7101000,Bolaang Mongondow,Kabupaten,7101024,Dumoga Tengah
7100000,Sulawesi Utara,7101000,Bolaang Mongondow,Kabupaten,7101025,Dumoga Tenggara
7100000,Sulawesi Utara,7101000,Bolaang Mongondow,Kabupaten,7101026,Dumoga
7100000,Sulawesi Utara,7101000,Bolaang Mongondow,Kabupaten,7101060,Lolayan
7100000,Sulawesi Utara,7101000,Bolaang Mongondow,Kabupaten,7101081,Passi Barat
7100000,Sulawesi Utara,7101000,Bolaang Mongondow,Kabupaten,7101082,Passi Timur
7100000,Sulawesi Utara,7101000,Bolaang Mongondow,Kabupaten,7101083,Bilalang
7100000,Sulawesi Utara,7101000,Bolaang Mongondow,Kabupaten,7101090,Poigar
7100000,Sulawesi Utara,7101000,Bolaang Mongondow,Kabupaten,7101100,Bolaang
7100000,Sulawesi Utara,7101000,Bolaang Mongondow,Kabupaten,7101101,Bolaang Timur
7100000,Sulawesi Utara,7101000,Bolaang Mongondow,Kabupaten,7101110,Lolak
7100000,Sulawesi Utara,7101000,Bolaang Mongondow,Kabupaten,7101120,Sangtombolang
7100000,Sulawesi Utara,7102000,Minahasa,Kabupaten,7102091,Langowan Timur
7100000,Sulawesi Utara,7102000,Minahasa,Kabupaten,7102092,Langowan Barat
7100000,Sulawesi Utara,7102000,Minahasa,Kabupaten,7102093,Langowan Selatan
7100000,Sulawesi Utara,7102000,Minahasa,Kabupaten,7102094,Langowan Utara
7100000,Sulawesi Utara,7102000,Minahasa,Kabupaten,7102110,Tompaso
7100000,Sulawesi Utara,7102000,Minahasa,Kabupaten,7102111,Tompaso Barat
7100000,Sulawesi Utara,7102000,Minahasa,Kabupaten,7102120,Kawangkoan
7100000,Sulawesi Utara,7102000,Minahasa,Kabupaten,7102121,Kawangkoan Barat
7100000,Sulawesi Utara,7102000,Minahasa,Kabupaten,7102122,Kawangkoan Utara
7100000,Sulawesi Utara,7102000,Minahasa,Kabupaten,7102130,Sonder
7100000,Sulawesi Utara,7102000,Minahasa,Kabupaten,7102160,Tombariri
7100000,Sulawesi Utara,7102000,Minahasa,Kabupaten,7102161,Tombariri Timur
7100000,Sulawesi Utara,7102000,Minahasa,Kabupaten,7102170,Pineleng
7100000,Sulawesi Utara,7102000,Minahasa,Kabupaten,7102171,Tombulu
7100000,Sulawesi Utara,7102000,Minahasa,Kabupaten,7102172,Mandolang
7100000,Sulawesi Utara,7102000,Minahasa,Kabupaten,7102190,Tondano Barat
7100000,Sulawesi Utara,7102000,Minahasa,Kabupaten,7102191,Tondano Selatan
7100000,Sulawesi Utara,7102000,Minahasa,Kabupaten,7102200,Remboken
7100000,Sulawesi Utara,7102000,Minahasa,Kabupaten,7102210,Kakas
7100000,Sulawesi Utara,7102000,Minahasa,Kabupaten,7102211,Kakas Barat
7100000,Sulawesi Utara,7102000,Minahasa,Kabupaten,7102220,Lembean Timur
7100000,Sulawesi Utara,7102000,Minahasa,Kabupaten,7102230,Eris
7100000,Sulawesi Utara,7102000,Minahasa,Kabupaten,7102240,Kombi
7100000,Sulawesi Utara,7102000,Minahasa,Kabupaten,7102250,Tondano Timur
7100000,Sulawesi Utara,7102000,Minahasa,Kabupaten,7102251,Tondano Utara
7100000,Sulawesi Utara,7103000,Kepulauan Sangihe,Kabupaten,7103040,Manganitu Selatan
7100000,Sulawesi Utara,7103000,Kepulauan Sangihe,Kabupaten,7103041,Tatoareng
7100000,Sulawesi Utara,7103000,Kepulauan Sangihe,Kabupaten,7103050,Tamako
7100000,Sulawesi Utara,7103000,Kepulauan Sangihe,Kabupaten,7103060,Tabukan Selatan
7100000,Sulawesi Utara,7103000,Kepulauan Sangihe,Kabupaten,7103061,Tabukan Selatan Tengah
7100000,Sulawesi Utara,7103000,Kepulauan Sangihe,Kabupaten,7103062,Tabukan Selatan Tenggara
7100000,Sulawesi Utara,7103000,Kepulauan Sangihe,Kabupaten,7103070,Tabukan Tengah
7100000,Sulawesi Utara,7103000,Kepulauan Sangihe,Kabupaten,7103080,Manganitu
7100000,Sulawesi Utara,7103000,Kepulauan Sangihe,Kabupaten,7103090,Tahuna
7100000,Sulawesi Utara,7103000,Kepulauan Sangihe,Kabupaten,7103091,Tahuna Timur
7100000,Sulawesi Utara,7103000,Kepulauan Sangihe,Kabupaten,7103092,Tahuna Barat
7100000,Sulawesi Utara,7103000,Kepulauan Sangihe,Kabupaten,7103100,Tabukan Utara
7100000,Sulawesi Utara,7103000,Kepulauan Sangihe,Kabupaten,7103101,Nusa Tabukan
7100000,Sulawesi Utara,7103000,Kepulauan Sangihe,Kabupaten,7103102,Kepulauan Marore
7100000,Sulawesi Utara,7103000,Kepulauan Sangihe,Kabupaten,7103110,Kendahe
7100000,Sulawesi Utara,7104000,Kepulauan Talaud,Kabupaten,7104010,Kabaruan
7100000,Sulawesi Utara,7104000,Kepulauan Talaud,Kabupaten,7104011,Damau
7100000,Sulawesi Utara,7104000,Kepulauan Talaud,Kabupaten,7104020,Lirung
7100000,Sulawesi Utara,7104000,Kepulauan Talaud,Kabupaten,7104021,Salibabu
7100000,Sulawesi Utara,7104000,Kepulauan Talaud,Kabupaten,7104022,Kalongan
7100000,Sulawesi Utara,7104000,Kepulauan Talaud,Kabupaten,7104023,Moronge
7100000,Sulawesi Utara,7104000,Kepulauan Talaud,Kabupaten,7104030,Melonguane
7100000,Sulawesi Utara,7104000,Kepulauan Talaud,Kabupaten,7104031,Melonguane Timur
7100000,Sulawesi Utara,7104000,Kepulauan Talaud,Kabupaten,7104040,Beo
7100000,Sulawesi Utara,7104000,Kepulauan Talaud,Kabupaten,7104041,Beo Utara
7100000,Sulawesi Utara,7104000,Kepulauan Talaud,Kabupaten,7104042,Beo Selatan
7100000,Sulawesi Utara,7104000,Kepulauan Talaud,Kabupaten,7104050,Rainis
7100000,Sulawesi Utara,7104000,Kepulauan Talaud,Kabupaten,7104051,Tampan'Amma
7100000,Sulawesi Utara,7104000,Kepulauan Talaud,Kabupaten,7104052,Pulutan
7100000,Sulawesi Utara,7104000,Kepulauan Talaud,Kabupaten,7104060,Essang
7100000,Sulawesi Utara,7104000,Kepulauan Talaud,Kabupaten,7104061,Essang Selatan
7100000,Sulawesi Utara,7104000,Kepulauan Talaud,Kabupaten,7104070,Gemeh
7100000,Sulawesi Utara,7104000,Kepulauan Talaud,Kabupaten,7104080,Nanusa
7100000,Sulawesi Utara,7104000,Kepulauan Talaud,Kabupaten,7104081,Miangas
7100000,Sulawesi Utara,7105000,Minahasa Selatan,Kabupaten,7105010,Modoinding
7100000,Sulawesi Utara,7105000,Minahasa Selatan,Kabupaten,7105020,Tompaso Baru
7100000,Sulawesi Utara,7105000,Minahasa Selatan,Kabupaten,7105021,Maesaan
7100000,Sulawesi Utara,7105000,Minahasa Selatan,Kabupaten,7105070,Ranoyapo
7100000,Sulawesi Utara,7105000,Minahasa Selatan,Kabupaten,7105080,Motoling
7100000,Sulawesi Utara,7105000,Minahasa Selatan,Kabupaten,7105081,Kumelembuai
7100000,Sulawesi Utara,7105000,Minahasa Selatan,Kabupaten,7105082,Motoling Barat
7100000,Sulawesi Utara,7105000,Minahasa Selatan,Kabupaten,7105083,Motoling Timur
7100000,Sulawesi Utara,7105000,Minahasa Selatan,Kabupaten,7105090,Sinonsayang
7100000,Sulawesi Utara,7105000,Minahasa Selatan,Kabupaten,7105100,Tenga
7100000,Sulawesi Utara,7105000,Minahasa Selatan,Kabupaten,7105111,Amurang
7100000,Sulawesi Utara,7105000,Minahasa Selatan,Kabupaten,7105112,Amurang Barat
7100000,Sulawesi Utara,7105000,Minahasa Selatan,Kabupaten,7105113,Amurang Timur
7100000,Sulawesi Utara,7105000,Minahasa Selatan,Kabupaten,7105120,Tareran
7100000,Sulawesi Utara,7105000,Minahasa Selatan,Kabupaten,7105121,Suluun Tareran
7100000,Sulawesi Utara,7105000,Minahasa Selatan,Kabupaten,7105130,Tumpaan
7100000,Sulawesi Utara,7105000,Minahasa Selatan,Kabupaten,7105131,Tatapaan
7100000,Sulawesi Utara,7106000,Minahasa Utara,Kabupaten,7106010,Kema
7100000,Sulawesi Utara,7106000,Minahasa Utara,Kabupaten,7106020,Kauditan
7100000,Sulawesi Utara,7106000,Minahasa Utara,Kabupaten,7106030,Airmadidi
7100000,Sulawesi Utara,7106000,Minahasa Utara,Kabupaten,7106040,Kalawat
7100000,Sulawesi Utara,7106000,Minahasa Utara,Kabupaten,7106050,Dimembe
7100000,Sulawesi Utara,7106000,Minahasa Utara,Kabupaten,7106051,Talawaan
7100000,Sulawesi Utara,7106000,Minahasa Utara,Kabupaten,7106060,Wori
7100000,Sulawesi Utara,7106000,Minahasa Utara,Kabupaten,7106070,Likupang Barat
7100000,Sulawesi Utara,7106000,Minahasa Utara,Kabupaten,7106080,Likupang Timur
7100000,Sulawesi Utara,7106000,Minahasa Utara,Kabupaten,7106081,Likupang Selatan
7100000,Sulawesi Utara,7107000,Bolaang Mongondow Utara,Kabupaten,7107010,Sangkub
7100000,Sulawesi Utara,7107000,Bolaang Mongondow Utara,Kabupaten,7107020,Bintauna
7100000,Sulawesi Utara,7107000,Bolaang Mongondow Utara,Kabupaten,7107030,Bolang Itang Timur
7100000,Sulawesi Utara,7107000,Bolaang Mongondow Utara,Kabupaten,7107040,Bolang Itang Barat
7100000,Sulawesi Utara,7107000,Bolaang Mongondow Utara,Kabupaten,7107050,Kaidipang
7100000,Sulawesi Utara,7107000,Bolaang Mongondow Utara,Kabupaten,7107060,Pinogaluman
7100000,Sulawesi Utara,7108000,Siau Tagulandang Biaro,Kabupaten,7108010,Biaro
7100000,Sulawesi Utara,7108000,Siau Tagulandang Biaro,Kabupaten,7108020,Tagulandang Selatan
7100000,Sulawesi Utara,7108000,Siau Tagulandang Biaro,Kabupaten,7108030,Tagulandang
7100000,Sulawesi Utara,7108000,Siau Tagulandang Biaro,Kabupaten,7108040,Tagulandang Utara
7100000,Sulawesi Utara,7108000,Siau Tagulandang Biaro,Kabupaten,7108050,Siau Barat Selatan
7100000,Sulawesi Utara,7108000,Siau Tagulandang Biaro,Kabupaten,7108060,Siau Timur Selatan
7100000,Sulawesi Utara,7108000,Siau Tagulandang Biaro,Kabupaten,7108070,Siau Barat
7100000,Sulawesi Utara,7108000,Siau Tagulandang Biaro,Kabupaten,7108080,Siau Tengah
7100000,Sulawesi Utara,7108000,Siau Tagulandang Biaro,Kabupaten,7108090,Siau Timur
7100000,Sulawesi Utara,7108000,Siau Tagulandang Biaro,Kabupaten,7108100,Siau Barat Utara
7100000,Sulawesi Utara,7109000,Minahasa Tenggara,Kabupaten,7109010,Ratatotok
7100000,Sulawesi Utara,7109000,Minahasa Tenggara,Kabupaten,7109020,Pusomaen
7100000,Sulawesi Utara,7109000,Minahasa Tenggara,Kabupaten,7109030,Belang
7100000,Sulawesi Utara,7109000,Minahasa Tenggara,Kabupaten,7109040,Ratahan
7100000,Sulawesi Utara,7109000,Minahasa Tenggara,Kabupaten,7109041,Pasan
7100000,Sulawesi Utara,7109000,Minahasa Tenggara,Kabupaten,7109042,Ratahan Timur
7100000,Sulawesi Utara,7109000,Minahasa Tenggara,Kabupaten,7109050,Tombatu
7100000,Sulawesi Utara,7109000,Minahasa Tenggara,Kabupaten,7109051,Tombatu Timur
7100000,Sulawesi Utara,7109000,Minahasa Tenggara,Kabupaten,7109052,Tombatu Utara
7100000,Sulawesi Utara,7109000,Minahasa Tenggara,Kabupaten,7109060,Touluaan
7100000,Sulawesi Utara,7109000,Minahasa Tenggara,Kabupaten,7109061,Touluaan Selatan
7100000,Sulawesi Utara,7109000,Minahasa Tenggara,Kabupaten,7109062,Silian Raya
7100000,Sulawesi Utara,7110000,Bolaang Mongondow Selatan,Kabupaten,7110010,Posigadan
7100000,Sulawesi Utara,7110000,Bolaang Mongondow Selatan,Kabupaten,7110011,Tomini
7100000,Sulawesi Utara,7110000,Bolaang Mongondow Selatan,Kabupaten,7110020,Bolaang Uki
7100000,Sulawesi Utara,7110000,Bolaang Mongondow Selatan,Kabupaten,7110021,Helumo
7100000,Sulawesi Utara,7110000,Bolaang Mongondow Selatan,Kabupaten,7110030,Pinolosian
7100000,Sulawesi Utara,7110000,Bolaang Mongondow Selatan,Kabupaten,7110040,Pinolosian Tengah
7100000,Sulawesi Utara,7110000,Bolaang Mongondow Selatan,Kabupaten,7110050,Pinolosian Timur
7100000,Sulawesi Utara,7111000,Bolaang Mongondow Timur,Kabupaten,7111010,Nuangan
7100000,Sulawesi Utara,7111000,Bolaang Mongondow Timur,Kabupaten,7111011,Motongkad
7100000,Sulawesi Utara,7111000,Bolaang Mongondow Timur,Kabupaten,7111020,Tutuyan
7100000,Sulawesi Utara,7111000,Bolaang Mongondow Timur,Kabupaten,7111030,Kotabunan
7100000,Sulawesi Utara,7111000,Bolaang Mongondow Timur,Kabupaten,7111040,Modayag
7100000,Sulawesi Utara,7111000,Bolaang Mongondow Timur,Kabupaten,7111041,Mooat
7100000,Sulawesi Utara,7111000,Bolaang Mongondow Timur,Kabupaten,7111050,Modayag Barat
7100000,Sulawesi Utara,7171000,Manado,Kota,7171010,Malalayang
7100000,Sulawesi Utara,7171000,Manado,Kota,7171020,Sario
7100000,Sulawesi Utara,7171000,Manado,Kota,7171021,Wanea
7100000,Sulawesi Utara,7171000,Manado,Kota,7171030,Wenang
7100000,Sulawesi Utara,7171000,Manado,Kota,7171031,Tikala
7100000,Sulawesi Utara,7171000,Manado,Kota,7171032,Paal Dua
7100000,Sulawesi Utara,7171000,Manado,Kota,7171040,Mapanget
7100000,Sulawesi Utara,7171000,Manado,Kota,7171051,Singkil
7100000,Sulawesi Utara,7171000,Manado,Kota,7171052,Tuminting
7100000,Sulawesi Utara,7171000,Manado,Kota,7171053,Bunaken
7100000,Sulawesi Utara,7171000,Manado,Kota,7171054,Bunaken Kepulauan
7100000,Sulawesi Utara,7172000,Bitung,Kota,7172010,Madidir
7100000,Sulawesi Utara,7172000,Bitung,Kota,7172011,Matuari
7100000,Sulawesi Utara,7172000,Bitung,Kota,7172012,Girian
7100000,Sulawesi Utara,7172000,Bitung,Kota,7172021,Lembeh Selatan
7100000,Sulawesi Utara,7172000,Bitung,Kota,7172022,Lembeh Utara
7100000,Sulawesi Utara,7172000,Bitung,Kota,7172030,Aertembaga
7100000,Sulawesi Utara,7172000,Bitung,Kota,7172031,Maesa
7100000,Sulawesi Utara,7172000,Bitung,Kota,7172040,Ranowulu
7100000,Sulawesi Utara,7173000,Tomohon,Kota,7173010,Tomohon Selatan
7100000,Sulawesi Utara,7173000,Tomohon,Kota,7173020,Tomohon Tengah
7100000,Sulawesi Utara,7173000,Tomohon,Kota,7173021,Tomohon Timur
7100000,Sulawesi Utara,7173000,Tomohon,Kota,7173022,Tomohon Barat
7100000,Sulawesi Utara,7173000,Tomohon,Kota,7173030,Tomohon Utara
7100000,Sulawesi Utara,7174000,Kotamobagu,Kota,7174010,Kotamobagu Selatan
7100000,Sulawesi Utara,7174000,Kotamobagu,Kota,7174020,Kotamobagu Timur
7100000,Sulawesi Utara,7174000,Kotamobagu,Kota,7174030,Kotamobagu Barat
7100000,Sulawesi Utara,7174000,Kotamobagu,Kota,7174040,Kotamobagu Utara
7200000,Sulawesi Tengah,7201000,Banggai Kepulauan,Kabupaten,7201030,Totikum
7200000,Sulawesi Tengah,7201000,Banggai Kepulauan,Kabupaten,7201031,Totikum Selatan
7200000,Sulawesi Tengah,7201000,Banggai Kepulauan,Kabupaten,7201040,Tinangkung
7200000,Sulawesi Tengah,7201000,Banggai Kepulauan,Kabupaten,7201041,Tinangkung Selatan
7200000,Sulawesi Tengah,7201000,Banggai Kepulauan,Kabupaten,7201042,Tinangkung Utara
7200000,Sulawesi Tengah,7201000,Banggai Kepulauan,Kabupaten,7201050,Liang
7200000,Sulawesi Tengah,7201000,Banggai Kepulauan,Kabupaten,7201051,Peling Tengah
7200000,Sulawesi Tengah,7201000,Banggai Kepulauan,Kabupaten,7201060,Bulagi
7200000,Sulawesi Tengah,7201000,Banggai Kepulauan,Kabupaten,7201061,Bulagi Selatan
7200000,Sulawesi Tengah,7201000,Banggai Kepulauan,Kabupaten,7201062,Bulagi Utara
7200000,Sulawesi Tengah,7201000,Banggai Kepulauan,Kabupaten,7201070,Buko
7200000,Sulawesi Tengah,7201000,Banggai Kepulauan,Kabupaten,7201071,Buko Selatan
7200000,Sulawesi Tengah,7202000,Banggai,Kabupaten,7202010,Toili
7200000,Sulawesi Tengah,7202000,Banggai,Kabupaten,7202011,Toili Barat
7200000,Sulawesi Tengah,7202000,Banggai,Kabupaten,7202012,Moilong
7200000,Sulawesi Tengah,7202000,Banggai,Kabupaten,7202013,Toili Jaya
7200000,Sulawesi Tengah,7202000,Banggai,Kabupaten,7202020,Batui
7200000,Sulawesi Tengah,7202000,Banggai,Kabupaten,7202021,Batui Selatan
7200000,Sulawesi Tengah,7202000,Banggai,Kabupaten,7202030,Bunta
7200000,Sulawesi Tengah,7202000,Banggai,Kabupaten,7202031,Nuhon
7200000,Sulawesi Tengah,7202000,Banggai,Kabupaten,7202032,Simpang Raya
7200000,Sulawesi Tengah,7202000,Banggai,Kabupaten,7202040,Kintom
7200000,Sulawesi Tengah,7202000,Banggai,Kabupaten,7202050,Luwuk
7200000,Sulawesi Tengah,7202000,Banggai,Kabupaten,7202051,Luwuk Timur
7200000,Sulawesi Tengah,7202000,Banggai,Kabupaten,7202052,Luwuk Utara
7200000,Sulawesi Tengah,7202000,Banggai,Kabupaten,7202053,Luwuk Selatan
7200000,Sulawesi Tengah,7202000,Banggai,Kabupaten,7202054,Nambo
7200000,Sulawesi Tengah,7202000,Banggai,Kabupaten,7202060,Pagimana
7200000,Sulawesi Tengah,7202000,Banggai,Kabupaten,7202061,Bualemo
7200000,Sulawesi Tengah,7202000,Banggai,Kabupaten,7202062,Lobu
7200000,Sulawesi Tengah,7202000,Banggai,Kabupaten,7202070,Lamala
7200000,Sulawesi Tengah,7202000,Banggai,Kabupaten,7202071,Masama
7200000,Sulawesi Tengah,7202000,Banggai,Kabupaten,7202072,Mantoh
7200000,Sulawesi Tengah,7202000,Banggai,Kabupaten,7202080,Balantak
7200000,Sulawesi Tengah,7202000,Banggai,Kabupaten,7202081,Balantak Selatan
7200000,Sulawesi Tengah,7202000,Banggai,Kabupaten,7202082,Balantak Utara
7200000,Sulawesi Tengah,7203000,Morowali,Kabupaten,7203010,Menui Kepulauan
7200000,Sulawesi Tengah,7203000,Morowali,Kabupaten,7203011,Sombori Kepulauan
7200000,Sulawesi Tengah,7203000,Morowali,Kabupaten,7203020,Bungku Selatan
7200000,Sulawesi Tengah,7203000,Morowali,Kabupaten,7203021,Bahodopi
7200000,Sulawesi Tengah,7203000,Morowali,Kabupaten,7203022,Bungku Pesisir
7200000,Sulawesi Tengah,7203000,Morowali,Kabupaten,7203030,Bungku Tengah
7200000,Sulawesi Tengah,7203000,Morowali,Kabupaten,7203031,Bungku Timur
7200000,Sulawesi Tengah,7203000,Morowali,Kabupaten,7203040,Bungku Barat
7200000,Sulawesi Tengah,7203000,Morowali,Kabupaten,7203041,Bumi Raya
7200000,Sulawesi Tengah,7203000,Morowali,Kabupaten,7203042,Wita Ponda
7200000,Sulawesi Tengah,7204000,Poso,Kabupaten,7204010,Pamona Selatan
7200000,Sulawesi Tengah,7204000,Poso,Kabupaten,7204011,Pamona Barat
7200000,Sulawesi Tengah,7204000,Poso,Kabupaten,7204012,Pamona Tenggara
7200000,Sulawesi Tengah,7204000,Poso,Kabupaten,7204020,Lore Selatan
7200000,Sulawesi Tengah,7204000,Poso,Kabupaten,7204021,Lore Barat
7200000,Sulawesi Tengah,7204000,Poso,Kabupaten,7204030,Pamona Pusalemba
7200000,Sulawesi Tengah,7204000,Poso,Kabupaten,7204031,Pamona Timur
7200000,Sulawesi Tengah,7204000,Poso,Kabupaten,7204032,Pamona Utara
7200000,Sulawesi Tengah,7204000,Poso,Kabupaten,7204040,Lore Utara
7200000,Sulawesi Tengah,7204000,Poso,Kabupaten,7204041,Lore Tengah
7200000,Sulawesi Tengah,7204000,Poso,Kabupaten,7204042,Lore Timur
7200000,Sulawesi Tengah,7204000,Poso,Kabupaten,7204043,Lore Peore
7200000,Sulawesi Tengah,7204000,Poso,Kabupaten,7204050,Poso Pesisir
7200000,Sulawesi Tengah,7204000,Poso,Kabupaten,7204051,Poso Pesisir Selatan
7200000,Sulawesi Tengah,7204000,Poso,Kabupaten,7204052,Poso Pesisir Utara
7200000,Sulawesi Tengah,7204000,Poso,Kabupaten,7204060,Lage
7200000,Sulawesi Tengah,7204000,Poso,Kabupaten,7204070,Poso Kota
7200000,Sulawesi Tengah,7204000,Poso,Kabupaten,7204071,Poso Kota Utara
7200000,Sulawesi Tengah,7204000,Poso,Kabupaten,7204072,Poso Kota Selatan
7200000,Sulawesi Tengah,7205000,Donggala,Kabupaten,7205041,Rio Pakava
7200000,Sulawesi Tengah,7205000,Donggala,Kabupaten,7205051,Pinembani
7200000,Sulawesi Tengah,7205000,Donggala,Kabupaten,7205080,Banawa
7200000,Sulawesi Tengah,7205000,Donggala,Kabupaten,7205081,Banawa Selatan
7200000,Sulawesi Tengah,7205000,Donggala,Kabupaten,7205082,Banawa Tengah
7200000,Sulawesi Tengah,7205000,Donggala,Kabupaten,7205090,Labuan
7200000,Sulawesi Tengah,7205000,Donggala,Kabupaten,7205091,Tanantovea
7200000,Sulawesi Tengah,7205000,Donggala,Kabupaten,7205100,Sindue
7200000,Sulawesi Tengah,7205000,Donggala,Kabupaten,7205101,Sindue Tombusabora
7200000,Sulawesi Tengah,7205000,Donggala,Kabupaten,7205102,Sindue Tobata
7200000,Sulawesi Tengah,7205000,Donggala,Kabupaten,7205120,Sirenja
7200000,Sulawesi Tengah,7205000,Donggala,Kabupaten,7205130,Balaesang
7200000,Sulawesi Tengah,7205000,Donggala,Kabupaten,7205131,Balaesang Tanjung
7200000,Sulawesi Tengah,7205000,Donggala,Kabupaten,7205140,Dampelas
7200000,Sulawesi Tengah,7205000,Donggala,Kabupaten,7205160,Sojol
7200000,Sulawesi Tengah,7205000,Donggala,Kabupaten,7205161,Sojol Utara
7200000,Sulawesi Tengah,7206000,Toli-Toli,Kabupaten,7206010,Dampal Selatan
7200000,Sulawesi Tengah,7206000,Toli-Toli,Kabupaten,7206020,Dampal Utara
7200000,Sulawesi Tengah,7206000,Toli-Toli,Kabupaten,7206030,Dondo
7200000,Sulawesi Tengah,7206000,Toli-Toli,Kabupaten,7206031,Ogodeide
7200000,Sulawesi Tengah,7206000,Toli-Toli,Kabupaten,7206032,Basidondo
7200000,Sulawesi Tengah,7206000,Toli-Toli,Kabupaten,7206040,Baolan
7200000,Sulawesi Tengah,7206000,Toli-Toli,Kabupaten,7206041,Lampasio
7200000,Sulawesi Tengah,7206000,Toli-Toli,Kabupaten,7206050,Galang
7200000,Sulawesi Tengah,7206000,Toli-Toli,Kabupaten,7206060,Tolitoli Utara
7200000,Sulawesi Tengah,7206000,Toli-Toli,Kabupaten,7206061,Dako Pemean
7200000,Sulawesi Tengah,7207000,Buol,Kabupaten,7207010,Lakea
7200000,Sulawesi Tengah,7207000,Buol,Kabupaten,7207011,Biau
7200000,Sulawesi Tengah,7207000,Buol,Kabupaten,7207012,Karamat
7200000,Sulawesi Tengah,7207000,Buol,Kabupaten,7207020,Momunu
7200000,Sulawesi Tengah,7207000,Buol,Kabupaten,7207021,Tiloan
7200000,Sulawesi Tengah,7207000,Buol,Kabupaten,7207030,Bokat
7200000,Sulawesi Tengah,7207000,Buol,Kabupaten,7207031,Bukal
7200000,Sulawesi Tengah,7207000,Buol,Kabupaten,7207040,Bunobogu
7200000,Sulawesi Tengah,7207000,Buol,Kabupaten,7207041,Gadung
7200000,Sulawesi Tengah,7207000,Buol,Kabupaten,7207050,Paleleh
7200000,Sulawesi Tengah,7207000,Buol,Kabupaten,7207051,Paleleh Barat
7200000,Sulawesi Tengah,7208000,Parigi Moutong,Kabupaten,7208010,Sausu
7200000,Sulawesi Tengah,7208000,Parigi Moutong,Kabupaten,7208011,Torue
7200000,Sulawesi Tengah,7208000,Parigi Moutong,Kabupaten,7208012,Balinggi
7200000,Sulawesi Tengah,7208000,Parigi Moutong,Kabupaten,7208020,Parigi
7200000,Sulawesi Tengah,7208000,Parigi Moutong,Kabupaten,7208021,Parigi Selatan
7200000,Sulawesi Tengah,7208000,Parigi Moutong,Kabupaten,7208022,Parigi Barat
7200000,Sulawesi Tengah,7208000,Parigi Moutong,Kabupaten,7208023,Parigi Utara
7200000,Sulawesi Tengah,7208000,Parigi Moutong,Kabupaten,7208024,Parigi Tengah
7200000,Sulawesi Tengah,7208000,Parigi Moutong,Kabupaten,7208030,Ampibabo
7200000,Sulawesi Tengah,7208000,Parigi Moutong,Kabupaten,7208031,Kasimbar
7200000,Sulawesi Tengah,7208000,Parigi Moutong,Kabupaten,7208032,Toribulu
7200000,Sulawesi Tengah,7208000,Parigi Moutong,Kabupaten,7208033,Siniu
7200000,Sulawesi Tengah,7208000,Parigi Moutong,Kabupaten,7208040,Tinombo
7200000,Sulawesi Tengah,7208000,Parigi Moutong,Kabupaten,7208041,Tinombo Selatan
7200000,Sulawesi Tengah,7208000,Parigi Moutong,Kabupaten,7208042,Sidoan
7200000,Sulawesi Tengah,7208000,Parigi Moutong,Kabupaten,7208050,Tomini
7200000,Sulawesi Tengah,7208000,Parigi Moutong,Kabupaten,7208051,Mepanga
7200000,Sulawesi Tengah,7208000,Parigi Moutong,Kabupaten,7208052,Palasa
7200000,Sulawesi Tengah,7208000,Parigi Moutong,Kabupaten,7208060,Moutong
7200000,Sulawesi Tengah,7208000,Parigi Moutong,Kabupaten,7208061,Bolano Lambunu
7200000,Sulawesi Tengah,7208000,Parigi Moutong,Kabupaten,7208062,Taopa
7200000,Sulawesi Tengah,7208000,Parigi Moutong,Kabupaten,7208063,Bolano
7200000,Sulawesi Tengah,7208000,Parigi Moutong,Kabupaten,7208064,Ongka Malino
7200000,Sulawesi Tengah,7209000,Tojo Una-Una,Kabupaten,7209010,Tojo Barat
7200000,Sulawesi Tengah,7209000,Tojo Una-Una,Kabupaten,7209020,Tojo
7200000,Sulawesi Tengah,7209000,Tojo Una-Una,Kabupaten,7209030,Ulubongka
7200000,Sulawesi Tengah,7209000,Tojo Una-Una,Kabupaten,7209040,Ampana Tete
7200000,Sulawesi Tengah,7209000,Tojo Una-Una,Kabupaten,7209050,Ampana Kota
7200000,Sulawesi Tengah,7209000,Tojo Una-Una,Kabupaten,7209051,Ratolindo
7200000,Sulawesi Tengah,7209000,Tojo Una-Una,Kabupaten,7209060,Una - Una
7200000,Sulawesi Tengah,7209000,Tojo Una-Una,Kabupaten,7209061,Batudaka
7200000,Sulawesi Tengah,7209000,Tojo Una-Una,Kabupaten,7209070,Togean
7200000,Sulawesi Tengah,7209000,Tojo Una-Una,Kabupaten,7209080,Walea Kepulauan
7200000,Sulawesi Tengah,7209000,Tojo Una-Una,Kabupaten,7209081,Walea Besar
7200000,Sulawesi Tengah,7209000,Tojo Una-Una,Kabupaten,7209082,Talatako
7200000,Sulawesi Tengah,7210000,Sigi,Kabupaten,7210010,Pipikoro
7200000,Sulawesi Tengah,7210000,Sigi,Kabupaten,7210020,Kulawi Selatan
7200000,Sulawesi Tengah,7210000,Sigi,Kabupaten,7210030,Kulawi
7200000,Sulawesi Tengah,7210000,Sigi,Kabupaten,7210040,Lindu
7200000,Sulawesi Tengah,7210000,Sigi,Kabupaten,7210050,Nokilalaki
7200000,Sulawesi Tengah,7210000,Sigi,Kabupaten,7210060,Palolo
7200000,Sulawesi Tengah,7210000,Sigi,Kabupaten,7210070,Gumbasa
7200000,Sulawesi Tengah,7210000,Sigi,Kabupaten,7210080,Dolo Selatan
7200000,Sulawesi Tengah,7210000,Sigi,Kabupaten,7210090,Dolo Barat
7200000,Sulawesi Tengah,7210000,Sigi,Kabupaten,7210100,Tanambulava
7200000,Sulawesi Tengah,7210000,Sigi,Kabupaten,7210110,Dolo
7200000,Sulawesi Tengah,7210000,Sigi,Kabupaten,7210120,Sigi Biromaru
7200000,Sulawesi Tengah,7210000,Sigi,Kabupaten,7210121,Sigi Kota
7200000,Sulawesi Tengah,7210000,Sigi,Kabupaten,7210130,Marawola
7200000,Sulawesi Tengah,7210000,Sigi,Kabupaten,7210140,Marawola Barat
7200000,Sulawesi Tengah,7210000,Sigi,Kabupaten,7210150,Kinovaro
7200000,Sulawesi Tengah,7211000,Banggai Laut,Kabupaten,7211010,Bangkurung
7200000,Sulawesi Tengah,7211000,Banggai Laut,Kabupaten,7211020,Labobo
7200000,Sulawesi Tengah,7211000,Banggai Laut,Kabupaten,7211030,Banggai Utara
7200000,Sulawesi Tengah,7211000,Banggai Laut,Kabupaten,7211040,Banggai
7200000,Sulawesi Tengah,7211000,Banggai Laut,Kabupaten,7211050,Banggai Tengah
7200000,Sulawesi Tengah,7211000,Banggai Laut,Kabupaten,7211060,Banggai Selatan
7200000,Sulawesi Tengah,7211000,Banggai Laut,Kabupaten,7211070,Bokan Kepulauan
7200000,Sulawesi Tengah,7212000,Morowali Utara,Kabupaten,7212010,Mori Atas
7200000,Sulawesi Tengah,7212000,Morowali Utara,Kabupaten,7212020,Lembo
7200000,Sulawesi Tengah,7212000,Morowali Utara,Kabupaten,7212030,Lembo Raya
7200000,Sulawesi Tengah,7212000,Morowali Utara,Kabupaten,7212040,Petasia Timur
7200000,Sulawesi Tengah,7212000,Morowali Utara,Kabupaten,7212050,Petasia
7200000,Sulawesi Tengah,7212000,Morowali Utara,Kabupaten,7212060,Petasia Barat
7200000,Sulawesi Tengah,7212000,Morowali Utara,Kabupaten,7212070,Mori Utara
7200000,Sulawesi Tengah,7212000,Morowali Utara,Kabupaten,7212080,Soyo Jaya
7200000,Sulawesi Tengah,7212000,Morowali Utara,Kabupaten,7212090,Bungku Utara
7200000,Sulawesi Tengah,7212000,Morowali Utara,Kabupaten,7212100,Mamosalato
7200000,Sulawesi Tengah,7271000,Palu,Kota,7271010,Palu Barat
7200000,Sulawesi Tengah,7271000,Palu,Kota,7271011,Tatanga
7200000,Sulawesi Tengah,7271000,Palu,Kota,7271012,Ulujadi
7200000,Sulawesi Tengah,7271000,Palu,Kota,7271020,Palu Selatan
7200000,Sulawesi Tengah,7271000,Palu,Kota,7271030,Palu Timur
7200000,Sulawesi Tengah,7271000,Palu,Kota,7271031,Mantikulore
7200000,Sulawesi Tengah,7271000,Palu,Kota,7271040,Palu Utara
7200000,Sulawesi Tengah,7271000,Palu,Kota,7271041,Tawaeli
7300000,Sulawesi Selatan,7301000,Kepulauan Selayar,Kabupaten,7301010,Pasimarannu
7300000,Sulawesi Selatan,7301000,Kepulauan Selayar,Kabupaten,7301011,Pasilambena
7300000,Sulawesi Selatan,7301000,Kepulauan Selayar,Kabupaten,7301020,Pasimassunggu
7300000,Sulawesi Selatan,7301000,Kepulauan Selayar,Kabupaten,7301021,Takabonerate
7300000,Sulawesi Selatan,7301000,Kepulauan Selayar,Kabupaten,7301022,Pasimassunggu Timur
7300000,Sulawesi Selatan,7301000,Kepulauan Selayar,Kabupaten,7301030,Bontosikuyu
7300000,Sulawesi Selatan,7301000,Kepulauan Selayar,Kabupaten,7301040,Bontoharu
7300000,Sulawesi Selatan,7301000,Kepulauan Selayar,Kabupaten,7301041,Benteng
7300000,Sulawesi Selatan,7301000,Kepulauan Selayar,Kabupaten,7301042,Bontomanai
7300000,Sulawesi Selatan,7301000,Kepulauan Selayar,Kabupaten,7301050,Bontomatene
7300000,Sulawesi Selatan,7301000,Kepulauan Selayar,Kabupaten,7301051,Buki
7300000,Sulawesi Selatan,7302000,Bulukumba,Kabupaten,7302010,Gantarang
7300000,Sulawesi Selatan,7302000,Bulukumba,Kabupaten,7302020,Ujung Bulu
7300000,Sulawesi Selatan,7302000,Bulukumba,Kabupaten,7302021,Ujung Loe
7300000,Sulawesi Selatan,7302000,Bulukumba,Kabupaten,7302030,Bonto Bahari
7300000,Sulawesi Selatan,7302000,Bulukumba,Kabupaten,7302040,Bontotiro
7300000,Sulawesi Selatan,7302000,Bulukumba,Kabupaten,7302050,Hero Lange-Lange
7300000,Sulawesi Selatan,7302000,Bulukumba,Kabupaten,7302060,Kajang
7300000,Sulawesi Selatan,7302000,Bulukumba,Kabupaten,7302070,Bulukumpa
7300000,Sulawesi Selatan,7302000,Bulukumba,Kabupaten,7302080,Rilau Ale
7300000,Sulawesi Selatan,7302000,Bulukumba,Kabupaten,7302090,Kindang
7300000,Sulawesi Selatan,7303000,Bantaeng,Kabupaten,7303010,Bissappu
7300000,Sulawesi Selatan,7303000,Bantaeng,Kabupaten,7303011,Uluere
7300000,Sulawesi Selatan,7303000,Bantaeng,Kabupaten,7303012,Sinoa
7300000,Sulawesi Selatan,7303000,Bantaeng,Kabupaten,7303020,Bantaeng
7300000,Sulawesi Selatan,7303000,Bantaeng,Kabupaten,7303021,Eremerasa
7300000,Sulawesi Selatan,7303000,Bantaeng,Kabupaten,7303030,Tompobulu
7300000,Sulawesi Selatan,7303000,Bantaeng,Kabupaten,7303031,Pa'jukukang
7300000,Sulawesi Selatan,7303000,Bantaeng,Kabupaten,7303032,Gantarangkeke
7300000,Sulawesi Selatan,7304000,Jeneponto,Kabupaten,7304010,Bangkala
7300000,Sulawesi Selatan,7304000,Jeneponto,Kabupaten,7304011,Bangkala Barat
7300000,Sulawesi Selatan,7304000,Jeneponto,Kabupaten,7304020,Tamalatea
7300000,Sulawesi Selatan,7304000,Jeneponto,Kabupaten,7304021,Bontoramba
7300000,Sulawesi Selatan,7304000,Jeneponto,Kabupaten,7304030,Binamu
7300000,Sulawesi Selatan,7304000,Jeneponto,Kabupaten,7304031,Turatea
7300000,Sulawesi Selatan,7304000,Jeneponto,Kabupaten,7304040,Batang
7300000,Sulawesi Selatan,7304000,Jeneponto,Kabupaten,7304041,Arungkeke
7300000,Sulawesi Selatan,7304000,Jeneponto,Kabupaten,7304042,Tarowang
7300000,Sulawesi Selatan,7304000,Jeneponto,Kabupaten,7304050,Kelara
7300000,Sulawesi Selatan,7304000,Jeneponto,Kabupaten,7304051,Rumbia
7300000,Sulawesi Selatan,7305000,Takalar,Kabupaten,7305010,Mangarabombang
7300000,Sulawesi Selatan,7305000,Takalar,Kabupaten,7305011,Laikang
7300000,Sulawesi Selatan,7305000,Takalar,Kabupaten,7305020,Mappakasunggu
7300000,Sulawesi Selatan,7305000,Takalar,Kabupaten,7305021,Sanrobone
7300000,Sulawesi Selatan,7305000,Takalar,Kabupaten,7305022,Kepulauan Tanakeke
7300000,Sulawesi Selatan,7305000,Takalar,Kabupaten,7305030,Polombangkeng Selatan
7300000,Sulawesi Selatan,7305000,Takalar,Kabupaten,7305031,Pattallassang
7300000,Sulawesi Selatan,7305000,Takalar,Kabupaten,7305040,Polombangkeng Utara
7300000,Sulawesi Selatan,7305000,Takalar,Kabupaten,7305041,Polongbangkeng Timur
7300000,Sulawesi Selatan,7305000,Takalar,Kabupaten,7305050,Galesong Selatan
7300000,Sulawesi Selatan,7305000,Takalar,Kabupaten,7305051,Galesong
7300000,Sulawesi Selatan,7305000,Takalar,Kabupaten,7305060,Galesong Utara
7300000,Sulawesi Selatan,7306000,Gowa,Kabupaten,7306010,Bontonompo
7300000,Sulawesi Selatan,7306000,Gowa,Kabupaten,7306011,Bontonompo Selatan
7300000,Sulawesi Selatan,7306000,Gowa,Kabupaten,7306020,Bajeng
7300000,Sulawesi Selatan,7306000,Gowa,Kabupaten,7306021,Bajeng Barat
7300000,Sulawesi Selatan,7306000,Gowa,Kabupaten,7306030,Pallangga
7300000,Sulawesi Selatan,7306000,Gowa,Kabupaten,7306031,Barombong
7300000,Sulawesi Selatan,7306000,Gowa,Kabupaten,7306040,Somba Opu
7300000,Sulawesi Selatan,7306000,Gowa,Kabupaten,7306050,Bontomarannu
7300000,Sulawesi Selatan,7306000,Gowa,Kabupaten,7306051,Pattallassang
7300000,Sulawesi Selatan,7306000,Gowa,Kabupaten,7306060,Parangloe
7300000,Sulawesi Selatan,7306000,Gowa,Kabupaten,7306061,Manuju
7300000,Sulawesi Selatan,7306000,Gowa,Kabupaten,7306070,Tinggimoncong
7300000,Sulawesi Selatan,7306000,Gowa,Kabupaten,7306071,Tombolo Pao
7300000,Sulawesi Selatan,7306000,Gowa,Kabupaten,7306072,Parigi
7300000,Sulawesi Selatan,7306000,Gowa,Kabupaten,7306080,Bungaya
7300000,Sulawesi Selatan,7306000,Gowa,Kabupaten,7306081,Bontolempangan
7300000,Sulawesi Selatan,7306000,Gowa,Kabupaten,7306090,Tompobulu
7300000,Sulawesi Selatan,7306000,Gowa,Kabupaten,7306091,Biringbulu
7300000,Sulawesi Selatan,7307000,Sinjai,Kabupaten,7307010,Sinjai Barat
7300000,Sulawesi Selatan,7307000,Sinjai,Kabupaten,7307020,Sinjai Borong
7300000,Sulawesi Selatan,7307000,Sinjai,Kabupaten,7307030,Sinjai Selatan
7300000,Sulawesi Selatan,7307000,Sinjai,Kabupaten,7307040,Tellu Limpoe
7300000,Sulawesi Selatan,7307000,Sinjai,Kabupaten,7307050,Sinjai Timur
7300000,Sulawesi Selatan,7307000,Sinjai,Kabupaten,7307060,Sinjai Tengah
7300000,Sulawesi Selatan,7307000,Sinjai,Kabupaten,7307070,Sinjai Utara
7300000,Sulawesi Selatan,7307000,Sinjai,Kabupaten,7307080,Bulupoddo
7300000,Sulawesi Selatan,7307000,Sinjai,Kabupaten,7307090,Pulau Sembilan
7300000,Sulawesi Selatan,7308000,Maros,Kabupaten,7308010,Mandai
7300000,Sulawesi Selatan,7308000,Maros,Kabupaten,7308011,Moncongloe
7300000,Sulawesi Selatan,7308000,Maros,Kabupaten,7308020,Maros Baru
7300000,Sulawesi Selatan,7308000,Maros,Kabupaten,7308021,Marusu
7300000,Sulawesi Selatan,7308000,Maros,Kabupaten,7308022,Turikale
7300000,Sulawesi Selatan,7308000,Maros,Kabupaten,7308023,Lau
7300000,Sulawesi Selatan,7308000,Maros,Kabupaten,7308030,Bontoa
7300000,Sulawesi Selatan,7308000,Maros,Kabupaten,7308040,Bantimurung
7300000,Sulawesi Selatan,7308000,Maros,Kabupaten,7308041,Simbang
7300000,Sulawesi Selatan,7308000,Maros,Kabupaten,7308050,Tanralili
7300000,Sulawesi Selatan,7308000,Maros,Kabupaten,7308051,Tompu Bulu
7300000,Sulawesi Selatan,7308000,Maros,Kabupaten,7308060,Camba
7300000,Sulawesi Selatan,7308000,Maros,Kabupaten,7308061,Cenrana
7300000,Sulawesi Selatan,7308000,Maros,Kabupaten,7308070,Mallawa
7300000,Sulawesi Selatan,7309000,Pangkajene Dan Kepulauan,Kabupaten,7309010,Liukang Tangaya
7300000,Sulawesi Selatan,7309000,Pangkajene Dan Kepulauan,Kabupaten,7309020,Liukang Kalmas
7300000,Sulawesi Selatan,7309000,Pangkajene Dan Kepulauan,Kabupaten,7309030,Liukang Tupabbiring
7300000,Sulawesi Selatan,7309000,Pangkajene Dan Kepulauan,Kabupaten,7309031,Liukang Tupabbiring Utara
7300000,Sulawesi Selatan,7309000,Pangkajene Dan Kepulauan,Kabupaten,7309040,Pangkajene
7300000,Sulawesi Selatan,7309000,Pangkajene Dan Kepulauan,Kabupaten,7309041,Minasatene
7300000,Sulawesi Selatan,7309000,Pangkajene Dan Kepulauan,Kabupaten,7309050,Balocci
7300000,Sulawesi Selatan,7309000,Pangkajene Dan Kepulauan,Kabupaten,7309051,Tondong Tallasa
7300000,Sulawesi Selatan,7309000,Pangkajene Dan Kepulauan,Kabupaten,7309060,Bungoro
7300000,Sulawesi Selatan,7309000,Pangkajene Dan Kepulauan,Kabupaten,7309070,Labakkang
7300000,Sulawesi Selatan,7309000,Pangkajene Dan Kepulauan,Kabupaten,7309080,Ma'rang
7300000,Sulawesi Selatan,7309000,Pangkajene Dan Kepulauan,Kabupaten,7309091,Segeri
7300000,Sulawesi Selatan,7309000,Pangkajene Dan Kepulauan,Kabupaten,7309092,Mandalle
7300000,Sulawesi Selatan,7310000,Barru,Kabupaten,7310010,Tanete Riaja
7300000,Sulawesi Selatan,7310000,Barru,Kabupaten,7310011,Pujananting
7300000,Sulawesi Selatan,7310000,Barru,Kabupaten,7310020,Tanete Rilau
7300000,Sulawesi Selatan,7310000,Barru,Kabupaten,7310030,Barru
7300000,Sulawesi Selatan,7310000,Barru,Kabupaten,7310040,Soppeng Riaja
7300000,Sulawesi Selatan,7310000,Barru,Kabupaten,7310041,Balusu
7300000,Sulawesi Selatan,7310000,Barru,Kabupaten,7310050,Mallusetasi
7300000,Sulawesi Selatan,7311000,Bone,Kabupaten,7311010,Bontocani
7300000,Sulawesi Selatan,7311000,Bone,Kabupaten,7311020,Kahu
7300000,Sulawesi Selatan,7311000,Bone,Kabupaten,7311030,Kajuara
7300000,Sulawesi Selatan,7311000,Bone,Kabupaten,7311040,Salomekko
7300000,Sulawesi Selatan,7311000,Bone,Kabupaten,7311050,Tonra
7300000,Sulawesi Selatan,7311000,Bone,Kabupaten,7311060,Patimpeng
7300000,Sulawesi Selatan,7311000,Bone,Kabupaten,7311070,Libureng
7300000,Sulawesi Selatan,7311000,Bone,Kabupaten,7311080,Mare
7300000,Sulawesi Selatan,7311000,Bone,Kabupaten,7311090,Sibulue
7300000,Sulawesi Selatan,7311000,Bone,Kabupaten,7311100,Cina
7300000,Sulawesi Selatan,7311000,Bone,Kabupaten,7311110,Barebbo
7300000,Sulawesi Selatan,7311000,Bone,Kabupaten,7311120,Ponre
7300000,Sulawesi Selatan,7311000,Bone,Kabupaten,7311130,Lappariaja
7300000,Sulawesi Selatan,7311000,Bone,Kabupaten,7311140,Lamuru
7300000,Sulawesi Selatan,7311000,Bone,Kabupaten,7311141,Tellu Limpoe
7300000,Sulawesi Selatan,7311000,Bone,Kabupaten,7311150,Bengo
7300000,Sulawesi Selatan,7311000,Bone,Kabupaten,7311160,Ulaweng
7300000,Sulawesi Selatan,7311000,Bone,Kabupaten,7311170,Palakka
7300000,Sulawesi Selatan,7311000,Bone,Kabupaten,7311180,Awangpone
7300000,Sulawesi Selatan,7311000,Bone,Kabupaten,7311190,Tellu Siattinge
7300000,Sulawesi Selatan,7311000,Bone,Kabupaten,7311200,Amali
7300000,Sulawesi Selatan,7311000,Bone,Kabupaten,7311210,Ajangale
7300000,Sulawesi Selatan,7311000,Bone,Kabupaten,7311220,Dua Boccoe
7300000,Sulawesi Selatan,7311000,Bone,Kabupaten,7311230,Cenrana
7300000,Sulawesi Selatan,7311000,Bone,Kabupaten,7311710,Tanete Riattang Barat
7300000,Sulawesi Selatan,7311000,Bone,Kabupaten,7311720,Tanete Riattang
7300000,Sulawesi Selatan,7311000,Bone,Kabupaten,7311730,Tanete Riattang Timur
7300000,Sulawesi Selatan,7312000,Soppeng,Kabupaten,7312010,Mario Riwawo
7300000,Sulawesi Selatan,7312000,Soppeng,Kabupaten,7312020,Lalabata
7300000,Sulawesi Selatan,7312000,Soppeng,Kabupaten,7312030,Lili Riaja
7300000,Sulawesi Selatan,7312000,Soppeng,Kabupaten,7312031,Ganra
7300000,Sulawesi Selatan,7312000,Soppeng,Kabupaten,7312032,Citta
7300000,Sulawesi Selatan,7312000,Soppeng,Kabupaten,7312040,Lili Rilau
7300000,Sulawesi Selatan,7312000,Soppeng,Kabupaten,7312050,Donri Donri
7300000,Sulawesi Selatan,7312000,Soppeng,Kabupaten,7312060,Mario Riawa
7300000,Sulawesi Selatan,7313000,Wajo,Kabupaten,7313010,Sabbang Paru
7300000,Sulawesi Selatan,7313000,Wajo,Kabupaten,7313020,Tempe
7300000,Sulawesi Selatan,7313000,Wajo,Kabupaten,7313030,Pammana
7300000,Sulawesi Selatan,7313000,Wajo,Kabupaten,7313040,Bola
7300000,Sulawesi Selatan,7313000,Wajo,Kabupaten,7313050,Takkalalla
7300000,Sulawesi Selatan,7313000,Wajo,Kabupaten,7313060,Sajoanging
7300000,Sulawesi Selatan,7313000,Wajo,Kabupaten,7313061,Penrang
7300000,Sulawesi Selatan,7313000,Wajo,Kabupaten,7313070,Majauleng
7300000,Sulawesi Selatan,7313000,Wajo,Kabupaten,7313080,Tanasitolo
7300000,Sulawesi Selatan,7313000,Wajo,Kabupaten,7313090,Belawa
7300000,Sulawesi Selatan,7313000,Wajo,Kabupaten,7313100,Maniang Pajo
7300000,Sulawesi Selatan,7313000,Wajo,Kabupaten,7313101,Gilireng
7300000,Sulawesi Selatan,7313000,Wajo,Kabupaten,7313110,Keera
7300000,Sulawesi Selatan,7313000,Wajo,Kabupaten,7313120,Pitumpanua
7300000,Sulawesi Selatan,7314000,Sidenreng Rappang,Kabupaten,7314010,Panca Lautang
7300000,Sulawesi Selatan,7314000,Sidenreng Rappang,Kabupaten,7314020,Tellulimpo E
7300000,Sulawesi Selatan,7314000,Sidenreng Rappang,Kabupaten,7314030,Watang Pulu
7300000,Sulawesi Selatan,7314000,Sidenreng Rappang,Kabupaten,7314040,Baranti
7300000,Sulawesi Selatan,7314000,Sidenreng Rappang,Kabupaten,7314050,Panca Rijang
7300000,Sulawesi Selatan,7314000,Sidenreng Rappang,Kabupaten,7314051,Kulo
7300000,Sulawesi Selatan,7314000,Sidenreng Rappang,Kabupaten,7314060,Maritengngae
7300000,Sulawesi Selatan,7314000,Sidenreng Rappang,Kabupaten,7314061,Watang Sidenreng
7300000,Sulawesi Selatan,7314000,Sidenreng Rappang,Kabupaten,7314070,Pitu Riawa
7300000,Sulawesi Selatan,7314000,Sidenreng Rappang,Kabupaten,7314080,Duapitue
7300000,Sulawesi Selatan,7314000,Sidenreng Rappang,Kabupaten,7314081,Pitu Riase
7300000,Sulawesi Selatan,7315000,Pinrang,Kabupaten,7315010,Suppa
7300000,Sulawesi Selatan,7315000,Pinrang,Kabupaten,7315020,Mattirosompe
7300000,Sulawesi Selatan,7315000,Pinrang,Kabupaten,7315021,Lanrisang
7300000,Sulawesi Selatan,7315000,Pinrang,Kabupaten,7315030,Mattiro Bulu
7300000,Sulawesi Selatan,7315000,Pinrang,Kabupaten,7315040,Watang Sawitto
7300000,Sulawesi Selatan,7315000,Pinrang,Kabupaten,7315041,Paleteang
7300000,Sulawesi Selatan,7315000,Pinrang,Kabupaten,7315042,Tiroang
7300000,Sulawesi Selatan,7315000,Pinrang,Kabupaten,7315050,Patampanua
7300000,Sulawesi Selatan,7315000,Pinrang,Kabupaten,7315060,Cempa
7300000,Sulawesi Selatan,7315000,Pinrang,Kabupaten,7315070,Duampanua
7300000,Sulawesi Selatan,7315000,Pinrang,Kabupaten,7315071,Batulappa
7300000,Sulawesi Selatan,7315000,Pinrang,Kabupaten,7315080,Lembang
7300000,Sulawesi Selatan,7316000,Enrekang,Kabupaten,7316010,Maiwa
7300000,Sulawesi Selatan,7316000,Enrekang,Kabupaten,7316011,Bungin
7300000,Sulawesi Selatan,7316000,Enrekang,Kabupaten,7316020,Enrekang
7300000,Sulawesi Selatan,7316000,Enrekang,Kabupaten,7316021,Cendana
7300000,Sulawesi Selatan,7316000,Enrekang,Kabupaten,7316030,Baraka
7300000,Sulawesi Selatan,7316000,Enrekang,Kabupaten,7316031,Buntu Batu
7300000,Sulawesi Selatan,7316000,Enrekang,Kabupaten,7316040,Anggeraja
7300000,Sulawesi Selatan,7316000,Enrekang,Kabupaten,7316041,Malua
7300000,Sulawesi Selatan,7316000,Enrekang,Kabupaten,7316050,Alla
7300000,Sulawesi Selatan,7316000,Enrekang,Kabupaten,7316051,Curio
7300000,Sulawesi Selatan,7316000,Enrekang,Kabupaten,7316052,Masalle
7300000,Sulawesi Selatan,7316000,Enrekang,Kabupaten,7316053,Baroko
7300000,Sulawesi Selatan,7317000,Luwu,Kabupaten,7317010,Larompong
7300000,Sulawesi Selatan,7317000,Luwu,Kabupaten,7317011,Larompong Selatan
7300000,Sulawesi Selatan,7317000,Luwu,Kabupaten,7317020,Suli
7300000,Sulawesi Selatan,7317000,Luwu,Kabupaten,7317021,Suli Barat
7300000,Sulawesi Selatan,7317000,Luwu,Kabupaten,7317030,Belopa
7300000,Sulawesi Selatan,7317000,Luwu,Kabupaten,7317031,Kamanre
7300000,Sulawesi Selatan,7317000,Luwu,Kabupaten,7317032,Belopa Utara
7300000,Sulawesi Selatan,7317000,Luwu,Kabupaten,7317040,Bajo
7300000,Sulawesi Selatan,7317000,Luwu,Kabupaten,7317041,Bajo Barat
7300000,Sulawesi Selatan,7317000,Luwu,Kabupaten,7317050,Bassesangtempe
7300000,Sulawesi Selatan,7317000,Luwu,Kabupaten,7317051,Latimojong
7300000,Sulawesi Selatan,7317000,Luwu,Kabupaten,7317052,Bassesangtempe Utara
7300000,Sulawesi Selatan,7317000,Luwu,Kabupaten,7317060,Bupon
7300000,Sulawesi Selatan,7317000,Luwu,Kabupaten,7317061,Ponrang
7300000,Sulawesi Selatan,7317000,Luwu,Kabupaten,7317062,Ponrang Selatan
7300000,Sulawesi Selatan,7317000,Luwu,Kabupaten,7317070,Bua
7300000,Sulawesi Selatan,7317000,Luwu,Kabupaten,7317080,Walenrang
7300000,Sulawesi Selatan,7317000,Luwu,Kabupaten,7317081,Walenrang Timur
7300000,Sulawesi Selatan,7317000,Luwu,Kabupaten,7317090,Lamasi
7300000,Sulawesi Selatan,7317000,Luwu,Kabupaten,7317091,Walenrang Utara
7300000,Sulawesi Selatan,7317000,Luwu,Kabupaten,7317092,Walenrang Barat
7300000,Sulawesi Selatan,7317000,Luwu,Kabupaten,7317093,Lamasi Timur
7300000,Sulawesi Selatan,7318000,Tana Toraja,Kabupaten,7318010,Bonggakaradeng
7300000,Sulawesi Selatan,7318000,Tana Toraja,Kabupaten,7318011,Simbuang
7300000,Sulawesi Selatan,7318000,Tana Toraja,Kabupaten,7318012,Rano
7300000,Sulawesi Selatan,7318000,Tana Toraja,Kabupaten,7318013,Mappak
7300000,Sulawesi Selatan,7318000,Tana Toraja,Kabupaten,7318020,Mengkendek
7300000,Sulawesi Selatan,7318000,Tana Toraja,Kabupaten,7318021,Gandangbatu Silanan
7300000,Sulawesi Selatan,7318000,Tana Toraja,Kabupaten,7318030,Sangalla
7300000,Sulawesi Selatan,7318000,Tana Toraja,Kabupaten,7318031,Sangala Selatan
7300000,Sulawesi Selatan,7318000,Tana Toraja,Kabupaten,7318032,Sangalla Utara
7300000,Sulawesi Selatan,7318000,Tana Toraja,Kabupaten,7318040,Makale
7300000,Sulawesi Selatan,7318000,Tana Toraja,Kabupaten,7318041,Makale Selatan
7300000,Sulawesi Selatan,7318000,Tana Toraja,Kabupaten,7318042,Makale Utara
7300000,Sulawesi Selatan,7318000,Tana Toraja,Kabupaten,7318050,Saluputti
7300000,Sulawesi Selatan,7318000,Tana Toraja,Kabupaten,7318051,Bittuang
7300000,Sulawesi Selatan,7318000,Tana Toraja,Kabupaten,7318052,Rembon
7300000,Sulawesi Selatan,7318000,Tana Toraja,Kabupaten,7318053,Masanda
7300000,Sulawesi Selatan,7318000,Tana Toraja,Kabupaten,7318054,Malimbong Balepe
7300000,Sulawesi Selatan,7318000,Tana Toraja,Kabupaten,7318061,Rantetayo
7300000,Sulawesi Selatan,7318000,Tana Toraja,Kabupaten,7318067,Kurra
7300000,Sulawesi Selatan,7322000,Luwu Utara,Kabupaten,7322010,Sabbang
7300000,Sulawesi Selatan,7322000,Luwu Utara,Kabupaten,7322011,Sabbang Selatan
7300000,Sulawesi Selatan,7322000,Luwu Utara,Kabupaten,7322020,Baebunta
7300000,Sulawesi Selatan,7322000,Luwu Utara,Kabupaten,7322021,Baebunta Selatan
7300000,Sulawesi Selatan,7322000,Luwu Utara,Kabupaten,7322030,Malangke
7300000,Sulawesi Selatan,7322000,Luwu Utara,Kabupaten,7322031,Malangke Barat
7300000,Sulawesi Selatan,7322000,Luwu Utara,Kabupaten,7322040,Sukamaju
7300000,Sulawesi Selatan,7322000,Luwu Utara,Kabupaten,7322041,Sukamaju Selatan
7300000,Sulawesi Selatan,7322000,Luwu Utara,Kabupaten,7322050,Bone-Bone
7300000,Sulawesi Selatan,7322000,Luwu Utara,Kabupaten,7322051,Tana Lili
7300000,Sulawesi Selatan,7322000,Luwu Utara,Kabupaten,7322120,Masamba
7300000,Sulawesi Selatan,7322000,Luwu Utara,Kabupaten,7322121,Mappedeceng
7300000,Sulawesi Selatan,7322000,Luwu Utara,Kabupaten,7322122,Rampi
7300000,Sulawesi Selatan,7322000,Luwu Utara,Kabupaten,7322130,Rongkong
7300000,Sulawesi Selatan,7322000,Luwu Utara,Kabupaten,7322131,Seko
7300000,Sulawesi Selatan,7325000,Luwu Timur,Kabupaten,7325010,Burau
7300000,Sulawesi Selatan,7325000,Luwu Timur,Kabupaten,7325020,Wotu
7300000,Sulawesi Selatan,7325000,Luwu Timur,Kabupaten,7325030,Tomoni
7300000,Sulawesi Selatan,7325000,Luwu Timur,Kabupaten,7325031,Tomoni Timur
7300000,Sulawesi Selatan,7325000,Luwu Timur,Kabupaten,7325040,Angkona
7300000,Sulawesi Selatan,7325000,Luwu Timur,Kabupaten,7325050,Malili
7300000,Sulawesi Selatan,7325000,Luwu Timur,Kabupaten,7325060,Towuti
7300000,Sulawesi Selatan,7325000,Luwu Timur,Kabupaten,7325070,Nuha
7300000,Sulawesi Selatan,7325000,Luwu Timur,Kabupaten,7325071,Wasuponda
7300000,Sulawesi Selatan,7325000,Luwu Timur,Kabupaten,7325080,Mangkutana
7300000,Sulawesi Selatan,7325000,Luwu Timur,Kabupaten,7325081,Kalaena
7300000,Sulawesi Selatan,7326000,Toraja Utara,Kabupaten,7326010,Sopai
7300000,Sulawesi Selatan,7326000,Toraja Utara,Kabupaten,7326020,Kesu
7300000,Sulawesi Selatan,7326000,Toraja Utara,Kabupaten,7326030,Sanggalangi
7300000,Sulawesi Selatan,7326000,Toraja Utara,Kabupaten,7326040,Buntao
7300000,Sulawesi Selatan,7326000,Toraja Utara,Kabupaten,7326050,Rantebua
7300000,Sulawesi Selatan,7326000,Toraja Utara,Kabupaten,7326060,Nanggala
7300000,Sulawesi Selatan,7326000,Toraja Utara,Kabupaten,7326070,Tondon
7300000,Sulawesi Selatan,7326000,Toraja Utara,Kabupaten,7326080,Tallunglipu
7300000,Sulawesi Selatan,7326000,Toraja Utara,Kabupaten,7326090,Rantepao
7300000,Sulawesi Selatan,7326000,Toraja Utara,Kabupaten,7326100,Tikala
7300000,Sulawesi Selatan,7326000,Toraja Utara,Kabupaten,7326110,Sesean
7300000,Sulawesi Selatan,7326000,Toraja Utara,Kabupaten,7326120,Balusu
7300000,Sulawesi Selatan,7326000,Toraja Utara,Kabupaten,7326130,Sa'dan
7300000,Sulawesi Selatan,7326000,Toraja Utara,Kabupaten,7326140,Bangkelekila
7300000,Sulawesi Selatan,7326000,Toraja Utara,Kabupaten,7326150,Sesean Suloara
7300000,Sulawesi Selatan,7326000,Toraja Utara,Kabupaten,7326160,Kapala Pitu
7300000,Sulawesi Selatan,7326000,Toraja Utara,Kabupaten,7326170,Dende Piongan Napo
7300000,Sulawesi Selatan,7326000,Toraja Utara,Kabupaten,7326180,Awan Rante Karua
7300000,Sulawesi Selatan,7326000,Toraja Utara,Kabupaten,7326190,Rindingallo
7300000,Sulawesi Selatan,7326000,Toraja Utara,Kabupaten,7326200,Buntu Pepasan
7300000,Sulawesi Selatan,7326000,Toraja Utara,Kabupaten,7326210,Baruppu
7300000,Sulawesi Selatan,7371000,Makassar,Kota,7371010,Mariso
7300000,Sulawesi Selatan,7371000,Makassar,Kota,7371020,Mamajang
7300000,Sulawesi Selatan,7371000,Makassar,Kota,7371030,Tamalate
7300000,Sulawesi Selatan,7371000,Makassar,Kota,7371031,Rappocini
7300000,Sulawesi Selatan,7371000,Makassar,Kota,7371040,Makassar
7300000,Sulawesi Selatan,7371000,Makassar,Kota,7371050,Ujung Pandang
7300000,Sulawesi Selatan,7371000,Makassar,Kota,7371060,Wajo
7300000,Sulawesi Selatan,7371000,Makassar,Kota,7371070,Bontoala
7300000,Sulawesi Selatan,7371000,Makassar,Kota,7371080,Ujung Tanah
7300000,Sulawesi Selatan,7371000,Makassar,Kota,7371081,Kepulauan Sangkarrang
7300000,Sulawesi Selatan,7371000,Makassar,Kota,7371090,Tallo
7300000,Sulawesi Selatan,7371000,Makassar,Kota,7371100,Panakkukang
7300000,Sulawesi Selatan,7371000,Makassar,Kota,7371101,Manggala
7300000,Sulawesi Selatan,7371000,Makassar,Kota,7371110,Biring Kanaya
7300000,Sulawesi Selatan,7371000,Makassar,Kota,7371111,Tamalanrea
7300000,Sulawesi Selatan,7372000,Parepare,Kota,7372010,Bacukiki
7300000,Sulawesi Selatan,7372000,Parepare,Kota,7372011,Bacukiki Barat
7300000,Sulawesi Selatan,7372000,Parepare,Kota,7372020,Ujung
7300000,Sulawesi Selatan,7372000,Parepare,Kota,7372030,Soreang
7300000,Sulawesi Selatan,7373000,Palopo,Kota,7373010,Wara Selatan
7300000,Sulawesi Selatan,7373000,Palopo,Kota,7373011,Sendana
7300000,Sulawesi Selatan,7373000,Palopo,Kota,7373020,Wara
7300000,Sulawesi Selatan,7373000,Palopo,Kota,7373021,Wara Timur
7300000,Sulawesi Selatan,7373000,Palopo,Kota,7373022,Mungkajang
7300000,Sulawesi Selatan,7373000,Palopo,Kota,7373030,Wara Utara
7300000,Sulawesi Selatan,7373000,Palopo,Kota,7373031,Bara
7300000,Sulawesi Selatan,7373000,Palopo,Kota,7373040,Telluwanua
7300000,Sulawesi Selatan,7373000,Palopo,Kota,7373041,Wara Barat
7400000,Sulawesi Tenggara,7401000,Buton,Kabupaten,7401050,Lasalimu
7400000,Sulawesi Tenggara,7401000,Buton,Kabupaten,7401051,Lasalimu Selatan
7400000,Sulawesi Tenggara,7401000,Buton,Kabupaten,7401052,Siotapina
7400000,Sulawesi Tenggara,7401000,Buton,Kabupaten,7401060,Pasar Wajo
7400000,Sulawesi Tenggara,7401000,Buton,Kabupaten,7401061,Wolowa
7400000,Sulawesi Tenggara,7401000,Buton,Kabupaten,7401062,Wabula
7400000,Sulawesi Tenggara,7401000,Buton,Kabupaten,7401110,Kapontori
7400000,Sulawesi Tenggara,7402000,Muna,Kabupaten,7402010,Tongkuno
7400000,Sulawesi Tenggara,7402000,Muna,Kabupaten,7402011,Tongkuno Selatan
7400000,Sulawesi Tenggara,7402000,Muna,Kabupaten,7402020,Parigi
7400000,Sulawesi Tenggara,7402000,Muna,Kabupaten,7402021,Bone
7400000,Sulawesi Tenggara,7402000,Muna,Kabupaten,7402022,Marobo
7400000,Sulawesi Tenggara,7402000,Muna,Kabupaten,7402030,Kabawo
7400000,Sulawesi Tenggara,7402000,Muna,Kabupaten,7402031,Kabangka
7400000,Sulawesi Tenggara,7402000,Muna,Kabupaten,7402032,Kontukowuna
7400000,Sulawesi Tenggara,7402000,Muna,Kabupaten,7402061,Kontunaga
7400000,Sulawesi Tenggara,7402000,Muna,Kabupaten,7402062,Watopute
7400000,Sulawesi Tenggara,7402000,Muna,Kabupaten,7402070,Katobu
7400000,Sulawesi Tenggara,7402000,Muna,Kabupaten,7402071,Lohia
7400000,Sulawesi Tenggara,7402000,Muna,Kabupaten,7402072,Duruka
7400000,Sulawesi Tenggara,7402000,Muna,Kabupaten,7402073,Batalaiworu
7400000,Sulawesi Tenggara,7402000,Muna,Kabupaten,7402080,Napabalano
7400000,Sulawesi Tenggara,7402000,Muna,Kabupaten,7402081,Lasalepa
7400000,Sulawesi Tenggara,7402000,Muna,Kabupaten,7402083,Towea
7400000,Sulawesi Tenggara,7402000,Muna,Kabupaten,7402090,Wakorumba Selatan
7400000,Sulawesi Tenggara,7402000,Muna,Kabupaten,7402091,Pasir Putih
7400000,Sulawesi Tenggara,7402000,Muna,Kabupaten,7402092,Pasi Kolaga
7400000,Sulawesi Tenggara,7402000,Muna,Kabupaten,7402111,Maligano
7400000,Sulawesi Tenggara,7402000,Muna,Kabupaten,7402112,Batukara
7400000,Sulawesi Tenggara,7403000,Konawe,Kabupaten,7403090,Soropia
7400000,Sulawesi Tenggara,7403000,Konawe,Kabupaten,7403091,Lalonggasumeeto
7400000,Sulawesi Tenggara,7403000,Konawe,Kabupaten,7403100,Sampara
7400000,Sulawesi Tenggara,7403000,Konawe,Kabupaten,7403101,Bondoala
7400000,Sulawesi Tenggara,7403000,Konawe,Kabupaten,7403102,Besulutu
7400000,Sulawesi Tenggara,7403000,Konawe,Kabupaten,7403103,Kapoiala
7400000,Sulawesi Tenggara,7403000,Konawe,Kabupaten,7403104,Anggalomoare
7400000,Sulawesi Tenggara,7403000,Konawe,Kabupaten,7403105,Morosi
7400000,Sulawesi Tenggara,7403000,Konawe,Kabupaten,7403130,Lambuya
7400000,Sulawesi Tenggara,7403000,Konawe,Kabupaten,7403131,Uepai
7400000,Sulawesi Tenggara,7403000,Konawe,Kabupaten,7403132,Puriala
7400000,Sulawesi Tenggara,7403000,Konawe,Kabupaten,7403133,Onembute
7400000,Sulawesi Tenggara,7403000,Konawe,Kabupaten,7403140,Pondidaha
7400000,Sulawesi Tenggara,7403000,Konawe,Kabupaten,7403141,Wonggeduku
7400000,Sulawesi Tenggara,7403000,Konawe,Kabupaten,7403142,Amonggedo
7400000,Sulawesi Tenggara,7403000,Konawe,Kabupaten,7403143,Wonggeduku Barat
7400000,Sulawesi Tenggara,7403000,Konawe,Kabupaten,7403150,Wawotobi
7400000,Sulawesi Tenggara,7403000,Konawe,Kabupaten,7403151,Meluhu
7400000,Sulawesi Tenggara,7403000,Konawe,Kabupaten,7403152,Konawe
7400000,Sulawesi Tenggara,7403000,Konawe,Kabupaten,7403170,Unaaha
7400000,Sulawesi Tenggara,7403000,Konawe,Kabupaten,7403171,Anggaberi
7400000,Sulawesi Tenggara,7403000,Konawe,Kabupaten,7403180,Abuki
7400000,Sulawesi Tenggara,7403000,Konawe,Kabupaten,7403181,Latoma
7400000,Sulawesi Tenggara,7403000,Konawe,Kabupaten,7403182,Tongauna
7400000,Sulawesi Tenggara,7403000,Konawe,Kabupaten,7403183,Asinua
7400000,Sulawesi Tenggara,7403000,Konawe,Kabupaten,7403184,Padangguni
7400000,Sulawesi Tenggara,7403000,Konawe,Kabupaten,7403185,Tongauna Utara
7400000,Sulawesi Tenggara,7403000,Konawe,Kabupaten,7403193,Routa
7400000,Sulawesi Tenggara,7404000,Kolaka,Kabupaten,7404010,Watubangga
7400000,Sulawesi Tenggara,7404000,Kolaka,Kabupaten,7404011,Tanggetada
7400000,Sulawesi Tenggara,7404000,Kolaka,Kabupaten,7404012,Toari
7400000,Sulawesi Tenggara,7404000,Kolaka,Kabupaten,7404013,Polinggona
7400000,Sulawesi Tenggara,7404000,Kolaka,Kabupaten,7404020,Pomalaa
7400000,Sulawesi Tenggara,7404000,Kolaka,Kabupaten,7404030,Wundulako
7400000,Sulawesi Tenggara,7404000,Kolaka,Kabupaten,7404031,Baula
7400000,Sulawesi Tenggara,7404000,Kolaka,Kabupaten,7404060,Kolaka
7400000,Sulawesi Tenggara,7404000,Kolaka,Kabupaten,7404061,Latambaga
7400000,Sulawesi Tenggara,7404000,Kolaka,Kabupaten,7404070,Wolo
7400000,Sulawesi Tenggara,7404000,Kolaka,Kabupaten,7404071,Samaturu
7400000,Sulawesi Tenggara,7404000,Kolaka,Kabupaten,7404072,Iwoimendaa
7400000,Sulawesi Tenggara,7405000,Konawe Selatan,Kabupaten,7405010,Tinanggea
7400000,Sulawesi Tenggara,7405000,Konawe Selatan,Kabupaten,7405011,Lalembuu
7400000,Sulawesi Tenggara,7405000,Konawe Selatan,Kabupaten,7405020,Andoolo
7400000,Sulawesi Tenggara,7405000,Konawe Selatan,Kabupaten,7405021,Buke
7400000,Sulawesi Tenggara,7405000,Konawe Selatan,Kabupaten,7405022,Andoolo Barat
7400000,Sulawesi Tenggara,7405000,Konawe Selatan,Kabupaten,7405030,Palangga
7400000,Sulawesi Tenggara,7405000,Konawe Selatan,Kabupaten,7405031,Palangga Selatan
7400000,Sulawesi Tenggara,7405000,Konawe Selatan,Kabupaten,7405032,Baito
7400000,Sulawesi Tenggara,7405000,Konawe Selatan,Kabupaten,7405040,Lainea
7400000,Sulawesi Tenggara,7405000,Konawe Selatan,Kabupaten,7405041,Laeya
7400000,Sulawesi Tenggara,7405000,Konawe Selatan,Kabupaten,7405050,Kolono
7400000,Sulawesi Tenggara,7405000,Konawe Selatan,Kabupaten,7405051,Kolono Timur
7400000,Sulawesi Tenggara,7405000,Konawe Selatan,Kabupaten,7405060,Laonti
7400000,Sulawesi Tenggara,7405000,Konawe Selatan,Kabupaten,7405070,Moramo
7400000,Sulawesi Tenggara,7405000,Konawe Selatan,Kabupaten,7405071,Moramo Utara
7400000,Sulawesi Tenggara,7405000,Konawe Selatan,Kabupaten,7405080,Konda
7400000,Sulawesi Tenggara,7405000,Konawe Selatan,Kabupaten,7405081,Wolasi
7400000,Sulawesi Tenggara,7405000,Konawe Selatan,Kabupaten,7405090,Ranomeeto
7400000,Sulawesi Tenggara,7405000,Konawe Selatan,Kabupaten,7405091,Ranomeeto Barat
7400000,Sulawesi Tenggara,7405000,Konawe Selatan,Kabupaten,7405100,Landono
7400000,Sulawesi Tenggara,7405000,Konawe Selatan,Kabupaten,7405101,Mowila
7400000,Sulawesi Tenggara,7405000,Konawe Selatan,Kabupaten,7405102,Sabulakoa
7400000,Sulawesi Tenggara,7405000,Konawe Selatan,Kabupaten,7405110,Angata
7400000,Sulawesi Tenggara,7405000,Konawe Selatan,Kabupaten,7405111,Benua
7400000,Sulawesi Tenggara,7405000,Konawe Selatan,Kabupaten,7405112,Basala
7400000,Sulawesi Tenggara,7406000,Bombana,Kabupaten,7406010,Kabaena
7400000,Sulawesi Tenggara,7406000,Bombana,Kabupaten,7406011,Kabaena Utara
7400000,Sulawesi Tenggara,7406000,Bombana,Kabupaten,7406012,Kabaena Selatan
7400000,Sulawesi Tenggara,7406000,Bombana,Kabupaten,7406013,Kabaena Barat
7400000,Sulawesi Tenggara,7406000,Bombana,Kabupaten,7406020,Kabaena Timur
7400000,Sulawesi Tenggara,7406000,Bombana,Kabupaten,7406021,Kabaena Tengah
7400000,Sulawesi Tenggara,7406000,Bombana,Kabupaten,7406030,Rumbia
7400000,Sulawesi Tenggara,7406000,Bombana,Kabupaten,7406031,Mata Oleo
7400000,Sulawesi Tenggara,7406000,Bombana,Kabupaten,7406032,Kep. Masaloka Raya
7400000,Sulawesi Tenggara,7406000,Bombana,Kabupaten,7406033,Rumbia Tengah
7400000,Sulawesi Tenggara,7406000,Bombana,Kabupaten,7406040,Rarowatu
7400000,Sulawesi Tenggara,7406000,Bombana,Kabupaten,7406041,Rarowatu Utara
7400000,Sulawesi Tenggara,7406000,Bombana,Kabupaten,7406042,Mata Usu
7400000,Sulawesi Tenggara,7406000,Bombana,Kabupaten,7406043,Lantari Jaya
7400000,Sulawesi Tenggara,7406000,Bombana,Kabupaten,7406050,Poleang Timur
7400000,Sulawesi Tenggara,7406000,Bombana,Kabupaten,7406051,Poleang Utara
7400000,Sulawesi Tenggara,7406000,Bombana,Kabupaten,7406052,Poleang Selatan
7400000,Sulawesi Tenggara,7406000,Bombana,Kabupaten,7406053,Poleang Tenggara
7400000,Sulawesi Tenggara,7406000,Bombana,Kabupaten,7406060,Poleang
7400000,Sulawesi Tenggara,7406000,Bombana,Kabupaten,7406061,Poleang Barat
7400000,Sulawesi Tenggara,7406000,Bombana,Kabupaten,7406062,Tontonunu
7400000,Sulawesi Tenggara,7406000,Bombana,Kabupaten,7406063,Poleang Tengah
7400000,Sulawesi Tenggara,7407000,Wakatobi,Kabupaten,7407010,Binongko
7400000,Sulawesi Tenggara,7407000,Wakatobi,Kabupaten,7407011,Togo Binongko
7400000,Sulawesi Tenggara,7407000,Wakatobi,Kabupaten,7407020,Tomia
7400000,Sulawesi Tenggara,7407000,Wakatobi,Kabupaten,7407021,Tomia Timur
7400000,Sulawesi Tenggara,7407000,Wakatobi,Kabupaten,7407030,Kaledupa
7400000,Sulawesi Tenggara,7407000,Wakatobi,Kabupaten,7407031,Kaledupa Selatan
7400000,Sulawesi Tenggara,7407000,Wakatobi,Kabupaten,7407040,Wangi-Wangi
7400000,Sulawesi Tenggara,7407000,Wakatobi,Kabupaten,7407050,Wangi-Wangi Selatan
7400000,Sulawesi Tenggara,7408000,Kolaka Utara,Kabupaten,7408010,Ranteangin
7400000,Sulawesi Tenggara,7408000,Kolaka Utara,Kabupaten,7408011,Lambai
7400000,Sulawesi Tenggara,7408000,Kolaka Utara,Kabupaten,7408012,Wawo
7400000,Sulawesi Tenggara,7408000,Kolaka Utara,Kabupaten,7408020,Lasusua
7400000,Sulawesi Tenggara,7408000,Kolaka Utara,Kabupaten,7408021,Katoi
7400000,Sulawesi Tenggara,7408000,Kolaka Utara,Kabupaten,7408030,Kodeoha
7400000,Sulawesi Tenggara,7408000,Kolaka Utara,Kabupaten,7408031,Tiwu
7400000,Sulawesi Tenggara,7408000,Kolaka Utara,Kabupaten,7408040,Ngapa
7400000,Sulawesi Tenggara,7408000,Kolaka Utara,Kabupaten,7408041,Watunohu
7400000,Sulawesi Tenggara,7408000,Kolaka Utara,Kabupaten,7408050,Pakue
7400000,Sulawesi Tenggara,7408000,Kolaka Utara,Kabupaten,7408051,Pakue Utara
7400000,Sulawesi Tenggara,7408000,Kolaka Utara,Kabupaten,7408052,Pakue Tengah
7400000,Sulawesi Tenggara,7408000,Kolaka Utara,Kabupaten,7408060,Batu Putih
7400000,Sulawesi Tenggara,7408000,Kolaka Utara,Kabupaten,7408061,Porehu
7400000,Sulawesi Tenggara,7408000,Kolaka Utara,Kabupaten,7408062,Tolala
7400000,Sulawesi Tenggara,7409000,Buton Utara,Kabupaten,7409100,Bonegunu
7400000,Sulawesi Tenggara,7409000,Buton Utara,Kabupaten,7409101,Kambowa
7400000,Sulawesi Tenggara,7409000,Buton Utara,Kabupaten,7409110,Wakorumba Utara
7400000,Sulawesi Tenggara,7409000,Buton Utara,Kabupaten,7409120,Kulisusu
7400000,Sulawesi Tenggara,7409000,Buton Utara,Kabupaten,7409121,Kulisusu Barat
7400000,Sulawesi Tenggara,7409000,Buton Utara,Kabupaten,7409122,Kulisusu Utara
7400000,Sulawesi Tenggara,7410000,Konawe Utara,Kabupaten,7410010,Sawa
7400000,Sulawesi Tenggara,7410000,Konawe Utara,Kabupaten,7410011,Motui
7400000,Sulawesi Tenggara,7410000,Konawe Utara,Kabupaten,7410020,Lembo
7400000,Sulawesi Tenggara,7410000,Konawe Utara,Kabupaten,7410030,Lasolo
7400000,Sulawesi Tenggara,7410000,Konawe Utara,Kabupaten,7410031,Wawolesea
7400000,Sulawesi Tenggara,7410000,Konawe Utara,Kabupaten,7410032,Lasolo Kepulauan
7400000,Sulawesi Tenggara,7410000,Konawe Utara,Kabupaten,7410040,Molawe
7400000,Sulawesi Tenggara,7410000,Konawe Utara,Kabupaten,7410050,Asera
7400000,Sulawesi Tenggara,7410000,Konawe Utara,Kabupaten,7410051,Andowia
7400000,Sulawesi Tenggara,7410000,Konawe Utara,Kabupaten,7410052,Oheo
7400000,Sulawesi Tenggara,7410000,Konawe Utara,Kabupaten,7410060,Langgikima
7400000,Sulawesi Tenggara,7410000,Konawe Utara,Kabupaten,7410070,Wiwirano
7400000,Sulawesi Tenggara,7410000,Konawe Utara,Kabupaten,7410071,Landawe
7400000,Sulawesi Tenggara,7411000,Kolaka Timur,Kabupaten,7411010,Aere
7400000,Sulawesi Tenggara,7411000,Kolaka Timur,Kabupaten,7411020,Lambandia
7400000,Sulawesi Tenggara,7411000,Kolaka Timur,Kabupaten,7411030,Poli-Polia
7400000,Sulawesi Tenggara,7411000,Kolaka Timur,Kabupaten,7411040,Dangia
7400000,Sulawesi Tenggara,7411000,Kolaka Timur,Kabupaten,7411050,Ladongi
7400000,Sulawesi Tenggara,7411000,Kolaka Timur,Kabupaten,7411060,Loea
7400000,Sulawesi Tenggara,7411000,Kolaka Timur,Kabupaten,7411070,Tirawuta
7400000,Sulawesi Tenggara,7411000,Kolaka Timur,Kabupaten,7411080,Lalolae
7400000,Sulawesi Tenggara,7411000,Kolaka Timur,Kabupaten,7411090,Mowewe
7400000,Sulawesi Tenggara,7411000,Kolaka Timur,Kabupaten,7411100,Tinondo
7400000,Sulawesi Tenggara,7411000,Kolaka Timur,Kabupaten,7411110,Uluiwoi
7400000,Sulawesi Tenggara,7411000,Kolaka Timur,Kabupaten,7411120,Ueesi
7400000,Sulawesi Tenggara,7412000,Konawe Kepulauan,Kabupaten,7412010,Wawonii Tenggara
7400000,Sulawesi Tenggara,7412000,Konawe Kepulauan,Kabupaten,7412020,Wawonii Timur
7400000,Sulawesi Tenggara,7412000,Konawe Kepulauan,Kabupaten,7412030,Wawonii Timur Laut
7400000,Sulawesi Tenggara,7412000,Konawe Kepulauan,Kabupaten,7412040,Wawonii Utara
7400000,Sulawesi Tenggara,7412000,Konawe Kepulauan,Kabupaten,7412050,Wawonii Selatan
7400000,Sulawesi Tenggara,7412000,Konawe Kepulauan,Kabupaten,7412060,Wawonii Tengah
7400000,Sulawesi Tenggara,7412000,Konawe Kepulauan,Kabupaten,7412070,Wawonii Barat
7400000,Sulawesi Tenggara,7413000,Muna Barat,Kabupaten,7413010,Tiworo Kepulauan
7400000,Sulawesi Tenggara,7413000,Muna Barat,Kabupaten,7413020,Maginti
7400000,Sulawesi Tenggara,7413000,Muna Barat,Kabupaten,7413030,Tiworo Tengah
7400000,Sulawesi Tenggara,7413000,Muna Barat,Kabupaten,7413040,Tiworo Selatan
7400000,Sulawesi Tenggara,7413000,Muna Barat,Kabupaten,7413050,Tiworo Utara
7400000,Sulawesi Tenggara,7413000,Muna Barat,Kabupaten,7413060,Lawa
7400000,Sulawesi Tenggara,7413000,Muna Barat,Kabupaten,7413070,Sawerigadi
7400000,Sulawesi Tenggara,7413000,Muna Barat,Kabupaten,7413080,Barangka
7400000,Sulawesi Tenggara,7413000,Muna Barat,Kabupaten,7413090,Wa Daga
7400000,Sulawesi Tenggara,7413000,Muna Barat,Kabupaten,7413100,Kusambi
7400000,Sulawesi Tenggara,7413000,Muna Barat,Kabupaten,7413110,Napano Kusambi
7400000,Sulawesi Tenggara,7414000,Buton Tengah,Kabupaten,7414010,Talaga Raya
7400000,Sulawesi Tenggara,7414000,Buton Tengah,Kabupaten,7414020,Mawasangka
7400000,Sulawesi Tenggara,7414000,Buton Tengah,Kabupaten,7414030,Mawasangka Tengah
7400000,Sulawesi Tenggara,7414000,Buton Tengah,Kabupaten,7414040,Mawasangka Timur
7400000,Sulawesi Tenggara,7414000,Buton Tengah,Kabupaten,7414050,Lakudo
7400000,Sulawesi Tenggara,7414000,Buton Tengah,Kabupaten,7414060,Gu
7400000,Sulawesi Tenggara,7414000,Buton Tengah,Kabupaten,7414070,Sangia Wambulu
7400000,Sulawesi Tenggara,7415000,Buton Selatan,Kabupaten,7415010,Batu Atas
7400000,Sulawesi Tenggara,7415000,Buton Selatan,Kabupaten,7415020,Lapandewa
7400000,Sulawesi Tenggara,7415000,Buton Selatan,Kabupaten,7415030,Sampolawa
7400000,Sulawesi Tenggara,7415000,Buton Selatan,Kabupaten,7415040,Batauga
7400000,Sulawesi Tenggara,7415000,Buton Selatan,Kabupaten,7415050,Siompu Barat
7400000,Sulawesi Tenggara,7415000,Buton Selatan,Kabupaten,7415060,Siompu
7400000,Sulawesi Tenggara,7415000,Buton Selatan,Kabupaten,7415070,Kadatua
7400000,Sulawesi Tenggara,7471000,Kendari,Kota,7471010,Mandonga
7400000,Sulawesi Tenggara,7471000,Kendari,Kota,7471011,Baruga
7400000,Sulawesi Tenggara,7471000,Kendari,Kota,7471012,Puuwatu
7400000,Sulawesi Tenggara,7471000,Kendari,Kota,7471013,Kadia
7400000,Sulawesi Tenggara,7471000,Kendari,Kota,7471014,Wua-Wua
7400000,Sulawesi Tenggara,7471000,Kendari,Kota,7471020,Poasia
7400000,Sulawesi Tenggara,7471000,Kendari,Kota,7471021,Abeli
7400000,Sulawesi Tenggara,7471000,Kendari,Kota,7471022,Kambu
7400000,Sulawesi Tenggara,7471000,Kendari,Kota,7471023,Nambo
7400000,Sulawesi Tenggara,7471000,Kendari,Kota,7471030,Kendari
7400000,Sulawesi Tenggara,7471000,Kendari,Kota,7471031,Kendari Barat
7400000,Sulawesi Tenggara,7472000,Baubau,Kota,7472010,Betoambari
7400000,Sulawesi Tenggara,7472000,Baubau,Kota,7472011,Murhum
7400000,Sulawesi Tenggara,7472000,Baubau,Kota,7472012,Batupoaro
7400000,Sulawesi Tenggara,7472000,Baubau,Kota,7472020,Wolio
7400000,Sulawesi Tenggara,7472000,Baubau,Kota,7472021,Kokalukuna
7400000,Sulawesi Tenggara,7472000,Baubau,Kota,7472030,Sorawolio
7400000,Sulawesi Tenggara,7472000,Baubau,Kota,7472040,Bungi
7400000,Sulawesi Tenggara,7472000,Baubau,Kota,7472041,Lea-Lea
7500000,Gorontalo,7501000,Boalemo,Kabupaten,7501031,Mananggu
7500000,Gorontalo,7501000,Boalemo,Kabupaten,7501040,Tilamuta
7500000,Gorontalo,7501000,Boalemo,Kabupaten,7501041,Dulupi
7500000,Gorontalo,7501000,Boalemo,Kabupaten,7501042,Botumoito
7500000,Gorontalo,7501000,Boalemo,Kabupaten,7501050,Paguyaman
7500000,Gorontalo,7501000,Boalemo,Kabupaten,7501051,Wonosari
7500000,Gorontalo,7501000,Boalemo,Kabupaten,7501052,Paguyaman Pantai
7500000,Gorontalo,7502000,Gorontalo,Kabupaten,7502010,Batudaa Pantai
7500000,Gorontalo,7502000,Gorontalo,Kabupaten,7502011,Biluhu
7500000,Gorontalo,7502000,Gorontalo,Kabupaten,7502020,Batudaa
7500000,Gorontalo,7502000,Gorontalo,Kabupaten,7502021,Bongomeme
7500000,Gorontalo,7502000,Gorontalo,Kabupaten,7502022,Tabongo
7500000,Gorontalo,7502000,Gorontalo,Kabupaten,7502023,Dungaliyo
7500000,Gorontalo,7502000,Gorontalo,Kabupaten,7502030,Tibawa
7500000,Gorontalo,7502000,Gorontalo,Kabupaten,7502031,Pulubala
7500000,Gorontalo,7502000,Gorontalo,Kabupaten,7502040,Boliyohuto
7500000,Gorontalo,7502000,Gorontalo,Kabupaten,7502041,Mootilango
7500000,Gorontalo,7502000,Gorontalo,Kabupaten,7502042,Tolangohula
7500000,Gorontalo,7502000,Gorontalo,Kabupaten,7502043,Asparaga
7500000,Gorontalo,7502000,Gorontalo,Kabupaten,7502044,Bilato
7500000,Gorontalo,7502000,Gorontalo,Kabupaten,7502070,Limboto
7500000,Gorontalo,7502000,Gorontalo,Kabupaten,7502071,Limboto Barat
7500000,Gorontalo,7502000,Gorontalo,Kabupaten,7502080,Telaga
7500000,Gorontalo,7502000,Gorontalo,Kabupaten,7502081,Telaga Biru
7500000,Gorontalo,7502000,Gorontalo,Kabupaten,7502082,Tilango
7500000,Gorontalo,7502000,Gorontalo,Kabupaten,7502083,Telaga Jaya
7500000,Gorontalo,7503000,Pohuwato,Kabupaten,7503010,Popayato
7500000,Gorontalo,7503000,Pohuwato,Kabupaten,7503011,Popayato Barat
7500000,Gorontalo,7503000,Pohuwato,Kabupaten,7503012,Popayato Timur
7500000,Gorontalo,7503000,Pohuwato,Kabupaten,7503020,Lemito
7500000,Gorontalo,7503000,Pohuwato,Kabupaten,7503021,Wanggarasi
7500000,Gorontalo,7503000,Pohuwato,Kabupaten,7503030,Marisa
7500000,Gorontalo,7503000,Pohuwato,Kabupaten,7503031,Patilanggio
7500000,Gorontalo,7503000,Pohuwato,Kabupaten,7503032,Buntulia
7500000,Gorontalo,7503000,Pohuwato,Kabupaten,7503033,Duhiadaa
7500000,Gorontalo,7503000,Pohuwato,Kabupaten,7503040,Randangan
7500000,Gorontalo,7503000,Pohuwato,Kabupaten,7503041,Taluditi
7500000,Gorontalo,7503000,Pohuwato,Kabupaten,7503050,Paguat
7500000,Gorontalo,7503000,Pohuwato,Kabupaten,7503051,Dengilo
7500000,Gorontalo,7504000,Bone Bolango,Kabupaten,7504010,Tapa
7500000,Gorontalo,7504000,Bone Bolango,Kabupaten,7504011,Bulango Utara
7500000,Gorontalo,7504000,Bone Bolango,Kabupaten,7504012,Bulango Selatan
7500000,Gorontalo,7504000,Bone Bolango,Kabupaten,7504013,Bulango Timur
7500000,Gorontalo,7504000,Bone Bolango,Kabupaten,7504014,Bulango Ulu
7500000,Gorontalo,7504000,Bone Bolango,Kabupaten,7504020,Kabila
7500000,Gorontalo,7504000,Bone Bolango,Kabupaten,7504021,Botu Pingge
7500000,Gorontalo,7504000,Bone Bolango,Kabupaten,7504022,Tilongkabila
7500000,Gorontalo,7504000,Bone Bolango,Kabupaten,7504030,Suwawa
7500000,Gorontalo,7504000,Bone Bolango,Kabupaten,7504031,Suwawa Selatan
7500000,Gorontalo,7504000,Bone Bolango,Kabupaten,7504032,Suwawa Timur
7500000,Gorontalo,7504000,Bone Bolango,Kabupaten,7504033,Suwawa Tengah
7500000,Gorontalo,7504000,Bone Bolango,Kabupaten,7504034,Pinogu
7500000,Gorontalo,7504000,Bone Bolango,Kabupaten,7504040,Bonepantai
7500000,Gorontalo,7504000,Bone Bolango,Kabupaten,7504041,Kabila Bone
7500000,Gorontalo,7504000,Bone Bolango,Kabupaten,7504042,Bone Raya
7500000,Gorontalo,7504000,Bone Bolango,Kabupaten,7504043,Bone
7500000,Gorontalo,7504000,Bone Bolango,Kabupaten,7504044,Bulawa
7500000,Gorontalo,7505000,Gorontalo Utara,Kabupaten,7505010,Atinggola
7500000,Gorontalo,7505000,Gorontalo Utara,Kabupaten,7505011,Gentuma Raya
7500000,Gorontalo,7505000,Gorontalo Utara,Kabupaten,7505020,Kwandang
7500000,Gorontalo,7505000,Gorontalo Utara,Kabupaten,7505021,Tomilito
7500000,Gorontalo,7505000,Gorontalo Utara,Kabupaten,7505022,Ponelo Kepulauan
7500000,Gorontalo,7505000,Gorontalo Utara,Kabupaten,7505030,Anggrek
7500000,Gorontalo,7505000,Gorontalo Utara,Kabupaten,7505031,Monano
7500000,Gorontalo,7505000,Gorontalo Utara,Kabupaten,7505040,Sumalata
7500000,Gorontalo,7505000,Gorontalo Utara,Kabupaten,7505041,Sumalata Timur
7500000,Gorontalo,7505000,Gorontalo Utara,Kabupaten,7505050,Tolinggula
7500000,Gorontalo,7505000,Gorontalo Utara,Kabupaten,7505051,Biau
7500000,Gorontalo,7571000,Gorontalo,Kota,7571010,Kota Barat
7500000,Gorontalo,7571000,Gorontalo,Kota,7571011,Dungingi
7500000,Gorontalo,7571000,Gorontalo,Kota,7571020,Kota Selatan
7500000,Gorontalo,7571000,Gorontalo,Kota,7571021,Kota Timur
7500000,Gorontalo,7571000,Gorontalo,Kota,7571022,Hulonthalangi
7500000,Gorontalo,7571000,Gorontalo,Kota,7571023,Dumbo Raya
7500000,Gorontalo,7571000,Gorontalo,Kota,7571030,Kota Utara
7500000,Gorontalo,7571000,Gorontalo,Kota,7571031,Kota Tengah
7500000,Gorontalo,7571000,Gorontalo,Kota,7571032,Sipatana
7600000,Sulawesi Barat,7601000,Majene,Kabupaten,7601010,Banggae
7600000,Sulawesi Barat,7601000,Majene,Kabupaten,7601011,Banggae Timur
7600000,Sulawesi Barat,7601000,Majene,Kabupaten,7601020,Pamboang
7600000,Sulawesi Barat,7601000,Majene,Kabupaten,7601030,Sendana
7600000,Sulawesi Barat,7601000,Majene,Kabupaten,7601031,Tammerodo
7600000,Sulawesi Barat,7601000,Majene,Kabupaten,7601033,Tubo Sendana
7600000,Sulawesi Barat,7601000,Majene,Kabupaten,7601040,Malunda
7600000,Sulawesi Barat,7601000,Majene,Kabupaten,7601041,Ulumanda
7600000,Sulawesi Barat,7602000,Polewali Mandar,Kabupaten,7602010,Tinambung
7600000,Sulawesi Barat,7602000,Polewali Mandar,Kabupaten,7602011,Balanipa
7600000,Sulawesi Barat,7602000,Polewali Mandar,Kabupaten,7602012,Limboro
7600000,Sulawesi Barat,7602000,Polewali Mandar,Kabupaten,7602020,Tubbi Taramanu
7600000,Sulawesi Barat,7602000,Polewali Mandar,Kabupaten,7602021,Alu
7600000,Sulawesi Barat,7602000,Polewali Mandar,Kabupaten,7602030,Campalagian
7600000,Sulawesi Barat,7602000,Polewali Mandar,Kabupaten,7602031,Luyo
7600000,Sulawesi Barat,7602000,Polewali Mandar,Kabupaten,7602040,Wonomulyo
7600000,Sulawesi Barat,7602000,Polewali Mandar,Kabupaten,7602041,Mapilli
7600000,Sulawesi Barat,7602000,Polewali Mandar,Kabupaten,7602042,Tapango
7600000,Sulawesi Barat,7602000,Polewali Mandar,Kabupaten,7602043,Matakali
7600000,Sulawesi Barat,7602000,Polewali Mandar,Kabupaten,7602044,B U L O
7600000,Sulawesi Barat,7602000,Polewali Mandar,Kabupaten,7602050,Polewali
7600000,Sulawesi Barat,7602000,Polewali Mandar,Kabupaten,7602051,Binuang
7600000,Sulawesi Barat,7602000,Polewali Mandar,Kabupaten,7602052,Anreapi
7600000,Sulawesi Barat,7602000,Polewali Mandar,Kabupaten,7602061,Matangnga
7600000,Sulawesi Barat,7603000,Mamasa,Kabupaten,7603010,Sumarorong
7600000,Sulawesi Barat,7603000,Mamasa,Kabupaten,7603020,Messawa
7600000,Sulawesi Barat,7603000,Mamasa,Kabupaten,7603030,Pana
7600000,Sulawesi Barat,7603000,Mamasa,Kabupaten,7603031,Nosu
7600000,Sulawesi Barat,7603000,Mamasa,Kabupaten,7603040,Tabang
7600000,Sulawesi Barat,7603000,Mamasa,Kabupaten,7603050,Mamasa
7600000,Sulawesi Barat,7603000,Mamasa,Kabupaten,7603060,Tanduk Kalua
7600000,Sulawesi Barat,7603000,Mamasa,Kabupaten,7603061,Balla
7600000,Sulawesi Barat,7603000,Mamasa,Kabupaten,7603070,Sesenapadang
7600000,Sulawesi Barat,7603000,Mamasa,Kabupaten,7603071,Tawalian
7600000,Sulawesi Barat,7603000,Mamasa,Kabupaten,7603080,Mambi
7600000,Sulawesi Barat,7603000,Mamasa,Kabupaten,7603081,Bambang
7600000,Sulawesi Barat,7603000,Mamasa,Kabupaten,7603082,Rantebulahan Timur
7600000,Sulawesi Barat,7603000,Mamasa,Kabupaten,7603083,Mehalaan
7600000,Sulawesi Barat,7603000,Mamasa,Kabupaten,7603090,Aralle
7600000,Sulawesi Barat,7603000,Mamasa,Kabupaten,7603091,Buntu Malangka
7600000,Sulawesi Barat,7603000,Mamasa,Kabupaten,7603100,Tabulahan
7600000,Sulawesi Barat,7604000,Mamuju,Kabupaten,7604010,Tapalang
7600000,Sulawesi Barat,7604000,Mamuju,Kabupaten,7604011,Tapalang Barat
7600000,Sulawesi Barat,7604000,Mamuju,Kabupaten,7604020,Mamuju
7600000,Sulawesi Barat,7604000,Mamuju,Kabupaten,7604022,Simboro
7600000,Sulawesi Barat,7604000,Mamuju,Kabupaten,7604023,Kepulauan Bala Balakang
7600000,Sulawesi Barat,7604000,Mamuju,Kabupaten,7604030,Kalukku
7600000,Sulawesi Barat,7604000,Mamuju,Kabupaten,7604031,Papalang
7600000,Sulawesi Barat,7604000,Mamuju,Kabupaten,7604032,Sampaga
7600000,Sulawesi Barat,7604000,Mamuju,Kabupaten,7604033,Tommo
7600000,Sulawesi Barat,7604000,Mamuju,Kabupaten,7604040,Kalumpang
7600000,Sulawesi Barat,7604000,Mamuju,Kabupaten,7604041,Bonehau
7600000,Sulawesi Barat,7605000,Pasangkayu,Kabupaten,7605010,Sarudu
7600000,Sulawesi Barat,7605000,Pasangkayu,Kabupaten,7605011,Dapurang
7600000,Sulawesi Barat,7605000,Pasangkayu,Kabupaten,7605012,Duripoku
7600000,Sulawesi Barat,7605000,Pasangkayu,Kabupaten,7605020,Baras
7600000,Sulawesi Barat,7605000,Pasangkayu,Kabupaten,7605021,Bulu Taba
7600000,Sulawesi Barat,7605000,Pasangkayu,Kabupaten,7605022,Lariang
7600000,Sulawesi Barat,7605000,Pasangkayu,Kabupaten,7605030,Pasangkayu
7600000,Sulawesi Barat,7605000,Pasangkayu,Kabupaten,7605031,Tikke Raya
7600000,Sulawesi Barat,7605000,Pasangkayu,Kabupaten,7605032,Pedongga
7600000,Sulawesi Barat,7605000,Pasangkayu,Kabupaten,7605040,Bambalamotu
7600000,Sulawesi Barat,7605000,Pasangkayu,Kabupaten,7605041,Bambaira
7600000,Sulawesi Barat,7605000,Pasangkayu,Kabupaten,7605042,Sarjo
7600000,Sulawesi Barat,7606000,Mamuju Tengah,Kabupaten,7606010,Pangale
7600000,Sulawesi Barat,7606000,Mamuju Tengah,Kabupaten,7606020,Budong-Budong
7600000,Sulawesi Barat,7606000,Mamuju Tengah,Kabupaten,7606030,Tobadak
7600000,Sulawesi Barat,7606000,Mamuju Tengah,Kabupaten,7606040,Topoyo
7600000,Sulawesi Barat,7606000,Mamuju Tengah,Kabupaten,7606050,Karossa
8100000,Maluku,8101000,Kepulauan Tanimbar,Kabupaten,8101040,Tanimbar Selatan
8100000,Maluku,8101000,Kepulauan Tanimbar,Kabupaten,8101041,Wer Tamrian
8100000,Maluku,8101000,Kepulauan Tanimbar,Kabupaten,8101042,Wer Maktian
8100000,Maluku,8101000,Kepulauan Tanimbar,Kabupaten,8101043,Selaru
8100000,Maluku,8101000,Kepulauan Tanimbar,Kabupaten,8101050,Tanimbar Utara
8100000,Maluku,8101000,Kepulauan Tanimbar,Kabupaten,8101051,Fordata
8100000,Maluku,8101000,Kepulauan Tanimbar,Kabupaten,8101052,Wuar Labobar
8100000,Maluku,8101000,Kepulauan Tanimbar,Kabupaten,8101053,Nirunmas
8100000,Maluku,8101000,Kepulauan Tanimbar,Kabupaten,8101054,Kormomolin
8100000,Maluku,8101000,Kepulauan Tanimbar,Kabupaten,8101055,Molu Maru
8100000,Maluku,8102000,Maluku Tenggara,Kabupaten,8102010,Kei Kecil
8100000,Maluku,8102000,Maluku Tenggara,Kabupaten,8102012,Kei Kecil Barat
8100000,Maluku,8102000,Maluku Tenggara,Kabupaten,8102013,Kei Kecil Timur
8100000,Maluku,8102000,Maluku Tenggara,Kabupaten,8102014,Hoat Sorbay
8100000,Maluku,8102000,Maluku Tenggara,Kabupaten,8102015,Manyeuw
8100000,Maluku,8102000,Maluku Tenggara,Kabupaten,8102016,Kei Kecil Timur Selatan
8100000,Maluku,8102000,Maluku Tenggara,Kabupaten,8102020,Kei Besar
8100000,Maluku,8102000,Maluku Tenggara,Kabupaten,8102021,Kei Besar Utara Timur
8100000,Maluku,8102000,Maluku Tenggara,Kabupaten,8102022,Kei Besar Selatan
8100000,Maluku,8102000,Maluku Tenggara,Kabupaten,8102023,Kei Besar Utara Barat
8100000,Maluku,8102000,Maluku Tenggara,Kabupaten,8102024,Kei Besar Selatan Barat
8100000,Maluku,8103000,Maluku Tengah,Kabupaten,8103010,Banda
8100000,Maluku,8103000,Maluku Tengah,Kabupaten,8103011,Kepulauan Banda
8100000,Maluku,8103000,Maluku Tengah,Kabupaten,8103040,Tehoru
8100000,Maluku,8103000,Maluku Tengah,Kabupaten,8103041,Telutih
8100000,Maluku,8103000,Maluku Tengah,Kabupaten,8103050,Amahai
8100000,Maluku,8103000,Maluku Tengah,Kabupaten,8103051,Kota Masohi
8100000,Maluku,8103000,Maluku Tengah,Kabupaten,8103052,Teluk Elpaputih
8100000,Maluku,8103000,Maluku Tengah,Kabupaten,8103060,Teon Nila Serua
8100000,Maluku,8103000,Maluku Tengah,Kabupaten,8103080,Saparua
8100000,Maluku,8103000,Maluku Tengah,Kabupaten,8103081,Nusalaut
8100000,Maluku,8103000,Maluku Tengah,Kabupaten,8103082,Saparua Timur
8100000,Maluku,8103000,Maluku Tengah,Kabupaten,8103090,P. Haruku
8100000,Maluku,8103000,Maluku Tengah,Kabupaten,8103100,Salahutu
8100000,Maluku,8103000,Maluku Tengah,Kabupaten,8103110,Leihitu
8100000,Maluku,8103000,Maluku Tengah,Kabupaten,8103111,Leihitu Barat
8100000,Maluku,8103000,Maluku Tengah,Kabupaten,8103140,Seram Utara
8100000,Maluku,8103000,Maluku Tengah,Kabupaten,8103141,Seram Utara Barat
8100000,Maluku,8103000,Maluku Tengah,Kabupaten,8103142,Seram Utara Timur Kobi
8100000,Maluku,8103000,Maluku Tengah,Kabupaten,8103143,Seram Utara Timur Seti
8100000,Maluku,8104000,Buru,Kabupaten,8104020,Namlea
8100000,Maluku,8104000,Buru,Kabupaten,8104021,Waeapo
8100000,Maluku,8104000,Buru,Kabupaten,8104022,Waplau
8100000,Maluku,8104000,Buru,Kabupaten,8104023,Bata Bual
8100000,Maluku,8104000,Buru,Kabupaten,8104024,Teluk Kaiely
8100000,Maluku,8104000,Buru,Kabupaten,8104025,Waelata
8100000,Maluku,8104000,Buru,Kabupaten,8104026,Lolong Guba
8100000,Maluku,8104000,Buru,Kabupaten,8104027,Lilialy
8100000,Maluku,8104000,Buru,Kabupaten,8104030,Air Buaya
8100000,Maluku,8104000,Buru,Kabupaten,8104031,Fena Leisela
8100000,Maluku,8105000,Kepulauan Aru,Kabupaten,8105010,Aru Selatan
8100000,Maluku,8105000,Kepulauan Aru,Kabupaten,8105011,Aru Selatan Timur
8100000,Maluku,8105000,Kepulauan Aru,Kabupaten,8105012,Aru Selatan Utara
8100000,Maluku,8105000,Kepulauan Aru,Kabupaten,8105020,Aru Tengah
8100000,Maluku,8105000,Kepulauan Aru,Kabupaten,8105021,Aru Tengah Timur
8100000,Maluku,8105000,Kepulauan Aru,Kabupaten,8105022,Aru Tengah Selatan
8100000,Maluku,8105000,Kepulauan Aru,Kabupaten,8105030,Pulau-Pulau Aru
8100000,Maluku,8105000,Kepulauan Aru,Kabupaten,8105031,Aru Utara
8100000,Maluku,8105000,Kepulauan Aru,Kabupaten,8105032,Aru Utara Timur Batuley
8100000,Maluku,8105000,Kepulauan Aru,Kabupaten,8105033,Sir-Sir
8100000,Maluku,8106000,Seram Bagian Barat,Kabupaten,8106010,Huamual Belakang
8100000,Maluku,8106000,Seram Bagian Barat,Kabupaten,8106011,Kepulauan Manipa
8100000,Maluku,8106000,Seram Bagian Barat,Kabupaten,8106020,Seram Barat
8100000,Maluku,8106000,Seram Bagian Barat,Kabupaten,8106021,Huamual
8100000,Maluku,8106000,Seram Bagian Barat,Kabupaten,8106030,Kairatu
8100000,Maluku,8106000,Seram Bagian Barat,Kabupaten,8106031,Kairatu Barat
8100000,Maluku,8106000,Seram Bagian Barat,Kabupaten,8106032,Inamosol
8100000,Maluku,8106000,Seram Bagian Barat,Kabupaten,8106033,Amalatu
8100000,Maluku,8106000,Seram Bagian Barat,Kabupaten,8106034,Elpaputih
8100000,Maluku,8106000,Seram Bagian Barat,Kabupaten,8106040,Taniwel
8100000,Maluku,8106000,Seram Bagian Barat,Kabupaten,8106041,Taniwel Timur
8100000,Maluku,8107000,Seram Bagian Timur,Kabupaten,8107010,Pulau Gorom
8100000,Maluku,8107000,Seram Bagian Timur,Kabupaten,8107011,Kesui Watubela
8100000,Maluku,8107000,Seram Bagian Timur,Kabupaten,8107012,Teor
8100000,Maluku,8107000,Seram Bagian Timur,Kabupaten,8107013,Gorom Timur
8100000,Maluku,8107000,Seram Bagian Timur,Kabupaten,8107014,Pulau Panjang
8100000,Maluku,8107000,Seram Bagian Timur,Kabupaten,8107020,Seram Timur
8100000,Maluku,8107000,Seram Bagian Timur,Kabupaten,8107021,Tutuk Tolu
8100000,Maluku,8107000,Seram Bagian Timur,Kabupaten,8107022,Kilmury
8100000,Maluku,8107000,Seram Bagian Timur,Kabupaten,8107023,Siritaun Wida Timur
8100000,Maluku,8107000,Seram Bagian Timur,Kabupaten,8107024,Kian Darat
8100000,Maluku,8107000,Seram Bagian Timur,Kabupaten,8107025,Ukar Sengan
8100000,Maluku,8107000,Seram Bagian Timur,Kabupaten,8107030,Werinama
8100000,Maluku,8107000,Seram Bagian Timur,Kabupaten,8107031,Siwalalat
8100000,Maluku,8107000,Seram Bagian Timur,Kabupaten,8107040,Bula
8100000,Maluku,8107000,Seram Bagian Timur,Kabupaten,8107041,Bula Barat
8100000,Maluku,8107000,Seram Bagian Timur,Kabupaten,8107042,Teluk Waru
8100000,Maluku,8108000,Maluku Barat Daya,Kabupaten,8108010,Wetar Selatan
8100000,Maluku,8108000,Maluku Barat Daya,Kabupaten,8108011,Wetar Barat
8100000,Maluku,8108000,Maluku Barat Daya,Kabupaten,8108012,Wetar Utara
8100000,Maluku,8108000,Maluku Barat Daya,Kabupaten,8108013,Wetar Timur
8100000,Maluku,8108000,Maluku Barat Daya,Kabupaten,8108020,Kisar Selatan
8100000,Maluku,8108000,Maluku Barat Daya,Kabupaten,8108021,Kisar Utara
8100000,Maluku,8108000,Maluku Barat Daya,Kabupaten,8108022,Kepulauan Roma
8100000,Maluku,8108000,Maluku Barat Daya,Kabupaten,8108030,Letti
8100000,Maluku,8108000,Maluku Barat Daya,Kabupaten,8108041,Moa
8100000,Maluku,8108000,Maluku Barat Daya,Kabupaten,8108042,Lakor
8100000,Maluku,8108000,Maluku Barat Daya,Kabupaten,8108050,Damer
8100000,Maluku,8108000,Maluku Barat Daya,Kabupaten,8108060,Kepulauan Luang Sermata
8100000,Maluku,8108000,Maluku Barat Daya,Kabupaten,8108070,Babar Barat
8100000,Maluku,8108000,Maluku Barat Daya,Kabupaten,8108071,Pulau Wetang
8100000,Maluku,8108000,Maluku Barat Daya,Kabupaten,8108080,Babar Timur
8100000,Maluku,8108000,Maluku Barat Daya,Kabupaten,8108081,Pulau Masela
8100000,Maluku,8108000,Maluku Barat Daya,Kabupaten,8108082,Daweloor Dawera
8100000,Maluku,8109000,Buru Selatan,Kabupaten,8109010,Kepala Madan
8100000,Maluku,8109000,Buru Selatan,Kabupaten,8109020,Leksula
8100000,Maluku,8109000,Buru Selatan,Kabupaten,8109021,Fena Fafan
8100000,Maluku,8109000,Buru Selatan,Kabupaten,8109030,Namrole
8100000,Maluku,8109000,Buru Selatan,Kabupaten,8109040,Waesama
8100000,Maluku,8109000,Buru Selatan,Kabupaten,8109050,Ambalau
8100000,Maluku,8171000,Ambon,Kota,8171010,Nusaniwe
8100000,Maluku,8171000,Ambon,Kota,8171020,Sirimau
8100000,Maluku,8171000,Ambon,Kota,8171021,Leitimur Selatan
8100000,Maluku,8171000,Ambon,Kota,8171030,Teluk Ambon Baguala
8100000,Maluku,8171000,Ambon,Kota,8171031,Teluk Ambon
8100000,Maluku,8172000,Tual,Kota,8172010,Pp. Kur
8100000,Maluku,8172000,Tual,Kota,8172011,Kur Selatan
8100000,Maluku,8172000,Tual,Kota,8172020,Tayando Tam
8100000,Maluku,8172000,Tual,Kota,8172030,Pulau Dullah Utara
8100000,Maluku,8172000,Tual,Kota,8172040,Pulau Dullah Selatan
8200000,Maluku Utara,8201000,Halmahera Barat,Kabupaten,8201090,Jailolo
8200000,Maluku Utara,8201000,Halmahera Barat,Kabupaten,8201091,Jailolo Selatan
8200000,Maluku Utara,8201000,Halmahera Barat,Kabupaten,8201100,Sahu
8200000,Maluku Utara,8201000,Halmahera Barat,Kabupaten,8201101,Sahu Timur
8200000,Maluku Utara,8201000,Halmahera Barat,Kabupaten,8201130,Ibu
8200000,Maluku Utara,8201000,Halmahera Barat,Kabupaten,8201131,Ibu Selatan
8200000,Maluku Utara,8201000,Halmahera Barat,Kabupaten,8201132,Tabaru
8200000,Maluku Utara,8201000,Halmahera Barat,Kabupaten,8201140,Loloda
8200000,Maluku Utara,8201000,Halmahera Barat,Kabupaten,8201141,Loloda Tengah
8200000,Maluku Utara,8202000,Halmahera Tengah,Kabupaten,8202030,Weda
8200000,Maluku Utara,8202000,Halmahera Tengah,Kabupaten,8202031,Weda Selatan
8200000,Maluku Utara,8202000,Halmahera Tengah,Kabupaten,8202032,Weda Utara
8200000,Maluku Utara,8202000,Halmahera Tengah,Kabupaten,8202033,Weda Tengah
8200000,Maluku Utara,8202000,Halmahera Tengah,Kabupaten,8202034,Weda Timur
8200000,Maluku Utara,8202000,Halmahera Tengah,Kabupaten,8202041,Pulau Gebe
8200000,Maluku Utara,8202000,Halmahera Tengah,Kabupaten,8202042,Patani
8200000,Maluku Utara,8202000,Halmahera Tengah,Kabupaten,8202043,Patani Utara
8200000,Maluku Utara,8202000,Halmahera Tengah,Kabupaten,8202044,Patani Barat
8200000,Maluku Utara,8202000,Halmahera Tengah,Kabupaten,8202045,Patani Timur
8200000,Maluku Utara,8203000,Kepulauan Sula,Kabupaten,8203010,Sula Besi Barat
8200000,Maluku Utara,8203000,Kepulauan Sula,Kabupaten,8203011,Sulabesi Selatan
8200000,Maluku Utara,8203000,Kepulauan Sula,Kabupaten,8203020,Sanana
8200000,Maluku Utara,8203000,Kepulauan Sula,Kabupaten,8203021,Sula Besi Tengah
8200000,Maluku Utara,8203000,Kepulauan Sula,Kabupaten,8203022,Sulabesi Timur
8200000,Maluku Utara,8203000,Kepulauan Sula,Kabupaten,8203023,Sanana Utara
8200000,Maluku Utara,8203000,Kepulauan Sula,Kabupaten,8203030,Mangoli Timur
8200000,Maluku Utara,8203000,Kepulauan Sula,Kabupaten,8203031,Mangoli Tengah
8200000,Maluku Utara,8203000,Kepulauan Sula,Kabupaten,8203032,Mangoli Utara Timur
8200000,Maluku Utara,8203000,Kepulauan Sula,Kabupaten,8203040,Mangoli Barat
8200000,Maluku Utara,8203000,Kepulauan Sula,Kabupaten,8203041,Mangoli Utara
8200000,Maluku Utara,8203000,Kepulauan Sula,Kabupaten,8203042,Mangoli Selatan
8200000,Maluku Utara,8204000,Halmahera Selatan,Kabupaten,8204010,Obi Selatan
8200000,Maluku Utara,8204000,Halmahera Selatan,Kabupaten,8204020,Obi
8200000,Maluku Utara,8204000,Halmahera Selatan,Kabupaten,8204021,Obi Barat
8200000,Maluku Utara,8204000,Halmahera Selatan,Kabupaten,8204022,Obi Timur
8200000,Maluku Utara,8204000,Halmahera Selatan,Kabupaten,8204023,Obi Utara
8200000,Maluku Utara,8204000,Halmahera Selatan,Kabupaten,8204030,Bacan
8200000,Maluku Utara,8204000,Halmahera Selatan,Kabupaten,8204031,Mandioli Selatan
8200000,Maluku Utara,8204000,Halmahera Selatan,Kabupaten,8204032,Mandioli Utara
8200000,Maluku Utara,8204000,Halmahera Selatan,Kabupaten,8204033,Bacan Selatan
8200000,Maluku Utara,8204000,Halmahera Selatan,Kabupaten,8204034,Batang Lomang
8200000,Maluku Utara,8204000,Halmahera Selatan,Kabupaten,8204040,Bacan Timur
8200000,Maluku Utara,8204000,Halmahera Selatan,Kabupaten,8204041,Bacan Timur Selatan
8200000,Maluku Utara,8204000,Halmahera Selatan,Kabupaten,8204042,Bacan Timur Tengah
8200000,Maluku Utara,8204000,Halmahera Selatan,Kabupaten,8204050,Bacan Barat
8200000,Maluku Utara,8204000,Halmahera Selatan,Kabupaten,8204051,Kasiruta Barat
8200000,Maluku Utara,8204000,Halmahera Selatan,Kabupaten,8204052,Kasiruta Timur
8200000,Maluku Utara,8204000,Halmahera Selatan,Kabupaten,8204053,Bacan Barat Utara
8200000,Maluku Utara,8204000,Halmahera Selatan,Kabupaten,8204060,Kayoa
8200000,Maluku Utara,8204000,Halmahera Selatan,Kabupaten,8204061,Kayoa Barat
8200000,Maluku Utara,8204000,Halmahera Selatan,Kabupaten,8204062,Kayoa Selatan
8200000,Maluku Utara,8204000,Halmahera Selatan,Kabupaten,8204063,Kayoa Utara
8200000,Maluku Utara,8204000,Halmahera Selatan,Kabupaten,8204070,Pulau Makian
8200000,Maluku Utara,8204000,Halmahera Selatan,Kabupaten,8204071,Makian Barat
8200000,Maluku Utara,8204000,Halmahera Selatan,Kabupaten,8204080,Gane Barat
8200000,Maluku Utara,8204000,Halmahera Selatan,Kabupaten,8204081,Gane Barat Selatan
8200000,Maluku Utara,8204000,Halmahera Selatan,Kabupaten,8204082,Gane Barat Utara
8200000,Maluku Utara,8204000,Halmahera Selatan,Kabupaten,8204083,Kepulauan Joronga
8200000,Maluku Utara,8204000,Halmahera Selatan,Kabupaten,8204090,Gane Timur
8200000,Maluku Utara,8204000,Halmahera Selatan,Kabupaten,8204091,Gane Timur Tengah
8200000,Maluku Utara,8204000,Halmahera Selatan,Kabupaten,8204092,Gane Timur Selatan
8200000,Maluku Utara,8205000,Halmahera Utara,Kabupaten,8205010,Malifut
8200000,Maluku Utara,8205000,Halmahera Utara,Kabupaten,8205011,Kao Teluk
8200000,Maluku Utara,8205000,Halmahera Utara,Kabupaten,8205020,Kao
8200000,Maluku Utara,8205000,Halmahera Utara,Kabupaten,8205021,Kao Barat
8200000,Maluku Utara,8205000,Halmahera Utara,Kabupaten,8205022,Kao Utara
8200000,Maluku Utara,8205000,Halmahera Utara,Kabupaten,8205030,Tobelo Selatan
8200000,Maluku Utara,8205000,Halmahera Utara,Kabupaten,8205031,Tobelo Barat
8200000,Maluku Utara,8205000,Halmahera Utara,Kabupaten,8205032,Tobelo Timur
8200000,Maluku Utara,8205000,Halmahera Utara,Kabupaten,8205040,Tobelo
8200000,Maluku Utara,8205000,Halmahera Utara,Kabupaten,8205041,Tobelo Tengah
8200000,Maluku Utara,8205000,Halmahera Utara,Kabupaten,8205042,Tobelo Utara
8200000,Maluku Utara,8205000,Halmahera Utara,Kabupaten,8205050,Galela
8200000,Maluku Utara,8205000,Halmahera Utara,Kabupaten,8205051,Galela Selatan
8200000,Maluku Utara,8205000,Halmahera Utara,Kabupaten,8205052,Galela Barat
8200000,Maluku Utara,8205000,Halmahera Utara,Kabupaten,8205053,Galela Utara
8200000,Maluku Utara,8205000,Halmahera Utara,Kabupaten,8205060,Loloda Utara
8200000,Maluku Utara,8205000,Halmahera Utara,Kabupaten,8205061,Loloda Kepulauan
8200000,Maluku Utara,8206000,Halmahera Timur,Kabupaten,8206010,Maba Selatan
8200000,Maluku Utara,8206000,Halmahera Timur,Kabupaten,8206011,Kota Maba
8200000,Maluku Utara,8206000,Halmahera Timur,Kabupaten,8206020,Wasile Selatan
8200000,Maluku Utara,8206000,Halmahera Timur,Kabupaten,8206030,Wasile
8200000,Maluku Utara,8206000,Halmahera Timur,Kabupaten,8206031,Wasile Timur
8200000,Maluku Utara,8206000,Halmahera Timur,Kabupaten,8206032,Wasile Tengah
8200000,Maluku Utara,8206000,Halmahera Timur,Kabupaten,8206033,Wasile Utara
8200000,Maluku Utara,8206000,Halmahera Timur,Kabupaten,8206040,Maba
8200000,Maluku Utara,8206000,Halmahera Timur,Kabupaten,8206041,Maba Tengah
8200000,Maluku Utara,8206000,Halmahera Timur,Kabupaten,8206042,Maba Utara
8200000,Maluku Utara,8207000,Pulau Morotai,Kabupaten,8207010,Morotai Selatan
8200000,Maluku Utara,8207000,Pulau Morotai,Kabupaten,8207020,Morotai Timur
8200000,Maluku Utara,8207000,Pulau Morotai,Kabupaten,8207030,Morotai Selatan Barat
8200000,Maluku Utara,8207000,Pulau Morotai,Kabupaten,8207031,Pulau Rao
8200000,Maluku Utara,8207000,Pulau Morotai,Kabupaten,8207040,Morotai Jaya
8200000,Maluku Utara,8207000,Pulau Morotai,Kabupaten,8207050,Morotai Utara
8200000,Maluku Utara,8208000,Pulau Taliabu,Kabupaten,8208010,Taliabu Barat
8200000,Maluku Utara,8208000,Pulau Taliabu,Kabupaten,8208020,Taliabu Selatan
8200000,Maluku Utara,8208000,Pulau Taliabu,Kabupaten,8208030,Tabona
8200000,Maluku Utara,8208000,Pulau Taliabu,Kabupaten,8208040,Taliabu Timur Selatan
8200000,Maluku Utara,8208000,Pulau Taliabu,Kabupaten,8208050,Taliabu Timur
8200000,Maluku Utara,8208000,Pulau Taliabu,Kabupaten,8208060,Taliabu Utara
8200000,Maluku Utara,8208000,Pulau Taliabu,Kabupaten,8208070,Lede
8200000,Maluku Utara,8208000,Pulau Taliabu,Kabupaten,8208080,Taliabu Barat Laut
8200000,Maluku Utara,8271000,Ternate,Kota,8271010,Pulau Ternate
8200000,Maluku Utara,8271000,Ternate,Kota,8271011,Moti
8200000,Maluku Utara,8271000,Ternate,Kota,8271012,Pulau Batang Dua
8200000,Maluku Utara,8271000,Ternate,Kota,8271013,Pulau Hiri
8200000,Maluku Utara,8271000,Ternate,Kota,8271014,Ternate Barat
8200000,Maluku Utara,8271000,Ternate,Kota,8271020,Ternate Selatan
8200000,Maluku Utara,8271000,Ternate,Kota,8271021,Ternate Tengah
8200000,Maluku Utara,8271000,Ternate,Kota,8271030,Ternate Utara
8200000,Maluku Utara,8272000,Tidore Kepulauan,Kota,8272010,Tidore Selatan
8200000,Maluku Utara,8272000,Tidore Kepulauan,Kota,8272020,Tidore Utara
8200000,Maluku Utara,8272000,Tidore Kepulauan,Kota,8272030,Tidore
8200000,Maluku Utara,8272000,Tidore Kepulauan,Kota,8272031,Tidore Timur
8200000,Maluku Utara,8272000,Tidore Kepulauan,Kota,8272040,Oba
8200000,Maluku Utara,8272000,Tidore Kepulauan,Kota,8272041,Oba Selatan
8200000,Maluku Utara,8272000,Tidore Kepulauan,Kota,8272050,Oba Utara
8200000,Maluku Utara,8272000,Tidore Kepulauan,Kota,8272051,Oba Tengah
9100000,Papua Barat,9101000,Fakfak,Kabupaten,9101050,Fakfak Timur
9100000,Papua Barat,9101000,Fakfak,Kabupaten,9101051,Karas
9100000,Papua Barat,9101000,Fakfak,Kabupaten,9101052,Fakfak Timur Tengah
9100000,Papua Barat,9101000,Fakfak,Kabupaten,9101060,Fakfak
9100000,Papua Barat,9101000,Fakfak,Kabupaten,9101061,Fakfak Tengah
9100000,Papua Barat,9101000,Fakfak,Kabupaten,9101062,Pariwari
9100000,Papua Barat,9101000,Fakfak,Kabupaten,9101070,Fakfak Barat
9100000,Papua Barat,9101000,Fakfak,Kabupaten,9101071,Wartutin
9100000,Papua Barat,9101000,Fakfak,Kabupaten,9101080,Kokas
9100000,Papua Barat,9101000,Fakfak,Kabupaten,9101081,Teluk Patipi
9100000,Papua Barat,9101000,Fakfak,Kabupaten,9101082,Kramongmongga
9100000,Papua Barat,9101000,Fakfak,Kabupaten,9101083,Bomberay
9100000,Papua Barat,9101000,Fakfak,Kabupaten,9101084,Arguni
9100000,Papua Barat,9101000,Fakfak,Kabupaten,9101085,Mbahamdandara
9100000,Papua Barat,9101000,Fakfak,Kabupaten,9101086,Furwagi
9100000,Papua Barat,9101000,Fakfak,Kabupaten,9101087,Kayauni
9100000,Papua Barat,9101000,Fakfak,Kabupaten,9101088,Tomage
9100000,Papua Barat,9102000,Kaimana,Kabupaten,9102010,Buruway
9100000,Papua Barat,9102000,Kaimana,Kabupaten,9102020,Teluk Arguni Atas
9100000,Papua Barat,9102000,Kaimana,Kabupaten,9102021,Teluk Arguni Bawah
9100000,Papua Barat,9102000,Kaimana,Kabupaten,9102030,Kaimana
9100000,Papua Barat,9102000,Kaimana,Kabupaten,9102031,Kambrau
9100000,Papua Barat,9102000,Kaimana,Kabupaten,9102040,Teluk Etna
9100000,Papua Barat,9102000,Kaimana,Kabupaten,9102041,Yamor
9100000,Papua Barat,9103000,Teluk Wondama,Kabupaten,9103010,Naikere
9100000,Papua Barat,9103000,Teluk Wondama,Kabupaten,9103020,Wondiboy
9100000,Papua Barat,9103000,Teluk Wondama,Kabupaten,9103021,Rasiey
9100000,Papua Barat,9103000,Teluk Wondama,Kabupaten,9103022,Kuri Wamesa
9100000,Papua Barat,9103000,Teluk Wondama,Kabupaten,9103030,Wasior
9100000,Papua Barat,9103000,Teluk Wondama,Kabupaten,9103040,Duairi
9100000,Papua Barat,9103000,Teluk Wondama,Kabupaten,9103041,Roon
9100000,Papua Barat,9103000,Teluk Wondama,Kabupaten,9103050,Windesi
9100000,Papua Barat,9103000,Teluk Wondama,Kabupaten,9103051,Nikiwar
9100000,Papua Barat,9103000,Teluk Wondama,Kabupaten,9103060,Wamesa
9100000,Papua Barat,9103000,Teluk Wondama,Kabupaten,9103061,Roswar
9100000,Papua Barat,9103000,Teluk Wondama,Kabupaten,9103070,Rumberpon
9100000,Papua Barat,9103000,Teluk Wondama,Kabupaten,9103071,Soug Jaya
9100000,Papua Barat,9104000,Teluk Bintuni,Kabupaten,9104010,Fafurwar
9100000,Papua Barat,9104000,Teluk Bintuni,Kabupaten,9104020,Babo
9100000,Papua Barat,9104000,Teluk Bintuni,Kabupaten,9104021,Sumuri
9100000,Papua Barat,9104000,Teluk Bintuni,Kabupaten,9104022,Aroba
9100000,Papua Barat,9104000,Teluk Bintuni,Kabupaten,9104023,Kaitaro
9100000,Papua Barat,9104000,Teluk Bintuni,Kabupaten,9104030,Kuri
9100000,Papua Barat,9104000,Teluk Bintuni,Kabupaten,9104040,Wamesa
9100000,Papua Barat,9104000,Teluk Bintuni,Kabupaten,9104050,Bintuni
9100000,Papua Barat,9104000,Teluk Bintuni,Kabupaten,9104051,Manimeri
9100000,Papua Barat,9104000,Teluk Bintuni,Kabupaten,9104052,Tuhiba
9100000,Papua Barat,9104000,Teluk Bintuni,Kabupaten,9104053,Dataran Beimes
9100000,Papua Barat,9104000,Teluk Bintuni,Kabupaten,9104060,Tembuni
9100000,Papua Barat,9104000,Teluk Bintuni,Kabupaten,9104070,Aranday
9100000,Papua Barat,9104000,Teluk Bintuni,Kabupaten,9104071,Kamundan
9100000,Papua Barat,9104000,Teluk Bintuni,Kabupaten,9104072,Tomu
9100000,Papua Barat,9104000,Teluk Bintuni,Kabupaten,9104073,Weriagar
9100000,Papua Barat,9104000,Teluk Bintuni,Kabupaten,9104080,Moskona Selatan
9100000,Papua Barat,9104000,Teluk Bintuni,Kabupaten,9104081,Meyado
9100000,Papua Barat,9104000,Teluk Bintuni,Kabupaten,9104082,Moskona Barat
9100000,Papua Barat,9104000,Teluk Bintuni,Kabupaten,9104090,Merdey
9100000,Papua Barat,9104000,Teluk Bintuni,Kabupaten,9104091,Biscoop
9100000,Papua Barat,9104000,Teluk Bintuni,Kabupaten,9104092,Masyeta
9100000,Papua Barat,9104000,Teluk Bintuni,Kabupaten,9104100,Moskona Utara
9100000,Papua Barat,9104000,Teluk Bintuni,Kabupaten,9104101,Moskona Timur
9100000,Papua Barat,9105000,Manokwari,Kabupaten,9105110,Warmare
9100000,Papua Barat,9105000,Manokwari,Kabupaten,9105111,Mokwam
9100000,Papua Barat,9105000,Manokwari,Kabupaten,9105120,Prafi
9100000,Papua Barat,9105000,Manokwari,Kabupaten,9105121,Aimasi
9100000,Papua Barat,9105000,Manokwari,Kabupaten,9105141,Manokwari Barat
9100000,Papua Barat,9105000,Manokwari,Kabupaten,9105142,Manokwari Timur
9100000,Papua Barat,9105000,Manokwari,Kabupaten,9105143,Manokwari Utara
9100000,Papua Barat,9105000,Manokwari,Kabupaten,9105144,Manokwari Selatan
9100000,Papua Barat,9105000,Manokwari,Kabupaten,9105146,Tanah Rubuh
9100000,Papua Barat,9105000,Manokwari,Kabupaten,9105147,Moruj Mega
9100000,Papua Barat,9105000,Manokwari,Kabupaten,9105170,Masni
9100000,Papua Barat,9105000,Manokwari,Kabupaten,9105171,Sidey
9100000,Papua Barat,9105000,Manokwari,Kabupaten,9105172,Masni Utara
9100000,Papua Barat,9105000,Manokwari,Kabupaten,9105173,Wasirawi
9100000,Papua Barat,9111000,Manokwari Selatan,Kabupaten,9111010,Tahota
9100000,Papua Barat,9111000,Manokwari Selatan,Kabupaten,9111020,Dataran Isim
9100000,Papua Barat,9111000,Manokwari Selatan,Kabupaten,9111030,Neney
9100000,Papua Barat,9111000,Manokwari Selatan,Kabupaten,9111040,Momi Waren
9100000,Papua Barat,9111000,Manokwari Selatan,Kabupaten,9111050,Ransiki
9100000,Papua Barat,9111000,Manokwari Selatan,Kabupaten,9111060,Oransbari
9100000,Papua Barat,9112000,Pegunungan Arfak,Kabupaten,9112010,Didohu
9100000,Papua Barat,9112000,Pegunungan Arfak,Kabupaten,9112020,Sururey
9100000,Papua Barat,9112000,Pegunungan Arfak,Kabupaten,9112030,Anggi Gida
9100000,Papua Barat,9112000,Pegunungan Arfak,Kabupaten,9112040,Membey
9100000,Papua Barat,9112000,Pegunungan Arfak,Kabupaten,9112050,Anggi
9100000,Papua Barat,9112000,Pegunungan Arfak,Kabupaten,9112060,Taige
9100000,Papua Barat,9112000,Pegunungan Arfak,Kabupaten,9112070,Hingk
9100000,Papua Barat,9112000,Pegunungan Arfak,Kabupaten,9112080,Minyambouw
9100000,Papua Barat,9112000,Pegunungan Arfak,Kabupaten,9112090,Catubouw
9100000,Papua Barat,9112000,Pegunungan Arfak,Kabupaten,9112100,Testega
9200000,Papua Barat Daya,9201000,Raja Ampat,Kabupaten,9201010,Misool Barat
9200000,Papua Barat Daya,9201000,Raja Ampat,Kabupaten,9201020,Misool Selatan
9200000,Papua Barat Daya,9201000,Raja Ampat,Kabupaten,9201030,Misool Timur
9200000,Papua Barat Daya,9201000,Raja Ampat,Kabupaten,9201040,Misool
9200000,Papua Barat Daya,9201000,Raja Ampat,Kabupaten,9201050,Kepulauan Sembilan
9200000,Papua Barat Daya,9201000,Raja Ampat,Kabupaten,9201060,Kofiau
9200000,Papua Barat Daya,9201000,Raja Ampat,Kabupaten,9201070,Salawati Tengah
9200000,Papua Barat Daya,9201000,Raja Ampat,Kabupaten,9201080,Salawati Utara
9200000,Papua Barat Daya,9201000,Raja Ampat,Kabupaten,9201090,Salawati Barat
9200000,Papua Barat Daya,9201000,Raja Ampat,Kabupaten,9201100,Batanta Selatan
9200000,Papua Barat Daya,9201000,Raja Ampat,Kabupaten,9201110,Batanta Utara
9200000,Papua Barat Daya,9201000,Raja Ampat,Kabupaten,9201120,Waigeo Barat Kepulauan
9200000,Papua Barat Daya,9201000,Raja Ampat,Kabupaten,9201130,Meos Mansar
9200000,Papua Barat Daya,9201000,Raja Ampat,Kabupaten,9201140,Waigeo Selatan
9200000,Papua Barat Daya,9201000,Raja Ampat,Kabupaten,9201150,Kota Waisai
9200000,Papua Barat Daya,9201000,Raja Ampat,Kabupaten,9201160,Teluk Mayalibit
9200000,Papua Barat Daya,9201000,Raja Ampat,Kabupaten,9201170,Tiplol Mayalibit
9200000,Papua Barat Daya,9201000,Raja Ampat,Kabupaten,9201180,Waigeo Timur
9200000,Papua Barat Daya,9201000,Raja Ampat,Kabupaten,9201190,Warwarbomi
9200000,Papua Barat Daya,9201000,Raja Ampat,Kabupaten,9201200,Waigeo Utara
9200000,Papua Barat Daya,9201000,Raja Ampat,Kabupaten,9201210,Supnin
9200000,Papua Barat Daya,9201000,Raja Ampat,Kabupaten,9201220,Waigeo Barat
9200000,Papua Barat Daya,9201000,Raja Ampat,Kabupaten,9201230,Ayau
9200000,Papua Barat Daya,9201000,Raja Ampat,Kabupaten,9201240,Kepulauan Ayau
9200000,Papua Barat Daya,9202000,Sorong,Kabupaten,9202010,Salawati Selatan
9200000,Papua Barat Daya,9202000,Sorong,Kabupaten,9202020,Salawati Tengah
9200000,Papua Barat Daya,9202000,Sorong,Kabupaten,9202030,Seget
9200000,Papua Barat Daya,9202000,Sorong,Kabupaten,9202040,Segun
9200000,Papua Barat Daya,9202000,Sorong,Kabupaten,9202050,Moisigin
9200000,Papua Barat Daya,9202000,Sorong,Kabupaten,9202060,Salawati
9200000,Papua Barat Daya,9202000,Sorong,Kabupaten,9202070,Mayamuk
9200000,Papua Barat Daya,9202000,Sorong,Kabupaten,9202080,Mariat
9200000,Papua Barat Daya,9202000,Sorong,Kabupaten,9202090,Aimas
9200000,Papua Barat Daya,9202000,Sorong,Kabupaten,9202100,Sorong
9200000,Papua Barat Daya,9202000,Sorong,Kabupaten,9202110,Makbon
9200000,Papua Barat Daya,9202000,Sorong,Kabupaten,9202120,Klayili
9200000,Papua Barat Daya,9202000,Sorong,Kabupaten,9202130,Klaso
9200000,Papua Barat Daya,9202000,Sorong,Kabupaten,9202140,Saengkeduk
9200000,Papua Barat Daya,9202000,Sorong,Kabupaten,9202150,Malabotom
9200000,Papua Barat Daya,9202000,Sorong,Kabupaten,9202160,Klamono
9200000,Papua Barat Daya,9202000,Sorong,Kabupaten,9202170,Klasafet
9200000,Papua Barat Daya,9202000,Sorong,Kabupaten,9202180,Bagun
9200000,Papua Barat Daya,9202000,Sorong,Kabupaten,9202190,Konhir
9200000,Papua Barat Daya,9202000,Sorong,Kabupaten,9202200,Beraur
9200000,Papua Barat Daya,9202000,Sorong,Kabupaten,9202210,Botain
9200000,Papua Barat Daya,9202000,Sorong,Kabupaten,9202220,Klawak
9200000,Papua Barat Daya,9202000,Sorong,Kabupaten,9202230,Hobard
9200000,Papua Barat Daya,9202000,Sorong,Kabupaten,9202240,Klabot
9200000,Papua Barat Daya,9202000,Sorong,Kabupaten,9202250,Buk
9200000,Papua Barat Daya,9202000,Sorong,Kabupaten,9202260,Sayosa
9200000,Papua Barat Daya,9202000,Sorong,Kabupaten,9202270,Wemak
9200000,Papua Barat Daya,9202000,Sorong,Kabupaten,9202280,Sayosa Timur
9200000,Papua Barat Daya,9202000,Sorong,Kabupaten,9202290,Maudus
9200000,Papua Barat Daya,9202000,Sorong,Kabupaten,9202300,Sunook
9200000,Papua Barat Daya,9203000,Sorong Selatan,Kabupaten,9203010,Inanwatan
9200000,Papua Barat Daya,9203000,Sorong Selatan,Kabupaten,9203020,Kokoda
9200000,Papua Barat Daya,9203000,Sorong Selatan,Kabupaten,9203030,Kokoda Utara
9200000,Papua Barat Daya,9203000,Sorong Selatan,Kabupaten,9203040,Metemani
9200000,Papua Barat Daya,9203000,Sorong Selatan,Kabupaten,9203050,Kais
9200000,Papua Barat Daya,9203000,Sorong Selatan,Kabupaten,9203060,Kais Darat
9200000,Papua Barat Daya,9203000,Sorong Selatan,Kabupaten,9203070,Konda
9200000,Papua Barat Daya,9203000,Sorong Selatan,Kabupaten,9203080,Wayer
9200000,Papua Barat Daya,9203000,Sorong Selatan,Kabupaten,9203090,Moswaren
9200000,Papua Barat Daya,9203000,Sorong Selatan,Kabupaten,9203100,Teminabuan
9200000,Papua Barat Daya,9203000,Sorong Selatan,Kabupaten,9203110,Saifi
9200000,Papua Barat Daya,9203000,Sorong Selatan,Kabupaten,9203120,Seremuk
9200000,Papua Barat Daya,9203000,Sorong Selatan,Kabupaten,9203130,Sawiat
9200000,Papua Barat Daya,9203000,Sorong Selatan,Kabupaten,9203140,Fokour
9200000,Papua Barat Daya,9203000,Sorong Selatan,Kabupaten,9203150,Salkma
9200000,Papua Barat Daya,9204000,Maybrat,Kabupaten,9204010,Aifat Timur Selatan
9200000,Papua Barat Daya,9204000,Maybrat,Kabupaten,9204020,Aifat Selatan
9200000,Papua Barat Daya,9204000,Maybrat,Kabupaten,9204030,Aifat
9200000,Papua Barat Daya,9204000,Maybrat,Kabupaten,9204040,Aifat Timur
9200000,Papua Barat Daya,9204000,Maybrat,Kabupaten,9204050,Aifat Timur Tengah
9200000,Papua Barat Daya,9204000,Maybrat,Kabupaten,9204060,Aifat Timur Jauh
9200000,Papua Barat Daya,9204000,Maybrat,Kabupaten,9204070,Aifat Utara
9200000,Papua Barat Daya,9204000,Maybrat,Kabupaten,9204080,Aitinyo Tengah
9200000,Papua Barat Daya,9204000,Maybrat,Kabupaten,9204090,Aitinyo Barat/Athabu
9200000,Papua Barat Daya,9204000,Maybrat,Kabupaten,9204100,Aitinyo
9200000,Papua Barat Daya,9204000,Maybrat,Kabupaten,9204110,Aitinyo Utara
9200000,Papua Barat Daya,9204000,Maybrat,Kabupaten,9204120,Aitinyo Raya
9200000,Papua Barat Daya,9204000,Maybrat,Kabupaten,9204130,Ayamaru Selatan Jaya
9200000,Papua Barat Daya,9204000,Maybrat,Kabupaten,9204140,Ayamaru Selatan
9200000,Papua Barat Daya,9204000,Maybrat,Kabupaten,9204150,Ayamaru Timur Selatan
9200000,Papua Barat Daya,9204000,Maybrat,Kabupaten,9204160,Ayamaru Tengah
9200000,Papua Barat Daya,9204000,Maybrat,Kabupaten,9204170,Ayamaru
9200000,Papua Barat Daya,9204000,Maybrat,Kabupaten,9204180,Ayamaru Barat
9200000,Papua Barat Daya,9204000,Maybrat,Kabupaten,9204190,Ayamaru Timur
9200000,Papua Barat Daya,9204000,Maybrat,Kabupaten,9204200,Ayamaru Jaya
9200000,Papua Barat Daya,9204000,Maybrat,Kabupaten,9204210,Ayamaru Utara
9200000,Papua Barat Daya,9204000,Maybrat,Kabupaten,9204220,Ayamaru Utara Timur
9200000,Papua Barat Daya,9204000,Maybrat,Kabupaten,9204230,Mare Selatan
9200000,Papua Barat Daya,9204000,Maybrat,Kabupaten,9204240,Mare
9200000,Papua Barat Daya,9205000,Tambrauw,Kabupaten,9205010,Selemkai
9200000,Papua Barat Daya,9205000,Tambrauw,Kabupaten,9205020,Moraid
9200000,Papua Barat Daya,9205000,Tambrauw,Kabupaten,9205030,Yembun
9200000,Papua Barat Daya,9205000,Tambrauw,Kabupaten,9205040,Bamusbama
9200000,Papua Barat Daya,9205000,Tambrauw,Kabupaten,9205050,Syujak
9200000,Papua Barat Daya,9205000,Tambrauw,Kabupaten,9205060,Tinggouw
9200000,Papua Barat Daya,9205000,Tambrauw,Kabupaten,9205070,Fef
9200000,Papua Barat Daya,9205000,Tambrauw,Kabupaten,9205080,Ases
9200000,Papua Barat Daya,9205000,Tambrauw,Kabupaten,9205090,Miyah Selatan
9200000,Papua Barat Daya,9205000,Tambrauw,Kabupaten,9205100,Wilhem Roumbouts
9200000,Papua Barat Daya,9205000,Tambrauw,Kabupaten,9205110,Miyah
9200000,Papua Barat Daya,9205000,Tambrauw,Kabupaten,9205120,Sausapor
9200000,Papua Barat Daya,9205000,Tambrauw,Kabupaten,9205130,Bikar
9200000,Papua Barat Daya,9205000,Tambrauw,Kabupaten,9205140,Kwoor
9200000,Papua Barat Daya,9205000,Tambrauw,Kabupaten,9205150,Kwesefo
9200000,Papua Barat Daya,9205000,Tambrauw,Kabupaten,9205160,Tobouw
9200000,Papua Barat Daya,9205000,Tambrauw,Kabupaten,9205170,Abun
9200000,Papua Barat Daya,9205000,Tambrauw,Kabupaten,9205180,Amberbaken
9200000,Papua Barat Daya,9205000,Tambrauw,Kabupaten,9205190,Amberbaken Barat
9200000,Papua Barat Daya,9205000,Tambrauw,Kabupaten,9205200,Mpur
9200000,Papua Barat Daya,9205000,Tambrauw,Kabupaten,9205210,Mubrani
9200000,Papua Barat Daya,9205000,Tambrauw,Kabupaten,9205220,Kasi
9200000,Papua Barat Daya,9205000,Tambrauw,Kabupaten,9205230,Ireres
9200000,Papua Barat Daya,9205000,Tambrauw,Kabupaten,9205240,Senopi
9200000,Papua Barat Daya,9205000,Tambrauw,Kabupaten,9205250,Mawabuan
9200000,Papua Barat Daya,9205000,Tambrauw,Kabupaten,9205260,Kebar
9200000,Papua Barat Daya,9205000,Tambrauw,Kabupaten,9205270,Manekar
9200000,Papua Barat Daya,9205000,Tambrauw,Kabupaten,9205280,Kebar Timur
9200000,Papua Barat Daya,9205000,Tambrauw,Kabupaten,9205290,Kebar Selatan
9200000,Papua Barat Daya,9271000,Sorong,Kota,9271010,Klaurung
9200000,Papua Barat Daya,9271000,Sorong,Kota,9271020,Sorong Utara
9200000,Papua Barat Daya,9271000,Sorong,Kota,9271030,Sorong Timur
9200000,Papua Barat Daya,9271000,Sorong,Kota,9271040,Sorong Manoi
9200000,Papua Barat Daya,9271000,Sorong,Kota,9271050,Malaimsimsa
9200000,Papua Barat Daya,9271000,Sorong,Kota,9271060,Sorong
9200000,Papua Barat Daya,9271000,Sorong,Kota,9271070,Sorong Kota
9200000,Papua Barat Daya,9271000,Sorong,Kota,9271080,Sorong Kepulauan
9200000,Papua Barat Daya,9271000,Sorong,Kota,9271090,Sorong Barat
9200000,Papua Barat Daya,9271000,Sorong,Kota,9271100,Maladum Mes
9400000,Papua,9403000,Jayapura,Kabupaten,9403080,Kaureh
9400000,Papua,9403000,Jayapura,Kabupaten,9403081,Airu
9400000,Papua,9403000,Jayapura,Kabupaten,9403082,Yapsi
9400000,Papua,9403000,Jayapura,Kabupaten,9403140,Kemtuk
9400000,Papua,9403000,Jayapura,Kabupaten,9403150,Kemtuk Gresi
9400000,Papua,9403000,Jayapura,Kabupaten,9403151,Gresi Selatan
9400000,Papua,9403000,Jayapura,Kabupaten,9403160,Nimboran
9400000,Papua,9403000,Jayapura,Kabupaten,9403161,Nimboran Timur / Namblong
9400000,Papua,9403000,Jayapura,Kabupaten,9403170,Nimbokrang
9400000,Papua,9403000,Jayapura,Kabupaten,9403180,Unurum Guay
9400000,Papua,9403000,Jayapura,Kabupaten,9403200,Demta
9400000,Papua,9403000,Jayapura,Kabupaten,9403201,Yokari
9400000,Papua,9403000,Jayapura,Kabupaten,9403210,Depapre
9400000,Papua,9403000,Jayapura,Kabupaten,9403211,Ravenirara
9400000,Papua,9403000,Jayapura,Kabupaten,9403220,Sentani Barat
9400000,Papua,9403000,Jayapura,Kabupaten,9403221,Waibu
9400000,Papua,9403000,Jayapura,Kabupaten,9403230,Sentani
9400000,Papua,9403000,Jayapura,Kabupaten,9403231,Ebungfau
9400000,Papua,9403000,Jayapura,Kabupaten,9403240,Sentani Timur
9400000,Papua,9408000,Kepulauan Yapen,Kabupaten,9408040,Yapen Timur
9400000,Papua,9408000,Kepulauan Yapen,Kabupaten,9408041,Pantura Yapen
9400000,Papua,9408000,Kepulauan Yapen,Kabupaten,9408042,Teluk Ampimoi
9400000,Papua,9408000,Kepulauan Yapen,Kabupaten,9408043,Raimbawi
9400000,Papua,9408000,Kepulauan Yapen,Kabupaten,9408044,Pulau Kurudu
9400000,Papua,9408000,Kepulauan Yapen,Kabupaten,9408050,Angkaisera
9400000,Papua,9408000,Kepulauan Yapen,Kabupaten,9408051,Kep. Ambai
9400000,Papua,9408000,Kepulauan Yapen,Kabupaten,9408052,Yawakukat
9400000,Papua,9408000,Kepulauan Yapen,Kabupaten,9408053,Nusawani
9400000,Papua,9408000,Kepulauan Yapen,Kabupaten,9408060,Yapen Selatan
9400000,Papua,9408000,Kepulauan Yapen,Kabupaten,9408061,Kosiwo
9400000,Papua,9408000,Kepulauan Yapen,Kabupaten,9408062,Anataurei
9400000,Papua,9408000,Kepulauan Yapen,Kabupaten,9408070,Yapen Barat
9400000,Papua,9408000,Kepulauan Yapen,Kabupaten,9408071,Wonawa
9400000,Papua,9408000,Kepulauan Yapen,Kabupaten,9408072,Pulau Yerui
9400000,Papua,9408000,Kepulauan Yapen,Kabupaten,9408080,Poom
9400000,Papua,9408000,Kepulauan Yapen,Kabupaten,9408081,Windesi
9400000,Papua,9409000,Biak Numfor,Kabupaten,9409010,Numfor Barat
9400000,Papua,9409000,Biak Numfor,Kabupaten,9409011,Orkeri
9400000,Papua,9409000,Biak Numfor,Kabupaten,9409020,Numfor Timur
9400000,Papua,9409000,Biak Numfor,Kabupaten,9409021,Bruyadori
9400000,Papua,9409000,Biak Numfor,Kabupaten,9409022,Poiru
9400000,Papua,9409000,Biak Numfor,Kabupaten,9409030,Padaido
9400000,Papua,9409000,Biak Numfor,Kabupaten,9409031,Aimando Padaido
9400000,Papua,9409000,Biak Numfor,Kabupaten,9409040,Biak Timur
9400000,Papua,9409000,Biak Numfor,Kabupaten,9409041,Oridek
9400000,Papua,9409000,Biak Numfor,Kabupaten,9409050,Biak Kota
9400000,Papua,9409000,Biak Numfor,Kabupaten,9409060,Samofa
9400000,Papua,9409000,Biak Numfor,Kabupaten,9409070,Yendidori
9400000,Papua,9409000,Biak Numfor,Kabupaten,9409080,Biak Utara
9400000,Papua,9409000,Biak Numfor,Kabupaten,9409081,Andey
9400000,Papua,9409000,Biak Numfor,Kabupaten,9409090,Warsa
9400000,Papua,9409000,Biak Numfor,Kabupaten,9409091,Yawosi
9400000,Papua,9409000,Biak Numfor,Kabupaten,9409092,Bondifuar
9400000,Papua,9409000,Biak Numfor,Kabupaten,9409100,Biak Barat
9400000,Papua,9409000,Biak Numfor,Kabupaten,9409101,Swandiwe
9400000,Papua,9419000,Sarmi,Kabupaten,9419021,Pantai Timur Bagian Barat
9400000,Papua,9419000,Sarmi,Kabupaten,9419022,Pantai Timur
9400000,Papua,9419000,Sarmi,Kabupaten,9419031,Bonggo
9400000,Papua,9419000,Sarmi,Kabupaten,9419032,Bonggo Timur
9400000,Papua,9419000,Sarmi,Kabupaten,9419040,Tor Atas
9400000,Papua,9419000,Sarmi,Kabupaten,9419050,Sarmi
9400000,Papua,9419000,Sarmi,Kabupaten,9419051,Sarmi Timur
9400000,Papua,9419000,Sarmi,Kabupaten,9419052,Sarmi Selatan
9400000,Papua,9419000,Sarmi,Kabupaten,9419060,Pantai Barat
9400000,Papua,9419000,Sarmi,Kabupaten,9419061,Apawer Hulu
9400000,Papua,9420000,Keerom,Kabupaten,9420010,Web
9400000,Papua,9420000,Keerom,Kabupaten,9420011,Towe
9400000,Papua,9420000,Keerom,Kabupaten,9420012,Yaffi
9400000,Papua,9420000,Keerom,Kabupaten,9420020,Senggi
9400000,Papua,9420000,Keerom,Kabupaten,9420021,Kaisenar
9400000,Papua,9420000,Keerom,Kabupaten,9420030,Waris
9400000,Papua,9420000,Keerom,Kabupaten,9420040,Arso
9400000,Papua,9420000,Keerom,Kabupaten,9420041,Arso Timur
9400000,Papua,9420000,Keerom,Kabupaten,9420042,Arso Barat
9400000,Papua,9420000,Keerom,Kabupaten,9420043,Mannem
9400000,Papua,9420000,Keerom,Kabupaten,9420050,Skanto
9400000,Papua,9426000,Waropen,Kabupaten,9426010,Waropen Bawah
9400000,Papua,9426000,Waropen,Kabupaten,9426011,Inggerus
9400000,Papua,9426000,Waropen,Kabupaten,9426012,Urei Faisei
9400000,Papua,9426000,Waropen,Kabupaten,9426013,Oudate
9400000,Papua,9426000,Waropen,Kabupaten,9426014,Wapoga
9400000,Papua,9426000,Waropen,Kabupaten,9426020,Masirei
9400000,Papua,9426000,Waropen,Kabupaten,9426021,Risei Sayati
9400000,Papua,9426000,Waropen,Kabupaten,9426022,Demba
9400000,Papua,9426000,Waropen,Kabupaten,9426023,Soyoi Mambai
9400000,Papua,9426000,Waropen,Kabupaten,9426024,Wonti
9400000,Papua,9426000,Waropen,Kabupaten,9426030,Walani
9400000,Papua,9426000,Waropen,Kabupaten,9426040,Kirihi
9400000,Papua,9427000,Supiori,Kabupaten,9427010,Supiori Selatan
9400000,Papua,9427000,Supiori,Kabupaten,9427011,Kepulauan Aruri
9400000,Papua,9427000,Supiori,Kabupaten,9427020,Supiori Utara
9400000,Papua,9427000,Supiori,Kabupaten,9427021,Supiori Barat
9400000,Papua,9427000,Supiori,Kabupaten,9427030,Supiori Timur
9400000,Papua,9428000,Mamberamo Raya,Kabupaten,9428030,Waropen Atas
9400000,Papua,9428000,Mamberamo Raya,Kabupaten,9428031,Benuki
9400000,Papua,9428000,Mamberamo Raya,Kabupaten,9428032,Sawai
9400000,Papua,9428000,Mamberamo Raya,Kabupaten,9428040,Mamberamo Ilir
9400000,Papua,9428000,Mamberamo Raya,Kabupaten,9428050,Mamberamo Tengah
9400000,Papua,9428000,Mamberamo Raya,Kabupaten,9428060,Mamberamo Tengah Timur
9400000,Papua,9428000,Mamberamo Raya,Kabupaten,9428070,Rofaer
9400000,Papua,9428000,Mamberamo Raya,Kabupaten,9428080,Mamberamo Ulu
9400000,Papua,9471000,Jayapura,Kota,9471010,Muara Tami
9400000,Papua,9471000,Jayapura,Kota,9471020,Abepura
9400000,Papua,9471000,Jayapura,Kota,9471021,Heram
9400000,Papua,9471000,Jayapura,Kota,9471030,Jayapura Selatan
9400000,Papua,9471000,Jayapura,Kota,9471040,Jayapura Utara
9500000,Papua Selatan,9501000,Merauke,Kabupaten,9501010,Kimaam
9500000,Papua Selatan,9501000,Merauke,Kabupaten,9501020,Waan
9500000,Papua Selatan,9501000,Merauke,Kabupaten,9501030,Tabonji
9500000,Papua Selatan,9501000,Merauke,Kabupaten,9501040,Ilwayab
9500000,Papua Selatan,9501000,Merauke,Kabupaten,9501050,Kontuar
9500000,Papua Selatan,9501000,Merauke,Kabupaten,9501060,Padua
9500000,Papua Selatan,9501000,Merauke,Kabupaten,9501070,Okaba
9500000,Papua Selatan,9501000,Merauke,Kabupaten,9501080,Tubang
9500000,Papua Selatan,9501000,Merauke,Kabupaten,9501090,Ngguti
9500000,Papua Selatan,9501000,Merauke,Kabupaten,9501100,Kaptel
9500000,Papua Selatan,9501000,Merauke,Kabupaten,9501110,Kurik
9500000,Papua Selatan,9501000,Merauke,Kabupaten,9501120,Malind
9500000,Papua Selatan,9501000,Merauke,Kabupaten,9501130,Animha
9500000,Papua Selatan,9501000,Merauke,Kabupaten,9501140,Merauke
9500000,Papua Selatan,9501000,Merauke,Kabupaten,9501150,Semangga
9500000,Papua Selatan,9501000,Merauke,Kabupaten,9501160,Tanah Miring
9500000,Papua Selatan,9501000,Merauke,Kabupaten,9501170,Jagebob
9500000,Papua Selatan,9501000,Merauke,Kabupaten,9501180,Sota
9500000,Papua Selatan,9501000,Merauke,Kabupaten,9501190,Naukenjerai
9500000,Papua Selatan,9501000,Merauke,Kabupaten,9501200,Muting
9500000,Papua Selatan,9501000,Merauke,Kabupaten,9501210,Eligobel
9500000,Papua Selatan,9501000,Merauke,Kabupaten,9501220,Ulilin
9500000,Papua Selatan,9502000,Boven Digoel,Kabupaten,9502010,Subur
9500000,Papua Selatan,9502000,Boven Digoel,Kabupaten,9502020,Ki
9500000,Papua Selatan,9502000,Boven Digoel,Kabupaten,9502030,Jair
9500000,Papua Selatan,9502000,Boven Digoel,Kabupaten,9502040,Fofi
9500000,Papua Selatan,9502000,Boven Digoel,Kabupaten,9502050,Mandobo
9500000,Papua Selatan,9502000,Boven Digoel,Kabupaten,9502060,Sesnuk
9500000,Papua Selatan,9502000,Boven Digoel,Kabupaten,9502070,Bomakia
9500000,Papua Selatan,9502000,Boven Digoel,Kabupaten,9502080,Kouh
9500000,Papua Selatan,9502000,Boven Digoel,Kabupaten,9502090,Kawagit
9500000,Papua Selatan,9502000,Boven Digoel,Kabupaten,9502100,Arimop
9500000,Papua Selatan,9502000,Boven Digoel,Kabupaten,9502110,Iniyandit
9500000,Papua Selatan,9502000,Boven Digoel,Kabupaten,9502120,Mindiptana
9500000,Papua Selatan,9502000,Boven Digoel,Kabupaten,9502130,Kombut
9500000,Papua Selatan,9502000,Boven Digoel,Kabupaten,9502140,Kombay
9500000,Papua Selatan,9502000,Boven Digoel,Kabupaten,9502150,Yaniruma
9500000,Papua Selatan,9502000,Boven Digoel,Kabupaten,9502160,Firiwage
9500000,Papua Selatan,9502000,Boven Digoel,Kabupaten,9502170,Manggelum
9500000,Papua Selatan,9502000,Boven Digoel,Kabupaten,9502180,Ambatkwi
9500000,Papua Selatan,9502000,Boven Digoel,Kabupaten,9502190,Waropko
9500000,Papua Selatan,9502000,Boven Digoel,Kabupaten,9502200,Ninati
9500000,Papua Selatan,9503000,Mappi,Kabupaten,9503010,Nambioman Bapai
9500000,Papua Selatan,9503000,Mappi,Kabupaten,9503020,Minyamur
9500000,Papua Selatan,9503000,Mappi,Kabupaten,9503030,Bamgi
9500000,Papua Selatan,9503000,Mappi,Kabupaten,9503040,Edera
9500000,Papua Selatan,9503000,Mappi,Kabupaten,9503050,Syahcame
9500000,Papua Selatan,9503000,Mappi,Kabupaten,9503060,Yakomi
9500000,Papua Selatan,9503000,Mappi,Kabupaten,9503070,Venaha
9500000,Papua Selatan,9503000,Mappi,Kabupaten,9503080,Haju
9500000,Papua Selatan,9503000,Mappi,Kabupaten,9503090,Obaa
9500000,Papua Selatan,9503000,Mappi,Kabupaten,9503100,Passue
9500000,Papua Selatan,9503000,Mappi,Kabupaten,9503110,Assue
9500000,Papua Selatan,9503000,Mappi,Kabupaten,9503120,Passue Bawah
9500000,Papua Selatan,9503000,Mappi,Kabupaten,9503130,Citakmitak
9500000,Papua Selatan,9503000,Mappi,Kabupaten,9503140,Kaibar
9500000,Papua Selatan,9503000,Mappi,Kabupaten,9503150,Ti-zain
9500000,Papua Selatan,9504000,Asmat,Kabupaten,9504010,Safan
9500000,Papua Selatan,9504000,Asmat,Kabupaten,9504020,Kopay
9500000,Papua Selatan,9504000,Asmat,Kabupaten,9504030,Pantai Kasuari
9500000,Papua Selatan,9504000,Asmat,Kabupaten,9504040,Der Koumur
9500000,Papua Selatan,9504000,Asmat,Kabupaten,9504050,Fayit
9500000,Papua Selatan,9504000,Asmat,Kabupaten,9504060,Aswi
9500000,Papua Selatan,9504000,Asmat,Kabupaten,9504070,Awyu
9500000,Papua Selatan,9504000,Asmat,Kabupaten,9504080,Bectbamu
9500000,Papua Selatan,9504000,Asmat,Kabupaten,9504090,Atsy
9500000,Papua Selatan,9504000,Asmat,Kabupaten,9504100,Ayip
9500000,Papua Selatan,9504000,Asmat,Kabupaten,9504110,Agats
9500000,Papua Selatan,9504000,Asmat,Kabupaten,9504120,Jetsy
9500000,Papua Selatan,9504000,Asmat,Kabupaten,9504130,Sirets
9500000,Papua Selatan,9504000,Asmat,Kabupaten,9504140,Suator
9500000,Papua Selatan,9504000,Asmat,Kabupaten,9504150,Joutu
9500000,Papua Selatan,9504000,Asmat,Kabupaten,9504160,Joerat
9500000,Papua Selatan,9504000,Asmat,Kabupaten,9504170,Unir Sirau
9500000,Papua Selatan,9504000,Asmat,Kabupaten,9504180,Akat
9500000,Papua Selatan,9504000,Asmat,Kabupaten,9504190,Sor Ep
9500000,Papua Selatan,9504000,Asmat,Kabupaten,9504200,Kolf Braza
9500000,Papua Selatan,9504000,Asmat,Kabupaten,9504210,Koroway Buluanop
9500000,Papua Selatan,9504000,Asmat,Kabupaten,9504220,Pulau Tiga
9500000,Papua Selatan,9504000,Asmat,Kabupaten,9504230,Sawa Erma
9500000,Papua Selatan,9504000,Asmat,Kabupaten,9504240,Tomor Birip
9500000,Papua Selatan,9504000,Asmat,Kabupaten,9504250,Suru-Suru
9600000,Papua Tengah,9601000,Mimika,Kabupaten,9601010,Mimika Barat
9600000,Papua Tengah,9601000,Mimika,Kabupaten,9601020,Mimika Barat Jauh
9600000,Papua Tengah,9601000,Mimika,Kabupaten,9601030,Mimika Barat Tengah
9600000,Papua Tengah,9601000,Mimika,Kabupaten,9601040,Amar
9600000,Papua Tengah,9601000,Mimika,Kabupaten,9601050,Mimika Timur
9600000,Papua Tengah,9601000,Mimika,Kabupaten,9601060,Mimika Tengah
9600000,Papua Tengah,9601000,Mimika,Kabupaten,9601070,Mimika Timur Jauh
9600000,Papua Tengah,9601000,Mimika,Kabupaten,9601080,Mimika Baru
9600000,Papua Tengah,9601000,Mimika,Kabupaten,9601090,Kuala Kencana
9600000,Papua Tengah,9601000,Mimika,Kabupaten,9601100,Tembagapura
9600000,Papua Tengah,9601000,Mimika,Kabupaten,9601110,Wania
9600000,Papua Tengah,9601000,Mimika,Kabupaten,9601120,Iwaka
9600000,Papua Tengah,9601000,Mimika,Kabupaten,9601130,Kwamki Narama
9600000,Papua Tengah,9601000,Mimika,Kabupaten,9601140,Agimuga
9600000,Papua Tengah,9601000,Mimika,Kabupaten,9601150,Jila
9600000,Papua Tengah,9601000,Mimika,Kabupaten,9601160,Jita
9600000,Papua Tengah,9601000,Mimika,Kabupaten,9601170,Alama
9600000,Papua Tengah,9601000,Mimika,Kabupaten,9601180,Hoya
9600000,Papua Tengah,9602000,Dogiyai,Kabupaten,9602010,Sukikai Selatan
9600000,Papua Tengah,9602000,Dogiyai,Kabupaten,9602020,Piyaiye
9600000,Papua Tengah,9602000,Dogiyai,Kabupaten,9602030,Mapia Barat
9600000,Papua Tengah,9602000,Dogiyai,Kabupaten,9602040,Mapia Tengah
9600000,Papua Tengah,9602000,Dogiyai,Kabupaten,9602050,Mapia
9600000,Papua Tengah,9602000,Dogiyai,Kabupaten,9602060,Dogiyai
9600000,Papua Tengah,9602000,Dogiyai,Kabupaten,9602070,Kamu Selatan
9600000,Papua Tengah,9602000,Dogiyai,Kabupaten,9602080,Kamu
9600000,Papua Tengah,9602000,Dogiyai,Kabupaten,9602090,Kamu Timur
9600000,Papua Tengah,9602000,Dogiyai,Kabupaten,9602100,Kamu Utara
9600000,Papua Tengah,9603000,Deiyai,Kabupaten,9603010,Kapiraya
9600000,Papua Tengah,9603000,Deiyai,Kabupaten,9603020,Tigi Barat
9600000,Papua Tengah,9603000,Deiyai,Kabupaten,9603030,Tigi
9600000,Papua Tengah,9603000,Deiyai,Kabupaten,9603040,Tigi Timur
9600000,Papua Tengah,9603000,Deiyai,Kabupaten,9603050,Bowobado
9600000,Papua Tengah,9604000,Nabire,Kabupaten,9604010,Menou
9600000,Papua Tengah,9604000,Nabire,Kabupaten,9604020,Dipa
9600000,Papua Tengah,9604000,Nabire,Kabupaten,9604030,Siriwo
9600000,Papua Tengah,9604000,Nabire,Kabupaten,9604040,Wapoga
9600000,Papua Tengah,9604000,Nabire,Kabupaten,9604050,Napan
9600000,Papua Tengah,9604000,Nabire,Kabupaten,9604060,Makimi
9600000,Papua Tengah,9604000,Nabire,Kabupaten,9604070,Teluk Kimi
9600000,Papua Tengah,9604000,Nabire,Kabupaten,9604080,Nabire
9600000,Papua Tengah,9604000,Nabire,Kabupaten,9604090,Uwapa
9600000,Papua Tengah,9604000,Nabire,Kabupaten,9604100,Nabire Barat
9600000,Papua Tengah,9604000,Nabire,Kabupaten,9604110,Wanggar
9600000,Papua Tengah,9604000,Nabire,Kabupaten,9604120,Yaro
9600000,Papua Tengah,9604000,Nabire,Kabupaten,9604130,Yaur
9600000,Papua Tengah,9604000,Nabire,Kabupaten,9604140,Teluk Umar
9600000,Papua Tengah,9604000,Nabire,Kabupaten,9604150,Kepulauan Moora
9600000,Papua Tengah,9605000,Paniai,Kabupaten,9605010,Bibida
9600000,Papua Tengah,9605000,Paniai,Kabupaten,9605020,Pugo Dagi
9600000,Papua Tengah,9605000,Paniai,Kabupaten,9605030,Paniai Timur
9600000,Papua Tengah,9605000,Paniai,Kabupaten,9605040,Wege Muka
9600000,Papua Tengah,9605000,Paniai,Kabupaten,9605050,Yatamo
9600000,Papua Tengah,9605000,Paniai,Kabupaten,9605060,Deiyai Miyo
9600000,Papua Tengah,9605000,Paniai,Kabupaten,9605070,Muye
9600000,Papua Tengah,9605000,Paniai,Kabupaten,9605080,Paniai Barat
9600000,Papua Tengah,9605000,Paniai,Kabupaten,9605090,Nakama
9600000,Papua Tengah,9605000,Paniai,Kabupaten,9605100,Siriwo
9600000,Papua Tengah,9605000,Paniai,Kabupaten,9605110,Baya Biru
9600000,Papua Tengah,9605000,Paniai,Kabupaten,9605120,Youtadi
9600000,Papua Tengah,9605000,Paniai,Kabupaten,9605130,Bogobaida
9600000,Papua Tengah,9605000,Paniai,Kabupaten,9605140,Aradide
9600000,Papua Tengah,9605000,Paniai,Kabupaten,9605150,Teluk Deya
9600000,Papua Tengah,9605000,Paniai,Kabupaten,9605160,Yagai
9600000,Papua Tengah,9605000,Paniai,Kabupaten,9605170,Kebo
9600000,Papua Tengah,9605000,Paniai,Kabupaten,9605180,Ekadide
9600000,Papua Tengah,9605000,Paniai,Kabupaten,9605190,Aweida
9600000,Papua Tengah,9605000,Paniai,Kabupaten,9605200,Fajar Timur
9600000,Papua Tengah,9605000,Paniai,Kabupaten,9605210,Topiyai
9600000,Papua Tengah,9605000,Paniai,Kabupaten,9605220,Wegee Bino
9600000,Papua Tengah,9605000,Paniai,Kabupaten,9605230,Dumadama
9600000,Papua Tengah,9605000,Paniai,Kabupaten,9605240,Dogomo
9600000,Papua Tengah,9606000,Intan Jaya,Kabupaten,9606010,Wandai
9600000,Papua Tengah,9606000,Intan Jaya,Kabupaten,9606020,Biandoga
9600000,Papua Tengah,9606000,Intan Jaya,Kabupaten,9606030,Hitadipa
9600000,Papua Tengah,9606000,Intan Jaya,Kabupaten,9606040,Tomosiga
9600000,Papua Tengah,9606000,Intan Jaya,Kabupaten,9606050,Agisiga
9600000,Papua Tengah,9606000,Intan Jaya,Kabupaten,9606060,Ugimba
9600000,Papua Tengah,9606000,Intan Jaya,Kabupaten,9606070,Sugapa
9600000,Papua Tengah,9606000,Intan Jaya,Kabupaten,9606080,Homeyo
9600000,Papua Tengah,9607000,Puncak,Kabupaten,9607010,Agandugume
9600000,Papua Tengah,9607000,Puncak,Kabupaten,9607020,Lambewi
9600000,Papua Tengah,9607000,Puncak,Kabupaten,9607030,Oneri
9600000,Papua Tengah,9607000,Puncak,Kabupaten,9607040,Gome
9600000,Papua Tengah,9607000,Puncak,Kabupaten,9607050,Amungkalpia
9600000,Papua Tengah,9607000,Puncak,Kabupaten,9607060,Gome Utara
9600000,Papua Tengah,9607000,Puncak,Kabupaten,9607070,Erelmakawia
9600000,Papua Tengah,9607000,Puncak,Kabupaten,9607080,Ilaga
9600000,Papua Tengah,9607000,Puncak,Kabupaten,9607090,Ilaga Utara
9600000,Papua Tengah,9607000,Puncak,Kabupaten,9607100,Mabugi
9600000,Papua Tengah,9607000,Puncak,Kabupaten,9607110,Omukia
9600000,Papua Tengah,9607000,Puncak,Kabupaten,9607120,Sinak
9600000,Papua Tengah,9607000,Puncak,Kabupaten,9607130,Sinak Barat
9600000,Papua Tengah,9607000,Puncak,Kabupaten,9607140,Mage'Abume
9600000,Papua Tengah,9607000,Puncak,Kabupaten,9607150,Yugumuak
9600000,Papua Tengah,9607000,Puncak,Kabupaten,9607160,Pogoma
9600000,Papua Tengah,9607000,Puncak,Kabupaten,9607170,Kembru
9600000,Papua Tengah,9607000,Puncak,Kabupaten,9607180,Bina
9600000,Papua Tengah,9607000,Puncak,Kabupaten,9607190,Wangbe
9600000,Papua Tengah,9607000,Puncak,Kabupaten,9607200,Ogamanin
9600000,Papua Tengah,9607000,Puncak,Kabupaten,9607210,Beoga
9600000,Papua Tengah,9607000,Puncak,Kabupaten,9607220,Beoga Barat
9600000,Papua Tengah,9607000,Puncak,Kabupaten,9607230,Beoga Timur
9600000,Papua Tengah,9607000,Puncak,Kabupaten,9607240,Douvo
9600000,Papua Tengah,9607000,Puncak,Kabupaten,9607250,Dervos
9600000,Papua Tengah,9608000,Puncak Jaya,Kabupaten,9608010,Fawi
9600000,Papua Tengah,9608000,Puncak Jaya,Kabupaten,9608020,Dagai
9600000,Papua Tengah,9608000,Puncak Jaya,Kabupaten,9608030,Torere
9600000,Papua Tengah,9608000,Puncak Jaya,Kabupaten,9608040,Lumo
9600000,Papua Tengah,9608000,Puncak Jaya,Kabupaten,9608050,Mewoluk
9600000,Papua Tengah,9608000,Puncak Jaya,Kabupaten,9608060,Molanikime
9600000,Papua Tengah,9608000,Puncak Jaya,Kabupaten,9608070,Kiyage
9600000,Papua Tengah,9608000,Puncak Jaya,Kabupaten,9608080,Wanwi
9600000,Papua Tengah,9608000,Puncak Jaya,Kabupaten,9608090,Yamo
9600000,Papua Tengah,9608000,Puncak Jaya,Kabupaten,9608100,Ilamburawi
9600000,Papua Tengah,9608000,Puncak Jaya,Kabupaten,9608110,Dokome
9600000,Papua Tengah,9608000,Puncak Jaya,Kabupaten,9608120,Irimuli
9600000,Papua Tengah,9608000,Puncak Jaya,Kabupaten,9608130,Pagaleme
9600000,Papua Tengah,9608000,Puncak Jaya,Kabupaten,9608140,Mulia
9600000,Papua Tengah,9608000,Puncak Jaya,Kabupaten,9608150,Muara
9600000,Papua Tengah,9608000,Puncak Jaya,Kabupaten,9608160,Yambi
9600000,Papua Tengah,9608000,Puncak Jaya,Kabupaten,9608170,Gurage
9600000,Papua Tengah,9608000,Puncak Jaya,Kabupaten,9608180,Tingginambut
9600000,Papua Tengah,9608000,Puncak Jaya,Kabupaten,9608190,Kalome
9600000,Papua Tengah,9608000,Puncak Jaya,Kabupaten,9608200,Waegi
9600000,Papua Tengah,9608000,Puncak Jaya,Kabupaten,9608210,Ilu
9600000,Papua Tengah,9608000,Puncak Jaya,Kabupaten,9608220,Gubume
9600000,Papua Tengah,9608000,Puncak Jaya,Kabupaten,9608230,Nioga
9600000,Papua Tengah,9608000,Puncak Jaya,Kabupaten,9608240,Yamoneri
9600000,Papua Tengah,9608000,Puncak Jaya,Kabupaten,9608250,Nume
9600000,Papua Tengah,9608000,Puncak Jaya,Kabupaten,9608260,Taganombak
9700000,Papua Pegunungan,9701000,Nduga,Kabupaten,9701010,Wosak
9700000,Papua Pegunungan,9701000,Nduga,Kabupaten,9701020,Moba
9700000,Papua Pegunungan,9701000,Nduga,Kabupaten,9701030,Pija
9700000,Papua Pegunungan,9701000,Nduga,Kabupaten,9701040,Kora
9700000,Papua Pegunungan,9701000,Nduga,Kabupaten,9701050,Kenyam
9700000,Papua Pegunungan,9701000,Nduga,Kabupaten,9701060,Mbuwa Tengah
9700000,Papua Pegunungan,9701000,Nduga,Kabupaten,9701070,Krepkuri
9700000,Papua Pegunungan,9701000,Nduga,Kabupaten,9701080,Embetpem
9700000,Papua Pegunungan,9701000,Nduga,Kabupaten,9701090,Geselma
9700000,Papua Pegunungan,9701000,Nduga,Kabupaten,9701100,Kilmid
9700000,Papua Pegunungan,9701000,Nduga,Kabupaten,9701110,Yenggelo
9700000,Papua Pegunungan,9701000,Nduga,Kabupaten,9701120,Alama
9700000,Papua Pegunungan,9701000,Nduga,Kabupaten,9701130,Meborok
9700000,Papua Pegunungan,9701000,Nduga,Kabupaten,9701140,Mapenduma
9700000,Papua Pegunungan,9701000,Nduga,Kabupaten,9701150,Kroptak
9700000,Papua Pegunungan,9701000,Nduga,Kabupaten,9701160,Paro
9700000,Papua Pegunungan,9701000,Nduga,Kabupaten,9701170,Kegayem
9700000,Papua Pegunungan,9701000,Nduga,Kabupaten,9701180,Mugi
9700000,Papua Pegunungan,9701000,Nduga,Kabupaten,9701190,Yal
9700000,Papua Pegunungan,9701000,Nduga,Kabupaten,9701200,Mam
9700000,Papua Pegunungan,9701000,Nduga,Kabupaten,9701210,Yigi
9700000,Papua Pegunungan,9701000,Nduga,Kabupaten,9701220,Dal
9700000,Papua Pegunungan,9701000,Nduga,Kabupaten,9701230,Nirkuri
9700000,Papua Pegunungan,9701000,Nduga,Kabupaten,9701240,Inikgal
9700000,Papua Pegunungan,9701000,Nduga,Kabupaten,9701250,Mbuwa
9700000,Papua Pegunungan,9701000,Nduga,Kabupaten,9701260,Iniye
9700000,Papua Pegunungan,9701000,Nduga,Kabupaten,9701270,Wutpaga
9700000,Papua Pegunungan,9701000,Nduga,Kabupaten,9701280,Nenggeangin
9700000,Papua Pegunungan,9701000,Nduga,Kabupaten,9701290,Mbulmu Yalma
9700000,Papua Pegunungan,9701000,Nduga,Kabupaten,9701300,Gearek
9700000,Papua Pegunungan,9701000,Nduga,Kabupaten,9701310,Pasir Putih
9700000,Papua Pegunungan,9701000,Nduga,Kabupaten,9701320,Wusi
9700000,Papua Pegunungan,9702000,Jayawijaya,Kabupaten,9702010,Wamena
9700000,Papua Pegunungan,9702000,Jayawijaya,Kabupaten,9702020,Asolokobal
9700000,Papua Pegunungan,9702000,Jayawijaya,Kabupaten,9702030,Walelagama
9700000,Papua Pegunungan,9702000,Jayawijaya,Kabupaten,9702040,Trikora
9700000,Papua Pegunungan,9702000,Jayawijaya,Kabupaten,9702050,Napua
9700000,Papua Pegunungan,9702000,Jayawijaya,Kabupaten,9702060,Walaik
9700000,Papua Pegunungan,9702000,Jayawijaya,Kabupaten,9702070,Wouma
9700000,Papua Pegunungan,9702000,Jayawijaya,Kabupaten,9702080,Walesi
9700000,Papua Pegunungan,9702000,Jayawijaya,Kabupaten,9702090,Asotipo
9700000,Papua Pegunungan,9702000,Jayawijaya,Kabupaten,9702100,Maima
9700000,Papua Pegunungan,9702000,Jayawijaya,Kabupaten,9702110,Hubikosi
9700000,Papua Pegunungan,9702000,Jayawijaya,Kabupaten,9702120,Pelebaga
9700000,Papua Pegunungan,9702000,Jayawijaya,Kabupaten,9702130,Ibele
9700000,Papua Pegunungan,9702000,Jayawijaya,Kabupaten,9702140,Tailarek
9700000,Papua Pegunungan,9702000,Jayawijaya,Kabupaten,9702150,Hubikiak
9700000,Papua Pegunungan,9702000,Jayawijaya,Kabupaten,9702160,Asologaima
9700000,Papua Pegunungan,9702000,Jayawijaya,Kabupaten,9702170,Musatfak
9700000,Papua Pegunungan,9702000,Jayawijaya,Kabupaten,9702180,Silo Karno Doga
9700000,Papua Pegunungan,9702000,Jayawijaya,Kabupaten,9702190,Pyramid
9700000,Papua Pegunungan,9702000,Jayawijaya,Kabupaten,9702200,Muliama
9700000,Papua Pegunungan,9702000,Jayawijaya,Kabupaten,9702210,Wame
9700000,Papua Pegunungan,9702000,Jayawijaya,Kabupaten,9702220,Kurulu
9700000,Papua Pegunungan,9702000,Jayawijaya,Kabupaten,9702230,Usilimo
9700000,Papua Pegunungan,9702000,Jayawijaya,Kabupaten,9702240,Wita Waya
9700000,Papua Pegunungan,9702000,Jayawijaya,Kabupaten,9702250,Libarek
9700000,Papua Pegunungan,9702000,Jayawijaya,Kabupaten,9702260,Wadangku
9700000,Papua Pegunungan,9702000,Jayawijaya,Kabupaten,9702270,Pisugi
9700000,Papua Pegunungan,9702000,Jayawijaya,Kabupaten,9702280,Bolakme
9700000,Papua Pegunungan,9702000,Jayawijaya,Kabupaten,9702290,Wollo
9700000,Papua Pegunungan,9702000,Jayawijaya,Kabupaten,9702300,Yalengga
9700000,Papua Pegunungan,9702000,Jayawijaya,Kabupaten,9702310,Tagime
9700000,Papua Pegunungan,9702000,Jayawijaya,Kabupaten,9702320,Molagalome
9700000,Papua Pegunungan,9702000,Jayawijaya,Kabupaten,9702330,Tagineri
9700000,Papua Pegunungan,9702000,Jayawijaya,Kabupaten,9702340,Bugi
9700000,Papua Pegunungan,9702000,Jayawijaya,Kabupaten,9702350,Bpiri
9700000,Papua Pegunungan,9702000,Jayawijaya,Kabupaten,9702360,Koragi
9700000,Papua Pegunungan,9702000,Jayawijaya,Kabupaten,9702370,Wesaput
9700000,Papua Pegunungan,9702000,Jayawijaya,Kabupaten,9702380,Siepkosi
9700000,Papua Pegunungan,9702000,Jayawijaya,Kabupaten,9702390,Itlay Hisage
9700000,Papua Pegunungan,9702000,Jayawijaya,Kabupaten,9702400,Popugoba
9700000,Papua Pegunungan,9703000,Lanny Jaya,Kabupaten,9703010,Makki
9700000,Papua Pegunungan,9703000,Lanny Jaya,Kabupaten,9703020,Gupura
9700000,Papua Pegunungan,9703000,Lanny Jaya,Kabupaten,9703030,Kolawa
9700000,Papua Pegunungan,9703000,Lanny Jaya,Kabupaten,9703040,Gelok Beam
9700000,Papua Pegunungan,9703000,Lanny Jaya,Kabupaten,9703050,Awina
9700000,Papua Pegunungan,9703000,Lanny Jaya,Kabupaten,9703060,Kully Lanny
9700000,Papua Pegunungan,9703000,Lanny Jaya,Kabupaten,9703070,Pirime
9700000,Papua Pegunungan,9703000,Lanny Jaya,Kabupaten,9703080,Buguk Gona
9700000,Papua Pegunungan,9703000,Lanny Jaya,Kabupaten,9703090,Milimbo
9700000,Papua Pegunungan,9703000,Lanny Jaya,Kabupaten,9703100,Gollo
9700000,Papua Pegunungan,9703000,Lanny Jaya,Kabupaten,9703110,Wiringgabut
9700000,Papua Pegunungan,9703000,Lanny Jaya,Kabupaten,9703120,Tiom
9700000,Papua Pegunungan,9703000,Lanny Jaya,Kabupaten,9703130,Nogi
9700000,Papua Pegunungan,9703000,Lanny Jaya,Kabupaten,9703140,Mokoni
9700000,Papua Pegunungan,9703000,Lanny Jaya,Kabupaten,9703150,Niname
9700000,Papua Pegunungan,9703000,Lanny Jaya,Kabupaten,9703160,Yiginua
9700000,Papua Pegunungan,9703000,Lanny Jaya,Kabupaten,9703170,Tiom Ollo
9700000,Papua Pegunungan,9703000,Lanny Jaya,Kabupaten,9703180,Yugungwi
9700000,Papua Pegunungan,9703000,Lanny Jaya,Kabupaten,9703190,Lannyna
9700000,Papua Pegunungan,9703000,Lanny Jaya,Kabupaten,9703200,Balingga
9700000,Papua Pegunungan,9703000,Lanny Jaya,Kabupaten,9703210,Balingga Barat
9700000,Papua Pegunungan,9703000,Lanny Jaya,Kabupaten,9703220,Bruwa
9700000,Papua Pegunungan,9703000,Lanny Jaya,Kabupaten,9703230,Ayumnati
9700000,Papua Pegunungan,9703000,Lanny Jaya,Kabupaten,9703240,Goa Balim
9700000,Papua Pegunungan,9703000,Lanny Jaya,Kabupaten,9703250,Kuyawage
9700000,Papua Pegunungan,9703000,Lanny Jaya,Kabupaten,9703260,Wano Barat
9700000,Papua Pegunungan,9703000,Lanny Jaya,Kabupaten,9703270,Malagaineri
9700000,Papua Pegunungan,9703000,Lanny Jaya,Kabupaten,9703280,Melagai
9700000,Papua Pegunungan,9703000,Lanny Jaya,Kabupaten,9703290,Tiomneri
9700000,Papua Pegunungan,9703000,Lanny Jaya,Kabupaten,9703300,Wereka
9700000,Papua Pegunungan,9703000,Lanny Jaya,Kabupaten,9703310,Dimba
9700000,Papua Pegunungan,9703000,Lanny Jaya,Kabupaten,9703320,Kelulome
9700000,Papua Pegunungan,9703000,Lanny Jaya,Kabupaten,9703330,Nikogwe
9700000,Papua Pegunungan,9703000,Lanny Jaya,Kabupaten,9703340,Gamelia
9700000,Papua Pegunungan,9703000,Lanny Jaya,Kabupaten,9703350,Karu
9700000,Papua Pegunungan,9703000,Lanny Jaya,Kabupaten,9703360,Yiluk
9700000,Papua Pegunungan,9703000,Lanny Jaya,Kabupaten,9703370,Guna
9700000,Papua Pegunungan,9703000,Lanny Jaya,Kabupaten,9703380,Poga
9700000,Papua Pegunungan,9703000,Lanny Jaya,Kabupaten,9703390,Muara
9700000,Papua Pegunungan,9704000,Tolikara,Kabupaten,9704010,Kanggime
9700000,Papua Pegunungan,9704000,Tolikara,Kabupaten,9704020,Woniki
9700000,Papua Pegunungan,9704000,Tolikara,Kabupaten,9704030,Nabunage
9700000,Papua Pegunungan,9704000,Tolikara,Kabupaten,9704040,Gilubandu
9700000,Papua Pegunungan,9704000,Tolikara,Kabupaten,9704050,Wakuo
9700000,Papua Pegunungan,9704000,Tolikara,Kabupaten,9704060,Aweku
9700000,Papua Pegunungan,9704000,Tolikara,Kabupaten,9704070,Bogonuk
9700000,Papua Pegunungan,9704000,Tolikara,Kabupaten,9704080,Karubaga
9700000,Papua Pegunungan,9704000,Tolikara,Kabupaten,9704090,Goyage
9700000,Papua Pegunungan,9704000,Tolikara,Kabupaten,9704100,Wunin
9700000,Papua Pegunungan,9704000,Tolikara,Kabupaten,9704110,Kondaga
9700000,Papua Pegunungan,9704000,Tolikara,Kabupaten,9704120,Nelawi
9700000,Papua Pegunungan,9704000,Tolikara,Kabupaten,9704130,Kuari
9700000,Papua Pegunungan,9704000,Tolikara,Kabupaten,9704140,Lianogoma
9700000,Papua Pegunungan,9704000,Tolikara,Kabupaten,9704150,Biuk
9700000,Papua Pegunungan,9704000,Tolikara,Kabupaten,9704160,Bokondini
9700000,Papua Pegunungan,9704000,Tolikara,Kabupaten,9704170,Bokoneri
9700000,Papua Pegunungan,9704000,Tolikara,Kabupaten,9704180,Bewani
9700000,Papua Pegunungan,9704000,Tolikara,Kabupaten,9704190,Kembu
9700000,Papua Pegunungan,9704000,Tolikara,Kabupaten,9704200,Wina
9700000,Papua Pegunungan,9704000,Tolikara,Kabupaten,9704210,Umagi
9700000,Papua Pegunungan,9704000,Tolikara,Kabupaten,9704220,Panaga
9700000,Papua Pegunungan,9704000,Tolikara,Kabupaten,9704230,Poganeri
9700000,Papua Pegunungan,9704000,Tolikara,Kabupaten,9704240,Kamboneri
9700000,Papua Pegunungan,9704000,Tolikara,Kabupaten,9704250,Air Garam
9700000,Papua Pegunungan,9704000,Tolikara,Kabupaten,9704260,Dow
9700000,Papua Pegunungan,9704000,Tolikara,Kabupaten,9704270,Wari / Taiyeve
9700000,Papua Pegunungan,9704000,Tolikara,Kabupaten,9704280,Egiam
9700000,Papua Pegunungan,9704000,Tolikara,Kabupaten,9704290,Nunggawi
9700000,Papua Pegunungan,9704000,Tolikara,Kabupaten,9704300,Kubu
9700000,Papua Pegunungan,9704000,Tolikara,Kabupaten,9704310,Anawi
9700000,Papua Pegunungan,9704000,Tolikara,Kabupaten,9704320,Wugi
9700000,Papua Pegunungan,9704000,Tolikara,Kabupaten,9704330,Geya
9700000,Papua Pegunungan,9704000,Tolikara,Kabupaten,9704340,Wenam
9700000,Papua Pegunungan,9704000,Tolikara,Kabupaten,9704350,Numba
9700000,Papua Pegunungan,9704000,Tolikara,Kabupaten,9704360,Kai
9700000,Papua Pegunungan,9704000,Tolikara,Kabupaten,9704370,Dundu
9700000,Papua Pegunungan,9704000,Tolikara,Kabupaten,9704380,Gundagi
9700000,Papua Pegunungan,9704000,Tolikara,Kabupaten,9704390,Timori
9700000,Papua Pegunungan,9704000,Tolikara,Kabupaten,9704400,Yuneri
9700000,Papua Pegunungan,9704000,Tolikara,Kabupaten,9704410,Tagime
9700000,Papua Pegunungan,9704000,Tolikara,Kabupaten,9704420,Danime
9700000,Papua Pegunungan,9704000,Tolikara,Kabupaten,9704430,Yuko
9700000,Papua Pegunungan,9704000,Tolikara,Kabupaten,9704440,Telenggeme
9700000,Papua Pegunungan,9704000,Tolikara,Kabupaten,9704450,Gika
9700000,Papua Pegunungan,9704000,Tolikara,Kabupaten,9704460,Tagineri
9700000,Papua Pegunungan,9705000,Mamberamo Tengah,Kabupaten,9705010,Kobakma
9700000,Papua Pegunungan,9705000,Mamberamo Tengah,Kabupaten,9705020,Ilugwa
9700000,Papua Pegunungan,9705000,Mamberamo Tengah,Kabupaten,9705030,Kelila
9700000,Papua Pegunungan,9705000,Mamberamo Tengah,Kabupaten,9705040,Eragayam
9700000,Papua Pegunungan,9705000,Mamberamo Tengah,Kabupaten,9705050,Megambilis
9700000,Papua Pegunungan,9706000,Yalimo,Kabupaten,9706010,Welarek
9700000,Papua Pegunungan,9706000,Yalimo,Kabupaten,9706020,Apalapsili
9700000,Papua Pegunungan,9706000,Yalimo,Kabupaten,9706030,Abenaho
9700000,Papua Pegunungan,9706000,Yalimo,Kabupaten,9706040,Elelim
9700000,Papua Pegunungan,9706000,Yalimo,Kabupaten,9706050,Benawa
9700000,Papua Pegunungan,9707000,Yahukimo,Kabupaten,9707010,Kurima
9700000,Papua Pegunungan,9707000,Yahukimo,Kabupaten,9707020,Musaik
9700000,Papua Pegunungan,9707000,Yahukimo,Kabupaten,9707030,Dekai
9700000,Papua Pegunungan,9707000,Yahukimo,Kabupaten,9707040,Obio
9700000,Papua Pegunungan,9707000,Yahukimo,Kabupaten,9707050,Pasema
9700000,Papua Pegunungan,9707000,Yahukimo,Kabupaten,9707060,Amuma
9700000,Papua Pegunungan,9707000,Yahukimo,Kabupaten,9707070,Suru-suru
9700000,Papua Pegunungan,9707000,Yahukimo,Kabupaten,9707080,Wusama
9700000,Papua Pegunungan,9707000,Yahukimo,Kabupaten,9707090,Silimo
9700000,Papua Pegunungan,9707000,Yahukimo,Kabupaten,9707100,Ninia
9700000,Papua Pegunungan,9707000,Yahukimo,Kabupaten,9707110,Holuwon
9700000,Papua Pegunungan,9707000,Yahukimo,Kabupaten,9707120,Lolat
9700000,Papua Pegunungan,9707000,Yahukimo,Kabupaten,9707130,Langda
9700000,Papua Pegunungan,9707000,Yahukimo,Kabupaten,9707140,Bomela
9700000,Papua Pegunungan,9707000,Yahukimo,Kabupaten,9707150,Suntamon
9700000,Papua Pegunungan,9707000,Yahukimo,Kabupaten,9707160,Sobaham
9700000,Papua Pegunungan,9707000,Yahukimo,Kabupaten,9707170,Korupun
9700000,Papua Pegunungan,9707000,Yahukimo,Kabupaten,9707180,Sela
9700000,Papua Pegunungan,9707000,Yahukimo,Kabupaten,9707190,Kwelamdua
9700000,Papua Pegunungan,9707000,Yahukimo,Kabupaten,9707200,Anggruk
9700000,Papua Pegunungan,9707000,Yahukimo,Kabupaten,9707210,Panggema
9700000,Papua Pegunungan,9707000,Yahukimo,Kabupaten,9707220,Walma
9700000,Papua Pegunungan,9707000,Yahukimo,Kabupaten,9707230,Kosarek
9700000,Papua Pegunungan,9707000,Yahukimo,Kabupaten,9707240,Ubahak
9700000,Papua Pegunungan,9707000,Yahukimo,Kabupaten,9707250,Nalca
9700000,Papua Pegunungan,9707000,Yahukimo,Kabupaten,9707260,Puldama
9700000,Papua Pegunungan,9707000,Yahukimo,Kabupaten,9707270,Nipsan
9700000,Papua Pegunungan,9707000,Yahukimo,Kabupaten,9707280,Samenage
9700000,Papua Pegunungan,9707000,Yahukimo,Kabupaten,9707290,Tangma
9700000,Papua Pegunungan,9707000,Yahukimo,Kabupaten,9707300,Soba
9700000,Papua Pegunungan,9707000,Yahukimo,Kabupaten,9707310,Mugi
9700000,Papua Pegunungan,9707000,Yahukimo,Kabupaten,9707320,Yogosem
9700000,Papua Pegunungan,9707000,Yahukimo,Kabupaten,9707330,Kayo
9700000,Papua Pegunungan,9707000,Yahukimo,Kabupaten,9707340,Sumo
9700000,Papua Pegunungan,9707000,Yahukimo,Kabupaten,9707350,Hogio
9700000,Papua Pegunungan,9707000,Yahukimo,Kabupaten,9707360,Ukha
9700000,Papua Pegunungan,9707000,Yahukimo,Kabupaten,9707370,Werima
9700000,Papua Pegunungan,9707000,Yahukimo,Kabupaten,9707380,Soloikma
9700000,Papua Pegunungan,9707000,Yahukimo,Kabupaten,9707390,Seradala
9700000,Papua Pegunungan,9707000,Yahukimo,Kabupaten,9707400,Kabianggama
9700000,Papua Pegunungan,9707000,Yahukimo,Kabupaten,9707410,Kwikma
9700000,Papua Pegunungan,9707000,Yahukimo,Kabupaten,9707420,Hilipuk
9700000,Papua Pegunungan,9707000,Yahukimo,Kabupaten,9707430,Yahuliambut
9700000,Papua Pegunungan,9707000,Yahukimo,Kabupaten,9707440,Hereapini
9700000,Papua Pegunungan,9707000,Yahukimo,Kabupaten,9707450,Ubalihi
9700000,Papua Pegunungan,9707000,Yahukimo,Kabupaten,9707460,Talambo
9700000,Papua Pegunungan,9707000,Yahukimo,Kabupaten,9707470,Pronggoli
9700000,Papua Pegunungan,9707000,Yahukimo,Kabupaten,9707480,Endomen
9700000,Papua Pegunungan,9707000,Yahukimo,Kabupaten,9707490,Kona
9700000,Papua Pegunungan,9707000,Yahukimo,Kabupaten,9707500,Duram
9700000,Papua Pegunungan,9707000,Yahukimo,Kabupaten,9707510,Dirwemna
9700000,Papua Pegunungan,9708000,Pegunungan Bintang,Kabupaten,9708010,Iwur
9700000,Papua Pegunungan,9708000,Pegunungan Bintang,Kabupaten,9708020,Kawor
9700000,Papua Pegunungan,9708000,Pegunungan Bintang,Kabupaten,9708030,Tarup
9700000,Papua Pegunungan,9708000,Pegunungan Bintang,Kabupaten,9708040,Awinbon
9700000,Papua Pegunungan,9708000,Pegunungan Bintang,Kabupaten,9708050,Oksibil
9700000,Papua Pegunungan,9708000,Pegunungan Bintang,Kabupaten,9708060,Pepera
9700000,Papua Pegunungan,9708000,Pegunungan Bintang,Kabupaten,9708070,Alemsom
9700000,Papua Pegunungan,9708000,Pegunungan Bintang,Kabupaten,9708080,Serambakon
9700000,Papua Pegunungan,9708000,Pegunungan Bintang,Kabupaten,9708090,Kalomdol
9700000,Papua Pegunungan,9708000,Pegunungan Bintang,Kabupaten,9708100,Oksop
9700000,Papua Pegunungan,9708000,Pegunungan Bintang,Kabupaten,9708110,Okbape
9700000,Papua Pegunungan,9708000,Pegunungan Bintang,Kabupaten,9708120,Ok Aom
9700000,Papua Pegunungan,9708000,Pegunungan Bintang,Kabupaten,9708130,Borme
9700000,Papua Pegunungan,9708000,Pegunungan Bintang,Kabupaten,9708140,Bime
9700000,Papua Pegunungan,9708000,Pegunungan Bintang,Kabupaten,9708150,Eipumek
9700000,Papua Pegunungan,9708000,Pegunungan Bintang,Kabupaten,9708160,Weime
9700000,Papua Pegunungan,9708000,Pegunungan Bintang,Kabupaten,9708170,Pamek
9700000,Papua Pegunungan,9708000,Pegunungan Bintang,Kabupaten,9708180,Nongme
9700000,Papua Pegunungan,9708000,Pegunungan Bintang,Kabupaten,9708190,Batani
9700000,Papua Pegunungan,9708000,Pegunungan Bintang,Kabupaten,9708200,Okbibab
9700000,Papua Pegunungan,9708000,Pegunungan Bintang,Kabupaten,9708210,Aboy
9700000,Papua Pegunungan,9708000,Pegunungan Bintang,Kabupaten,9708220,Okbab
9700000,Papua Pegunungan,9708000,Pegunungan Bintang,Kabupaten,9708230,Teiraplu
9700000,Papua Pegunungan,9708000,Pegunungan Bintang,Kabupaten,9708240,Jetfa
9700000,Papua Pegunungan,9708000,Pegunungan Bintang,Kabupaten,9708250,Kiwirok
9700000,Papua Pegunungan,9708000,Pegunungan Bintang,Kabupaten,9708260,Kiwirok Timur
9700000,Papua Pegunungan,9708000,Pegunungan Bintang,Kabupaten,9708270,Oksebang
9700000,Papua Pegunungan,9708000,Pegunungan Bintang,Kabupaten,9708280,Okhika
9700000,Papua Pegunungan,9708000,Pegunungan Bintang,Kabupaten,9708290,Oklip
9700000,Papua Pegunungan,9708000,Pegunungan Bintang,Kabupaten,9708300,Oksamol
9700000,Papua Pegunungan,9708000,Pegunungan Bintang,Kabupaten,9708310,Okbemtau
9700000,Papua Pegunungan,9708000,Pegunungan Bintang,Kabupaten,9708320,Batom
9700000,Papua Pegunungan,9708000,Pegunungan Bintang,Kabupaten,9708330,Murkim
9700000,Papua Pegunungan,9708000,Pegunungan Bintang,Kabupaten,9708340,Mofinop
